Copyright 1986-2022 Xilinx, Inc. All Rights Reserved. Copyright 2022-2023 Advanced Micro Devices, Inc. All Rights Reserved.
--------------------------------------------------------------------------------------------------------------------------------------------------------------------------------------------
| Tool Version : Vivado v.2023.2 (lin64) Build 4029153 Fri Oct 13 20:13:54 MDT 2023
| Date         : Sun Sep 27 20:00:41 2026
| Host         : ececomp1.ecn.purdue.edu running 64-bit Oracle Linux Server release 8.10
| Command      : report_methodology -file perspective_divide_methodology_drc_routed.rpt -pb perspective_divide_methodology_drc_routed.pb -rpx perspective_divide_methodology_drc_routed.rpx
| Design       : perspective_divide
| Device       : xc7s50csga324-1
| Speed File   : -1
| Design State : Fully Routed
--------------------------------------------------------------------------------------------------------------------------------------------------------------------------------------------

Report Methodology

Table of Contents
-----------------
1. REPORT SUMMARY
2. REPORT DETAILS

1. REPORT SUMMARY
-----------------
            Netlist: netlist
          Floorplan: design_1
      Design limits: <entire design considered>
             Max violations: <unlimited>
             Violations found: 1336
+-----------+------------------+-----------------------------+------------+
| Rule      | Severity         | Description                 | Violations |
+-----------+------------------+-----------------------------+------------+
| TIMING-17 | Critical Warning | Non-clocked sequential cell | 719        |
| DPIR-1    | Warning          | Asynchronous driver check   | 617        |
+-----------+------------------+-----------------------------+------------+

2. REPORT DETAILS
-----------------
TIMING-17#1 Critical Warning
Non-clocked sequential cell  
The clock pin MULTIPLY/out_div_zero_reg/C is not reached by a timing clock
Related violations: <none>

TIMING-17#2 Critical Warning
Non-clocked sequential cell  
The clock pin MULTIPLY/out_valid_reg/C is not reached by a timing clock
Related violations: <none>

TIMING-17#3 Critical Warning
Non-clocked sequential cell  
The clock pin MULTIPLY/x_product0__0/CLK is not reached by a timing clock
Related violations: <none>

TIMING-17#4 Critical Warning
Non-clocked sequential cell  
The clock pin MULTIPLY/y_product0__0/CLK is not reached by a timing clock
Related violations: <none>

TIMING-17#5 Critical Warning
Non-clocked sequential cell  
The clock pin MULTIPLY/z_product0__0/CLK is not reached by a timing clock
Related violations: <none>

TIMING-17#6 Critical Warning
Non-clocked sequential cell  
The clock pin RECIPROCAL/FIRST_ITERATION/FIRST_MULTIPLY/high_product0/CLK is not reached by a timing clock
Related violations: <none>

TIMING-17#7 Critical Warning
Non-clocked sequential cell  
The clock pin RECIPROCAL/FIRST_ITERATION/FIRST_MULTIPLY/low_product0/CLK is not reached by a timing clock
Related violations: <none>

TIMING-17#8 Critical Warning
Non-clocked sequential cell  
The clock pin RECIPROCAL/FIRST_ITERATION/FIRST_MULTIPLY/product_reg[23]/C is not reached by a timing clock
Related violations: <none>

TIMING-17#9 Critical Warning
Non-clocked sequential cell  
The clock pin RECIPROCAL/FIRST_ITERATION/FIRST_MULTIPLY/product_reg[24]/C is not reached by a timing clock
Related violations: <none>

TIMING-17#10 Critical Warning
Non-clocked sequential cell  
The clock pin RECIPROCAL/FIRST_ITERATION/FIRST_MULTIPLY/product_reg[25]/C is not reached by a timing clock
Related violations: <none>

TIMING-17#11 Critical Warning
Non-clocked sequential cell  
The clock pin RECIPROCAL/FIRST_ITERATION/FIRST_MULTIPLY/product_reg[26]/C is not reached by a timing clock
Related violations: <none>

TIMING-17#12 Critical Warning
Non-clocked sequential cell  
The clock pin RECIPROCAL/FIRST_ITERATION/FIRST_MULTIPLY/product_reg[27]/C is not reached by a timing clock
Related violations: <none>

TIMING-17#13 Critical Warning
Non-clocked sequential cell  
The clock pin RECIPROCAL/FIRST_ITERATION/FIRST_MULTIPLY/product_reg[28]/C is not reached by a timing clock
Related violations: <none>

TIMING-17#14 Critical Warning
Non-clocked sequential cell  
The clock pin RECIPROCAL/FIRST_ITERATION/FIRST_MULTIPLY/product_reg[29]/C is not reached by a timing clock
Related violations: <none>

TIMING-17#15 Critical Warning
Non-clocked sequential cell  
The clock pin RECIPROCAL/FIRST_ITERATION/FIRST_MULTIPLY/product_reg[30]/C is not reached by a timing clock
Related violations: <none>

TIMING-17#16 Critical Warning
Non-clocked sequential cell  
The clock pin RECIPROCAL/FIRST_ITERATION/FIRST_MULTIPLY/product_reg[31]/C is not reached by a timing clock
Related violations: <none>

TIMING-17#17 Critical Warning
Non-clocked sequential cell  
The clock pin RECIPROCAL/FIRST_ITERATION/FIRST_MULTIPLY/product_reg[32]/C is not reached by a timing clock
Related violations: <none>

TIMING-17#18 Critical Warning
Non-clocked sequential cell  
The clock pin RECIPROCAL/FIRST_ITERATION/FIRST_MULTIPLY/product_reg[33]/C is not reached by a timing clock
Related violations: <none>

TIMING-17#19 Critical Warning
Non-clocked sequential cell  
The clock pin RECIPROCAL/FIRST_ITERATION/FIRST_MULTIPLY/product_reg[34]/C is not reached by a timing clock
Related violations: <none>

TIMING-17#20 Critical Warning
Non-clocked sequential cell  
The clock pin RECIPROCAL/FIRST_ITERATION/FIRST_MULTIPLY/product_reg[35]/C is not reached by a timing clock
Related violations: <none>

TIMING-17#21 Critical Warning
Non-clocked sequential cell  
The clock pin RECIPROCAL/FIRST_ITERATION/FIRST_MULTIPLY/product_reg[36]/C is not reached by a timing clock
Related violations: <none>

TIMING-17#22 Critical Warning
Non-clocked sequential cell  
The clock pin RECIPROCAL/FIRST_ITERATION/FIRST_MULTIPLY/product_reg[37]/C is not reached by a timing clock
Related violations: <none>

TIMING-17#23 Critical Warning
Non-clocked sequential cell  
The clock pin RECIPROCAL/FIRST_ITERATION/FIRST_MULTIPLY/product_reg[38]/C is not reached by a timing clock
Related violations: <none>

TIMING-17#24 Critical Warning
Non-clocked sequential cell  
The clock pin RECIPROCAL/FIRST_ITERATION/FIRST_MULTIPLY/product_reg[39]/C is not reached by a timing clock
Related violations: <none>

TIMING-17#25 Critical Warning
Non-clocked sequential cell  
The clock pin RECIPROCAL/FIRST_ITERATION/FIRST_MULTIPLY/product_reg[40]/C is not reached by a timing clock
Related violations: <none>

TIMING-17#26 Critical Warning
Non-clocked sequential cell  
The clock pin RECIPROCAL/FIRST_ITERATION/FIRST_MULTIPLY/product_reg[41]/C is not reached by a timing clock
Related violations: <none>

TIMING-17#27 Critical Warning
Non-clocked sequential cell  
The clock pin RECIPROCAL/FIRST_ITERATION/FIRST_MULTIPLY/product_reg[42]/C is not reached by a timing clock
Related violations: <none>

TIMING-17#28 Critical Warning
Non-clocked sequential cell  
The clock pin RECIPROCAL/FIRST_ITERATION/FIRST_MULTIPLY/product_reg[43]/C is not reached by a timing clock
Related violations: <none>

TIMING-17#29 Critical Warning
Non-clocked sequential cell  
The clock pin RECIPROCAL/FIRST_ITERATION/FIRST_MULTIPLY/product_reg[44]/C is not reached by a timing clock
Related violations: <none>

TIMING-17#30 Critical Warning
Non-clocked sequential cell  
The clock pin RECIPROCAL/FIRST_ITERATION/FIRST_MULTIPLY/product_reg[45]/C is not reached by a timing clock
Related violations: <none>

TIMING-17#31 Critical Warning
Non-clocked sequential cell  
The clock pin RECIPROCAL/FIRST_ITERATION/FIRST_MULTIPLY/product_reg[46]/C is not reached by a timing clock
Related violations: <none>

TIMING-17#32 Critical Warning
Non-clocked sequential cell  
The clock pin RECIPROCAL/FIRST_ITERATION/FIRST_MULTIPLY/product_reg[47]/C is not reached by a timing clock
Related violations: <none>

TIMING-17#33 Critical Warning
Non-clocked sequential cell  
The clock pin RECIPROCAL/FIRST_ITERATION/SECOND_MULTIPLY/high_product0/CLK is not reached by a timing clock
Related violations: <none>

TIMING-17#34 Critical Warning
Non-clocked sequential cell  
The clock pin RECIPROCAL/FIRST_ITERATION/SECOND_MULTIPLY/low_product0/CLK is not reached by a timing clock
Related violations: <none>

TIMING-17#35 Critical Warning
Non-clocked sequential cell  
The clock pin RECIPROCAL/FIRST_ITERATION/SECOND_MULTIPLY/product_reg[23]/C is not reached by a timing clock
Related violations: <none>

TIMING-17#36 Critical Warning
Non-clocked sequential cell  
The clock pin RECIPROCAL/FIRST_ITERATION/SECOND_MULTIPLY/product_reg[24]/C is not reached by a timing clock
Related violations: <none>

TIMING-17#37 Critical Warning
Non-clocked sequential cell  
The clock pin RECIPROCAL/FIRST_ITERATION/SECOND_MULTIPLY/product_reg[25]/C is not reached by a timing clock
Related violations: <none>

TIMING-17#38 Critical Warning
Non-clocked sequential cell  
The clock pin RECIPROCAL/FIRST_ITERATION/SECOND_MULTIPLY/product_reg[26]/C is not reached by a timing clock
Related violations: <none>

TIMING-17#39 Critical Warning
Non-clocked sequential cell  
The clock pin RECIPROCAL/FIRST_ITERATION/SECOND_MULTIPLY/product_reg[27]/C is not reached by a timing clock
Related violations: <none>

TIMING-17#40 Critical Warning
Non-clocked sequential cell  
The clock pin RECIPROCAL/FIRST_ITERATION/SECOND_MULTIPLY/product_reg[28]/C is not reached by a timing clock
Related violations: <none>

TIMING-17#41 Critical Warning
Non-clocked sequential cell  
The clock pin RECIPROCAL/FIRST_ITERATION/SECOND_MULTIPLY/product_reg[29]/C is not reached by a timing clock
Related violations: <none>

TIMING-17#42 Critical Warning
Non-clocked sequential cell  
The clock pin RECIPROCAL/FIRST_ITERATION/SECOND_MULTIPLY/product_reg[30]/C is not reached by a timing clock
Related violations: <none>

TIMING-17#43 Critical Warning
Non-clocked sequential cell  
The clock pin RECIPROCAL/FIRST_ITERATION/SECOND_MULTIPLY/product_reg[31]/C is not reached by a timing clock
Related violations: <none>

TIMING-17#44 Critical Warning
Non-clocked sequential cell  
The clock pin RECIPROCAL/FIRST_ITERATION/SECOND_MULTIPLY/product_reg[32]/C is not reached by a timing clock
Related violations: <none>

TIMING-17#45 Critical Warning
Non-clocked sequential cell  
The clock pin RECIPROCAL/FIRST_ITERATION/SECOND_MULTIPLY/product_reg[33]/C is not reached by a timing clock
Related violations: <none>

TIMING-17#46 Critical Warning
Non-clocked sequential cell  
The clock pin RECIPROCAL/FIRST_ITERATION/SECOND_MULTIPLY/product_reg[34]/C is not reached by a timing clock
Related violations: <none>

TIMING-17#47 Critical Warning
Non-clocked sequential cell  
The clock pin RECIPROCAL/FIRST_ITERATION/SECOND_MULTIPLY/product_reg[35]/C is not reached by a timing clock
Related violations: <none>

TIMING-17#48 Critical Warning
Non-clocked sequential cell  
The clock pin RECIPROCAL/FIRST_ITERATION/SECOND_MULTIPLY/product_reg[36]/C is not reached by a timing clock
Related violations: <none>

TIMING-17#49 Critical Warning
Non-clocked sequential cell  
The clock pin RECIPROCAL/FIRST_ITERATION/SECOND_MULTIPLY/product_reg[37]/C is not reached by a timing clock
Related violations: <none>

TIMING-17#50 Critical Warning
Non-clocked sequential cell  
The clock pin RECIPROCAL/FIRST_ITERATION/SECOND_MULTIPLY/product_reg[38]/C is not reached by a timing clock
Related violations: <none>

TIMING-17#51 Critical Warning
Non-clocked sequential cell  
The clock pin RECIPROCAL/FIRST_ITERATION/SECOND_MULTIPLY/product_reg[39]/C is not reached by a timing clock
Related violations: <none>

TIMING-17#52 Critical Warning
Non-clocked sequential cell  
The clock pin RECIPROCAL/FIRST_ITERATION/SECOND_MULTIPLY/product_reg[40]/C is not reached by a timing clock
Related violations: <none>

TIMING-17#53 Critical Warning
Non-clocked sequential cell  
The clock pin RECIPROCAL/FIRST_ITERATION/SECOND_MULTIPLY/product_reg[41]/C is not reached by a timing clock
Related violations: <none>

TIMING-17#54 Critical Warning
Non-clocked sequential cell  
The clock pin RECIPROCAL/FIRST_ITERATION/SECOND_MULTIPLY/product_reg[42]/C is not reached by a timing clock
Related violations: <none>

TIMING-17#55 Critical Warning
Non-clocked sequential cell  
The clock pin RECIPROCAL/FIRST_ITERATION/SECOND_MULTIPLY/product_reg[43]/C is not reached by a timing clock
Related violations: <none>

TIMING-17#56 Critical Warning
Non-clocked sequential cell  
The clock pin RECIPROCAL/FIRST_ITERATION/SECOND_MULTIPLY/product_reg[44]/C is not reached by a timing clock
Related violations: <none>

TIMING-17#57 Critical Warning
Non-clocked sequential cell  
The clock pin RECIPROCAL/FIRST_ITERATION/SECOND_MULTIPLY/product_reg[45]/C is not reached by a timing clock
Related violations: <none>

TIMING-17#58 Critical Warning
Non-clocked sequential cell  
The clock pin RECIPROCAL/FIRST_ITERATION/SECOND_MULTIPLY/product_reg[46]/C is not reached by a timing clock
Related violations: <none>

TIMING-17#59 Critical Warning
Non-clocked sequential cell  
The clock pin RECIPROCAL/FIRST_ITERATION/guess_delay_reg[0][0]/C is not reached by a timing clock
Related violations: <none>

TIMING-17#60 Critical Warning
Non-clocked sequential cell  
The clock pin RECIPROCAL/FIRST_ITERATION/guess_delay_reg[0][10]/C is not reached by a timing clock
Related violations: <none>

TIMING-17#61 Critical Warning
Non-clocked sequential cell  
The clock pin RECIPROCAL/FIRST_ITERATION/guess_delay_reg[0][11]/C is not reached by a timing clock
Related violations: <none>

TIMING-17#62 Critical Warning
Non-clocked sequential cell  
The clock pin RECIPROCAL/FIRST_ITERATION/guess_delay_reg[0][12]/C is not reached by a timing clock
Related violations: <none>

TIMING-17#63 Critical Warning
Non-clocked sequential cell  
The clock pin RECIPROCAL/FIRST_ITERATION/guess_delay_reg[0][13]/C is not reached by a timing clock
Related violations: <none>

TIMING-17#64 Critical Warning
Non-clocked sequential cell  
The clock pin RECIPROCAL/FIRST_ITERATION/guess_delay_reg[0][14]/C is not reached by a timing clock
Related violations: <none>

TIMING-17#65 Critical Warning
Non-clocked sequential cell  
The clock pin RECIPROCAL/FIRST_ITERATION/guess_delay_reg[0][15]/C is not reached by a timing clock
Related violations: <none>

TIMING-17#66 Critical Warning
Non-clocked sequential cell  
The clock pin RECIPROCAL/FIRST_ITERATION/guess_delay_reg[0][16]/C is not reached by a timing clock
Related violations: <none>

TIMING-17#67 Critical Warning
Non-clocked sequential cell  
The clock pin RECIPROCAL/FIRST_ITERATION/guess_delay_reg[0][17]/C is not reached by a timing clock
Related violations: <none>

TIMING-17#68 Critical Warning
Non-clocked sequential cell  
The clock pin RECIPROCAL/FIRST_ITERATION/guess_delay_reg[0][18]/C is not reached by a timing clock
Related violations: <none>

TIMING-17#69 Critical Warning
Non-clocked sequential cell  
The clock pin RECIPROCAL/FIRST_ITERATION/guess_delay_reg[0][19]/C is not reached by a timing clock
Related violations: <none>

TIMING-17#70 Critical Warning
Non-clocked sequential cell  
The clock pin RECIPROCAL/FIRST_ITERATION/guess_delay_reg[0][1]/C is not reached by a timing clock
Related violations: <none>

TIMING-17#71 Critical Warning
Non-clocked sequential cell  
The clock pin RECIPROCAL/FIRST_ITERATION/guess_delay_reg[0][20]/C is not reached by a timing clock
Related violations: <none>

TIMING-17#72 Critical Warning
Non-clocked sequential cell  
The clock pin RECIPROCAL/FIRST_ITERATION/guess_delay_reg[0][21]/C is not reached by a timing clock
Related violations: <none>

TIMING-17#73 Critical Warning
Non-clocked sequential cell  
The clock pin RECIPROCAL/FIRST_ITERATION/guess_delay_reg[0][22]/C is not reached by a timing clock
Related violations: <none>

TIMING-17#74 Critical Warning
Non-clocked sequential cell  
The clock pin RECIPROCAL/FIRST_ITERATION/guess_delay_reg[0][2]/C is not reached by a timing clock
Related violations: <none>

TIMING-17#75 Critical Warning
Non-clocked sequential cell  
The clock pin RECIPROCAL/FIRST_ITERATION/guess_delay_reg[0][3]/C is not reached by a timing clock
Related violations: <none>

TIMING-17#76 Critical Warning
Non-clocked sequential cell  
The clock pin RECIPROCAL/FIRST_ITERATION/guess_delay_reg[0][4]/C is not reached by a timing clock
Related violations: <none>

TIMING-17#77 Critical Warning
Non-clocked sequential cell  
The clock pin RECIPROCAL/FIRST_ITERATION/guess_delay_reg[0][5]/C is not reached by a timing clock
Related violations: <none>

TIMING-17#78 Critical Warning
Non-clocked sequential cell  
The clock pin RECIPROCAL/FIRST_ITERATION/guess_delay_reg[0][6]/C is not reached by a timing clock
Related violations: <none>

TIMING-17#79 Critical Warning
Non-clocked sequential cell  
The clock pin RECIPROCAL/FIRST_ITERATION/guess_delay_reg[0][7]/C is not reached by a timing clock
Related violations: <none>

TIMING-17#80 Critical Warning
Non-clocked sequential cell  
The clock pin RECIPROCAL/FIRST_ITERATION/guess_delay_reg[0][8]/C is not reached by a timing clock
Related violations: <none>

TIMING-17#81 Critical Warning
Non-clocked sequential cell  
The clock pin RECIPROCAL/FIRST_ITERATION/guess_delay_reg[0][9]/C is not reached by a timing clock
Related violations: <none>

TIMING-17#82 Critical Warning
Non-clocked sequential cell  
The clock pin RECIPROCAL/FIRST_ITERATION/guess_delay_reg[1][0]/C is not reached by a timing clock
Related violations: <none>

TIMING-17#83 Critical Warning
Non-clocked sequential cell  
The clock pin RECIPROCAL/FIRST_ITERATION/guess_delay_reg[1][10]/C is not reached by a timing clock
Related violations: <none>

TIMING-17#84 Critical Warning
Non-clocked sequential cell  
The clock pin RECIPROCAL/FIRST_ITERATION/guess_delay_reg[1][11]/C is not reached by a timing clock
Related violations: <none>

TIMING-17#85 Critical Warning
Non-clocked sequential cell  
The clock pin RECIPROCAL/FIRST_ITERATION/guess_delay_reg[1][12]/C is not reached by a timing clock
Related violations: <none>

TIMING-17#86 Critical Warning
Non-clocked sequential cell  
The clock pin RECIPROCAL/FIRST_ITERATION/guess_delay_reg[1][13]/C is not reached by a timing clock
Related violations: <none>

TIMING-17#87 Critical Warning
Non-clocked sequential cell  
The clock pin RECIPROCAL/FIRST_ITERATION/guess_delay_reg[1][14]/C is not reached by a timing clock
Related violations: <none>

TIMING-17#88 Critical Warning
Non-clocked sequential cell  
The clock pin RECIPROCAL/FIRST_ITERATION/guess_delay_reg[1][15]/C is not reached by a timing clock
Related violations: <none>

TIMING-17#89 Critical Warning
Non-clocked sequential cell  
The clock pin RECIPROCAL/FIRST_ITERATION/guess_delay_reg[1][16]/C is not reached by a timing clock
Related violations: <none>

TIMING-17#90 Critical Warning
Non-clocked sequential cell  
The clock pin RECIPROCAL/FIRST_ITERATION/guess_delay_reg[1][17]/C is not reached by a timing clock
Related violations: <none>

TIMING-17#91 Critical Warning
Non-clocked sequential cell  
The clock pin RECIPROCAL/FIRST_ITERATION/guess_delay_reg[1][18]/C is not reached by a timing clock
Related violations: <none>

TIMING-17#92 Critical Warning
Non-clocked sequential cell  
The clock pin RECIPROCAL/FIRST_ITERATION/guess_delay_reg[1][19]/C is not reached by a timing clock
Related violations: <none>

TIMING-17#93 Critical Warning
Non-clocked sequential cell  
The clock pin RECIPROCAL/FIRST_ITERATION/guess_delay_reg[1][1]/C is not reached by a timing clock
Related violations: <none>

TIMING-17#94 Critical Warning
Non-clocked sequential cell  
The clock pin RECIPROCAL/FIRST_ITERATION/guess_delay_reg[1][20]/C is not reached by a timing clock
Related violations: <none>

TIMING-17#95 Critical Warning
Non-clocked sequential cell  
The clock pin RECIPROCAL/FIRST_ITERATION/guess_delay_reg[1][21]/C is not reached by a timing clock
Related violations: <none>

TIMING-17#96 Critical Warning
Non-clocked sequential cell  
The clock pin RECIPROCAL/FIRST_ITERATION/guess_delay_reg[1][22]/C is not reached by a timing clock
Related violations: <none>

TIMING-17#97 Critical Warning
Non-clocked sequential cell  
The clock pin RECIPROCAL/FIRST_ITERATION/guess_delay_reg[1][2]/C is not reached by a timing clock
Related violations: <none>

TIMING-17#98 Critical Warning
Non-clocked sequential cell  
The clock pin RECIPROCAL/FIRST_ITERATION/guess_delay_reg[1][3]/C is not reached by a timing clock
Related violations: <none>

TIMING-17#99 Critical Warning
Non-clocked sequential cell  
The clock pin RECIPROCAL/FIRST_ITERATION/guess_delay_reg[1][4]/C is not reached by a timing clock
Related violations: <none>

TIMING-17#100 Critical Warning
Non-clocked sequential cell  
The clock pin RECIPROCAL/FIRST_ITERATION/guess_delay_reg[1][5]/C is not reached by a timing clock
Related violations: <none>

TIMING-17#101 Critical Warning
Non-clocked sequential cell  
The clock pin RECIPROCAL/FIRST_ITERATION/guess_delay_reg[1][6]/C is not reached by a timing clock
Related violations: <none>

TIMING-17#102 Critical Warning
Non-clocked sequential cell  
The clock pin RECIPROCAL/FIRST_ITERATION/guess_delay_reg[1][7]/C is not reached by a timing clock
Related violations: <none>

TIMING-17#103 Critical Warning
Non-clocked sequential cell  
The clock pin RECIPROCAL/FIRST_ITERATION/guess_delay_reg[1][8]/C is not reached by a timing clock
Related violations: <none>

TIMING-17#104 Critical Warning
Non-clocked sequential cell  
The clock pin RECIPROCAL/FIRST_ITERATION/guess_delay_reg[1][9]/C is not reached by a timing clock
Related violations: <none>

TIMING-17#105 Critical Warning
Non-clocked sequential cell  
The clock pin RECIPROCAL/FIRST_ITERATION/valid_delay_reg_c/C is not reached by a timing clock
Related violations: <none>

TIMING-17#106 Critical Warning
Non-clocked sequential cell  
The clock pin RECIPROCAL/FIRST_ITERATION/valid_delay_reg_c_0/C is not reached by a timing clock
Related violations: <none>

TIMING-17#107 Critical Warning
Non-clocked sequential cell  
The clock pin RECIPROCAL/FIRST_ITERATION/valid_delay_reg_c_1/C is not reached by a timing clock
Related violations: <none>

TIMING-17#108 Critical Warning
Non-clocked sequential cell  
The clock pin RECIPROCAL/FIRST_ITERATION/valid_delay_reg_c_2/C is not reached by a timing clock
Related violations: <none>

TIMING-17#109 Critical Warning
Non-clocked sequential cell  
The clock pin RECIPROCAL/FIRST_ITERATION/value_delay_reg[1][0]_srl2_RECIPROCAL_nr_valid_reg_c/CLK is not reached by a timing clock
Related violations: <none>

TIMING-17#110 Critical Warning
Non-clocked sequential cell  
The clock pin RECIPROCAL/FIRST_ITERATION/value_delay_reg[1][10]_srl2_RECIPROCAL_nr_valid_reg_c/CLK is not reached by a timing clock
Related violations: <none>

TIMING-17#111 Critical Warning
Non-clocked sequential cell  
The clock pin RECIPROCAL/FIRST_ITERATION/value_delay_reg[1][11]_srl2_RECIPROCAL_nr_valid_reg_c/CLK is not reached by a timing clock
Related violations: <none>

TIMING-17#112 Critical Warning
Non-clocked sequential cell  
The clock pin RECIPROCAL/FIRST_ITERATION/value_delay_reg[1][12]_srl2_RECIPROCAL_nr_valid_reg_c/CLK is not reached by a timing clock
Related violations: <none>

TIMING-17#113 Critical Warning
Non-clocked sequential cell  
The clock pin RECIPROCAL/FIRST_ITERATION/value_delay_reg[1][13]_srl2_RECIPROCAL_nr_valid_reg_c/CLK is not reached by a timing clock
Related violations: <none>

TIMING-17#114 Critical Warning
Non-clocked sequential cell  
The clock pin RECIPROCAL/FIRST_ITERATION/value_delay_reg[1][14]_srl2_RECIPROCAL_nr_valid_reg_c/CLK is not reached by a timing clock
Related violations: <none>

TIMING-17#115 Critical Warning
Non-clocked sequential cell  
The clock pin RECIPROCAL/FIRST_ITERATION/value_delay_reg[1][15]_srl2_RECIPROCAL_nr_valid_reg_c/CLK is not reached by a timing clock
Related violations: <none>

TIMING-17#116 Critical Warning
Non-clocked sequential cell  
The clock pin RECIPROCAL/FIRST_ITERATION/value_delay_reg[1][16]_srl2_RECIPROCAL_nr_valid_reg_c/CLK is not reached by a timing clock
Related violations: <none>

TIMING-17#117 Critical Warning
Non-clocked sequential cell  
The clock pin RECIPROCAL/FIRST_ITERATION/value_delay_reg[1][17]_srl2_RECIPROCAL_nr_valid_reg_c/CLK is not reached by a timing clock
Related violations: <none>

TIMING-17#118 Critical Warning
Non-clocked sequential cell  
The clock pin RECIPROCAL/FIRST_ITERATION/value_delay_reg[1][18]_srl2_RECIPROCAL_nr_valid_reg_c/CLK is not reached by a timing clock
Related violations: <none>

TIMING-17#119 Critical Warning
Non-clocked sequential cell  
The clock pin RECIPROCAL/FIRST_ITERATION/value_delay_reg[1][19]_srl2_RECIPROCAL_nr_valid_reg_c/CLK is not reached by a timing clock
Related violations: <none>

TIMING-17#120 Critical Warning
Non-clocked sequential cell  
The clock pin RECIPROCAL/FIRST_ITERATION/value_delay_reg[1][1]_srl2_RECIPROCAL_nr_valid_reg_c/CLK is not reached by a timing clock
Related violations: <none>

TIMING-17#121 Critical Warning
Non-clocked sequential cell  
The clock pin RECIPROCAL/FIRST_ITERATION/value_delay_reg[1][20]_srl2_RECIPROCAL_nr_valid_reg_c/CLK is not reached by a timing clock
Related violations: <none>

TIMING-17#122 Critical Warning
Non-clocked sequential cell  
The clock pin RECIPROCAL/FIRST_ITERATION/value_delay_reg[1][21]_srl2_RECIPROCAL_nr_valid_reg_c/CLK is not reached by a timing clock
Related violations: <none>

TIMING-17#123 Critical Warning
Non-clocked sequential cell  
The clock pin RECIPROCAL/FIRST_ITERATION/value_delay_reg[1][22]_srl2_RECIPROCAL_nr_valid_reg_c/CLK is not reached by a timing clock
Related violations: <none>

TIMING-17#124 Critical Warning
Non-clocked sequential cell  
The clock pin RECIPROCAL/FIRST_ITERATION/value_delay_reg[1][23]_srl2_RECIPROCAL_nr_valid_reg_c/CLK is not reached by a timing clock
Related violations: <none>

TIMING-17#125 Critical Warning
Non-clocked sequential cell  
The clock pin RECIPROCAL/FIRST_ITERATION/value_delay_reg[1][2]_srl2_RECIPROCAL_nr_valid_reg_c/CLK is not reached by a timing clock
Related violations: <none>

TIMING-17#126 Critical Warning
Non-clocked sequential cell  
The clock pin RECIPROCAL/FIRST_ITERATION/value_delay_reg[1][3]_srl2_RECIPROCAL_nr_valid_reg_c/CLK is not reached by a timing clock
Related violations: <none>

TIMING-17#127 Critical Warning
Non-clocked sequential cell  
The clock pin RECIPROCAL/FIRST_ITERATION/value_delay_reg[1][4]_srl2_RECIPROCAL_nr_valid_reg_c/CLK is not reached by a timing clock
Related violations: <none>

TIMING-17#128 Critical Warning
Non-clocked sequential cell  
The clock pin RECIPROCAL/FIRST_ITERATION/value_delay_reg[1][5]_srl2_RECIPROCAL_nr_valid_reg_c/CLK is not reached by a timing clock
Related violations: <none>

TIMING-17#129 Critical Warning
Non-clocked sequential cell  
The clock pin RECIPROCAL/FIRST_ITERATION/value_delay_reg[1][6]_srl2_RECIPROCAL_nr_valid_reg_c/CLK is not reached by a timing clock
Related violations: <none>

TIMING-17#130 Critical Warning
Non-clocked sequential cell  
The clock pin RECIPROCAL/FIRST_ITERATION/value_delay_reg[1][7]_srl2_RECIPROCAL_nr_valid_reg_c/CLK is not reached by a timing clock
Related violations: <none>

TIMING-17#131 Critical Warning
Non-clocked sequential cell  
The clock pin RECIPROCAL/FIRST_ITERATION/value_delay_reg[1][8]_srl2_RECIPROCAL_nr_valid_reg_c/CLK is not reached by a timing clock
Related violations: <none>

TIMING-17#132 Critical Warning
Non-clocked sequential cell  
The clock pin RECIPROCAL/FIRST_ITERATION/value_delay_reg[1][9]_srl2_RECIPROCAL_nr_valid_reg_c/CLK is not reached by a timing clock
Related violations: <none>

TIMING-17#133 Critical Warning
Non-clocked sequential cell  
The clock pin RECIPROCAL/FIRST_ITERATION/value_delay_reg[2][0]_RECIPROCAL_FIRST_ITERATION_valid_delay_reg_c/C is not reached by a timing clock
Related violations: <none>

TIMING-17#134 Critical Warning
Non-clocked sequential cell  
The clock pin RECIPROCAL/FIRST_ITERATION/value_delay_reg[2][10]_RECIPROCAL_FIRST_ITERATION_valid_delay_reg_c/C is not reached by a timing clock
Related violations: <none>

TIMING-17#135 Critical Warning
Non-clocked sequential cell  
The clock pin RECIPROCAL/FIRST_ITERATION/value_delay_reg[2][11]_RECIPROCAL_FIRST_ITERATION_valid_delay_reg_c/C is not reached by a timing clock
Related violations: <none>

TIMING-17#136 Critical Warning
Non-clocked sequential cell  
The clock pin RECIPROCAL/FIRST_ITERATION/value_delay_reg[2][12]_RECIPROCAL_FIRST_ITERATION_valid_delay_reg_c/C is not reached by a timing clock
Related violations: <none>

TIMING-17#137 Critical Warning
Non-clocked sequential cell  
The clock pin RECIPROCAL/FIRST_ITERATION/value_delay_reg[2][13]_RECIPROCAL_FIRST_ITERATION_valid_delay_reg_c/C is not reached by a timing clock
Related violations: <none>

TIMING-17#138 Critical Warning
Non-clocked sequential cell  
The clock pin RECIPROCAL/FIRST_ITERATION/value_delay_reg[2][14]_RECIPROCAL_FIRST_ITERATION_valid_delay_reg_c/C is not reached by a timing clock
Related violations: <none>

TIMING-17#139 Critical Warning
Non-clocked sequential cell  
The clock pin RECIPROCAL/FIRST_ITERATION/value_delay_reg[2][15]_RECIPROCAL_FIRST_ITERATION_valid_delay_reg_c/C is not reached by a timing clock
Related violations: <none>

TIMING-17#140 Critical Warning
Non-clocked sequential cell  
The clock pin RECIPROCAL/FIRST_ITERATION/value_delay_reg[2][16]_RECIPROCAL_FIRST_ITERATION_valid_delay_reg_c/C is not reached by a timing clock
Related violations: <none>

TIMING-17#141 Critical Warning
Non-clocked sequential cell  
The clock pin RECIPROCAL/FIRST_ITERATION/value_delay_reg[2][17]_RECIPROCAL_FIRST_ITERATION_valid_delay_reg_c/C is not reached by a timing clock
Related violations: <none>

TIMING-17#142 Critical Warning
Non-clocked sequential cell  
The clock pin RECIPROCAL/FIRST_ITERATION/value_delay_reg[2][18]_RECIPROCAL_FIRST_ITERATION_valid_delay_reg_c/C is not reached by a timing clock
Related violations: <none>

TIMING-17#143 Critical Warning
Non-clocked sequential cell  
The clock pin RECIPROCAL/FIRST_ITERATION/value_delay_reg[2][19]_RECIPROCAL_FIRST_ITERATION_valid_delay_reg_c/C is not reached by a timing clock
Related violations: <none>

TIMING-17#144 Critical Warning
Non-clocked sequential cell  
The clock pin RECIPROCAL/FIRST_ITERATION/value_delay_reg[2][1]_RECIPROCAL_FIRST_ITERATION_valid_delay_reg_c/C is not reached by a timing clock
Related violations: <none>

TIMING-17#145 Critical Warning
Non-clocked sequential cell  
The clock pin RECIPROCAL/FIRST_ITERATION/value_delay_reg[2][20]_RECIPROCAL_FIRST_ITERATION_valid_delay_reg_c/C is not reached by a timing clock
Related violations: <none>

TIMING-17#146 Critical Warning
Non-clocked sequential cell  
The clock pin RECIPROCAL/FIRST_ITERATION/value_delay_reg[2][21]_RECIPROCAL_FIRST_ITERATION_valid_delay_reg_c/C is not reached by a timing clock
Related violations: <none>

TIMING-17#147 Critical Warning
Non-clocked sequential cell  
The clock pin RECIPROCAL/FIRST_ITERATION/value_delay_reg[2][22]_RECIPROCAL_FIRST_ITERATION_valid_delay_reg_c/C is not reached by a timing clock
Related violations: <none>

TIMING-17#148 Critical Warning
Non-clocked sequential cell  
The clock pin RECIPROCAL/FIRST_ITERATION/value_delay_reg[2][23]_RECIPROCAL_FIRST_ITERATION_valid_delay_reg_c/C is not reached by a timing clock
Related violations: <none>

TIMING-17#149 Critical Warning
Non-clocked sequential cell  
The clock pin RECIPROCAL/FIRST_ITERATION/value_delay_reg[2][2]_RECIPROCAL_FIRST_ITERATION_valid_delay_reg_c/C is not reached by a timing clock
Related violations: <none>

TIMING-17#150 Critical Warning
Non-clocked sequential cell  
The clock pin RECIPROCAL/FIRST_ITERATION/value_delay_reg[2][3]_RECIPROCAL_FIRST_ITERATION_valid_delay_reg_c/C is not reached by a timing clock
Related violations: <none>

TIMING-17#151 Critical Warning
Non-clocked sequential cell  
The clock pin RECIPROCAL/FIRST_ITERATION/value_delay_reg[2][4]_RECIPROCAL_FIRST_ITERATION_valid_delay_reg_c/C is not reached by a timing clock
Related violations: <none>

TIMING-17#152 Critical Warning
Non-clocked sequential cell  
The clock pin RECIPROCAL/FIRST_ITERATION/value_delay_reg[2][5]_RECIPROCAL_FIRST_ITERATION_valid_delay_reg_c/C is not reached by a timing clock
Related violations: <none>

TIMING-17#153 Critical Warning
Non-clocked sequential cell  
The clock pin RECIPROCAL/FIRST_ITERATION/value_delay_reg[2][6]_RECIPROCAL_FIRST_ITERATION_valid_delay_reg_c/C is not reached by a timing clock
Related violations: <none>

TIMING-17#154 Critical Warning
Non-clocked sequential cell  
The clock pin RECIPROCAL/FIRST_ITERATION/value_delay_reg[2][7]_RECIPROCAL_FIRST_ITERATION_valid_delay_reg_c/C is not reached by a timing clock
Related violations: <none>

TIMING-17#155 Critical Warning
Non-clocked sequential cell  
The clock pin RECIPROCAL/FIRST_ITERATION/value_delay_reg[2][8]_RECIPROCAL_FIRST_ITERATION_valid_delay_reg_c/C is not reached by a timing clock
Related violations: <none>

TIMING-17#156 Critical Warning
Non-clocked sequential cell  
The clock pin RECIPROCAL/FIRST_ITERATION/value_delay_reg[2][9]_RECIPROCAL_FIRST_ITERATION_valid_delay_reg_c/C is not reached by a timing clock
Related violations: <none>

TIMING-17#157 Critical Warning
Non-clocked sequential cell  
The clock pin RECIPROCAL/FIRST_ITERATION/value_delay_reg[3][0]/C is not reached by a timing clock
Related violations: <none>

TIMING-17#158 Critical Warning
Non-clocked sequential cell  
The clock pin RECIPROCAL/FIRST_ITERATION/value_delay_reg[3][10]/C is not reached by a timing clock
Related violations: <none>

TIMING-17#159 Critical Warning
Non-clocked sequential cell  
The clock pin RECIPROCAL/FIRST_ITERATION/value_delay_reg[3][11]/C is not reached by a timing clock
Related violations: <none>

TIMING-17#160 Critical Warning
Non-clocked sequential cell  
The clock pin RECIPROCAL/FIRST_ITERATION/value_delay_reg[3][12]/C is not reached by a timing clock
Related violations: <none>

TIMING-17#161 Critical Warning
Non-clocked sequential cell  
The clock pin RECIPROCAL/FIRST_ITERATION/value_delay_reg[3][13]/C is not reached by a timing clock
Related violations: <none>

TIMING-17#162 Critical Warning
Non-clocked sequential cell  
The clock pin RECIPROCAL/FIRST_ITERATION/value_delay_reg[3][14]/C is not reached by a timing clock
Related violations: <none>

TIMING-17#163 Critical Warning
Non-clocked sequential cell  
The clock pin RECIPROCAL/FIRST_ITERATION/value_delay_reg[3][15]/C is not reached by a timing clock
Related violations: <none>

TIMING-17#164 Critical Warning
Non-clocked sequential cell  
The clock pin RECIPROCAL/FIRST_ITERATION/value_delay_reg[3][16]/C is not reached by a timing clock
Related violations: <none>

TIMING-17#165 Critical Warning
Non-clocked sequential cell  
The clock pin RECIPROCAL/FIRST_ITERATION/value_delay_reg[3][17]/C is not reached by a timing clock
Related violations: <none>

TIMING-17#166 Critical Warning
Non-clocked sequential cell  
The clock pin RECIPROCAL/FIRST_ITERATION/value_delay_reg[3][18]/C is not reached by a timing clock
Related violations: <none>

TIMING-17#167 Critical Warning
Non-clocked sequential cell  
The clock pin RECIPROCAL/FIRST_ITERATION/value_delay_reg[3][19]/C is not reached by a timing clock
Related violations: <none>

TIMING-17#168 Critical Warning
Non-clocked sequential cell  
The clock pin RECIPROCAL/FIRST_ITERATION/value_delay_reg[3][1]/C is not reached by a timing clock
Related violations: <none>

TIMING-17#169 Critical Warning
Non-clocked sequential cell  
The clock pin RECIPROCAL/FIRST_ITERATION/value_delay_reg[3][20]/C is not reached by a timing clock
Related violations: <none>

TIMING-17#170 Critical Warning
Non-clocked sequential cell  
The clock pin RECIPROCAL/FIRST_ITERATION/value_delay_reg[3][21]/C is not reached by a timing clock
Related violations: <none>

TIMING-17#171 Critical Warning
Non-clocked sequential cell  
The clock pin RECIPROCAL/FIRST_ITERATION/value_delay_reg[3][22]/C is not reached by a timing clock
Related violations: <none>

TIMING-17#172 Critical Warning
Non-clocked sequential cell  
The clock pin RECIPROCAL/FIRST_ITERATION/value_delay_reg[3][23]/C is not reached by a timing clock
Related violations: <none>

TIMING-17#173 Critical Warning
Non-clocked sequential cell  
The clock pin RECIPROCAL/FIRST_ITERATION/value_delay_reg[3][2]/C is not reached by a timing clock
Related violations: <none>

TIMING-17#174 Critical Warning
Non-clocked sequential cell  
The clock pin RECIPROCAL/FIRST_ITERATION/value_delay_reg[3][3]/C is not reached by a timing clock
Related violations: <none>

TIMING-17#175 Critical Warning
Non-clocked sequential cell  
The clock pin RECIPROCAL/FIRST_ITERATION/value_delay_reg[3][4]/C is not reached by a timing clock
Related violations: <none>

TIMING-17#176 Critical Warning
Non-clocked sequential cell  
The clock pin RECIPROCAL/FIRST_ITERATION/value_delay_reg[3][5]/C is not reached by a timing clock
Related violations: <none>

TIMING-17#177 Critical Warning
Non-clocked sequential cell  
The clock pin RECIPROCAL/FIRST_ITERATION/value_delay_reg[3][6]/C is not reached by a timing clock
Related violations: <none>

TIMING-17#178 Critical Warning
Non-clocked sequential cell  
The clock pin RECIPROCAL/FIRST_ITERATION/value_delay_reg[3][7]/C is not reached by a timing clock
Related violations: <none>

TIMING-17#179 Critical Warning
Non-clocked sequential cell  
The clock pin RECIPROCAL/FIRST_ITERATION/value_delay_reg[3][8]/C is not reached by a timing clock
Related violations: <none>

TIMING-17#180 Critical Warning
Non-clocked sequential cell  
The clock pin RECIPROCAL/FIRST_ITERATION/value_delay_reg[3][9]/C is not reached by a timing clock
Related violations: <none>

TIMING-17#181 Critical Warning
Non-clocked sequential cell  
The clock pin RECIPROCAL/SECOND_ITERATION/FIRST_MULTIPLY/high_product0/CLK is not reached by a timing clock
Related violations: <none>

TIMING-17#182 Critical Warning
Non-clocked sequential cell  
The clock pin RECIPROCAL/SECOND_ITERATION/FIRST_MULTIPLY/low_product0/CLK is not reached by a timing clock
Related violations: <none>

TIMING-17#183 Critical Warning
Non-clocked sequential cell  
The clock pin RECIPROCAL/SECOND_ITERATION/FIRST_MULTIPLY/product_reg[23]/C is not reached by a timing clock
Related violations: <none>

TIMING-17#184 Critical Warning
Non-clocked sequential cell  
The clock pin RECIPROCAL/SECOND_ITERATION/FIRST_MULTIPLY/product_reg[24]/C is not reached by a timing clock
Related violations: <none>

TIMING-17#185 Critical Warning
Non-clocked sequential cell  
The clock pin RECIPROCAL/SECOND_ITERATION/FIRST_MULTIPLY/product_reg[25]/C is not reached by a timing clock
Related violations: <none>

TIMING-17#186 Critical Warning
Non-clocked sequential cell  
The clock pin RECIPROCAL/SECOND_ITERATION/FIRST_MULTIPLY/product_reg[26]/C is not reached by a timing clock
Related violations: <none>

TIMING-17#187 Critical Warning
Non-clocked sequential cell  
The clock pin RECIPROCAL/SECOND_ITERATION/FIRST_MULTIPLY/product_reg[27]/C is not reached by a timing clock
Related violations: <none>

TIMING-17#188 Critical Warning
Non-clocked sequential cell  
The clock pin RECIPROCAL/SECOND_ITERATION/FIRST_MULTIPLY/product_reg[28]/C is not reached by a timing clock
Related violations: <none>

TIMING-17#189 Critical Warning
Non-clocked sequential cell  
The clock pin RECIPROCAL/SECOND_ITERATION/FIRST_MULTIPLY/product_reg[29]/C is not reached by a timing clock
Related violations: <none>

TIMING-17#190 Critical Warning
Non-clocked sequential cell  
The clock pin RECIPROCAL/SECOND_ITERATION/FIRST_MULTIPLY/product_reg[30]/C is not reached by a timing clock
Related violations: <none>

TIMING-17#191 Critical Warning
Non-clocked sequential cell  
The clock pin RECIPROCAL/SECOND_ITERATION/FIRST_MULTIPLY/product_reg[31]/C is not reached by a timing clock
Related violations: <none>

TIMING-17#192 Critical Warning
Non-clocked sequential cell  
The clock pin RECIPROCAL/SECOND_ITERATION/FIRST_MULTIPLY/product_reg[32]/C is not reached by a timing clock
Related violations: <none>

TIMING-17#193 Critical Warning
Non-clocked sequential cell  
The clock pin RECIPROCAL/SECOND_ITERATION/FIRST_MULTIPLY/product_reg[33]/C is not reached by a timing clock
Related violations: <none>

TIMING-17#194 Critical Warning
Non-clocked sequential cell  
The clock pin RECIPROCAL/SECOND_ITERATION/FIRST_MULTIPLY/product_reg[34]/C is not reached by a timing clock
Related violations: <none>

TIMING-17#195 Critical Warning
Non-clocked sequential cell  
The clock pin RECIPROCAL/SECOND_ITERATION/FIRST_MULTIPLY/product_reg[35]/C is not reached by a timing clock
Related violations: <none>

TIMING-17#196 Critical Warning
Non-clocked sequential cell  
The clock pin RECIPROCAL/SECOND_ITERATION/FIRST_MULTIPLY/product_reg[36]/C is not reached by a timing clock
Related violations: <none>

TIMING-17#197 Critical Warning
Non-clocked sequential cell  
The clock pin RECIPROCAL/SECOND_ITERATION/FIRST_MULTIPLY/product_reg[37]/C is not reached by a timing clock
Related violations: <none>

TIMING-17#198 Critical Warning
Non-clocked sequential cell  
The clock pin RECIPROCAL/SECOND_ITERATION/FIRST_MULTIPLY/product_reg[38]/C is not reached by a timing clock
Related violations: <none>

TIMING-17#199 Critical Warning
Non-clocked sequential cell  
The clock pin RECIPROCAL/SECOND_ITERATION/FIRST_MULTIPLY/product_reg[39]/C is not reached by a timing clock
Related violations: <none>

TIMING-17#200 Critical Warning
Non-clocked sequential cell  
The clock pin RECIPROCAL/SECOND_ITERATION/FIRST_MULTIPLY/product_reg[40]/C is not reached by a timing clock
Related violations: <none>

TIMING-17#201 Critical Warning
Non-clocked sequential cell  
The clock pin RECIPROCAL/SECOND_ITERATION/FIRST_MULTIPLY/product_reg[41]/C is not reached by a timing clock
Related violations: <none>

TIMING-17#202 Critical Warning
Non-clocked sequential cell  
The clock pin RECIPROCAL/SECOND_ITERATION/FIRST_MULTIPLY/product_reg[42]/C is not reached by a timing clock
Related violations: <none>

TIMING-17#203 Critical Warning
Non-clocked sequential cell  
The clock pin RECIPROCAL/SECOND_ITERATION/FIRST_MULTIPLY/product_reg[43]/C is not reached by a timing clock
Related violations: <none>

TIMING-17#204 Critical Warning
Non-clocked sequential cell  
The clock pin RECIPROCAL/SECOND_ITERATION/FIRST_MULTIPLY/product_reg[44]/C is not reached by a timing clock
Related violations: <none>

TIMING-17#205 Critical Warning
Non-clocked sequential cell  
The clock pin RECIPROCAL/SECOND_ITERATION/FIRST_MULTIPLY/product_reg[45]/C is not reached by a timing clock
Related violations: <none>

TIMING-17#206 Critical Warning
Non-clocked sequential cell  
The clock pin RECIPROCAL/SECOND_ITERATION/FIRST_MULTIPLY/product_reg[46]/C is not reached by a timing clock
Related violations: <none>

TIMING-17#207 Critical Warning
Non-clocked sequential cell  
The clock pin RECIPROCAL/SECOND_ITERATION/FIRST_MULTIPLY/product_reg[47]/C is not reached by a timing clock
Related violations: <none>

TIMING-17#208 Critical Warning
Non-clocked sequential cell  
The clock pin RECIPROCAL/SECOND_ITERATION/SECOND_MULTIPLY/high_product0/CLK is not reached by a timing clock
Related violations: <none>

TIMING-17#209 Critical Warning
Non-clocked sequential cell  
The clock pin RECIPROCAL/SECOND_ITERATION/SECOND_MULTIPLY/low_product0/CLK is not reached by a timing clock
Related violations: <none>

TIMING-17#210 Critical Warning
Non-clocked sequential cell  
The clock pin RECIPROCAL/SECOND_ITERATION/SECOND_MULTIPLY/product_reg[23]/C is not reached by a timing clock
Related violations: <none>

TIMING-17#211 Critical Warning
Non-clocked sequential cell  
The clock pin RECIPROCAL/SECOND_ITERATION/SECOND_MULTIPLY/product_reg[24]/C is not reached by a timing clock
Related violations: <none>

TIMING-17#212 Critical Warning
Non-clocked sequential cell  
The clock pin RECIPROCAL/SECOND_ITERATION/SECOND_MULTIPLY/product_reg[25]/C is not reached by a timing clock
Related violations: <none>

TIMING-17#213 Critical Warning
Non-clocked sequential cell  
The clock pin RECIPROCAL/SECOND_ITERATION/SECOND_MULTIPLY/product_reg[26]/C is not reached by a timing clock
Related violations: <none>

TIMING-17#214 Critical Warning
Non-clocked sequential cell  
The clock pin RECIPROCAL/SECOND_ITERATION/SECOND_MULTIPLY/product_reg[27]/C is not reached by a timing clock
Related violations: <none>

TIMING-17#215 Critical Warning
Non-clocked sequential cell  
The clock pin RECIPROCAL/SECOND_ITERATION/SECOND_MULTIPLY/product_reg[28]/C is not reached by a timing clock
Related violations: <none>

TIMING-17#216 Critical Warning
Non-clocked sequential cell  
The clock pin RECIPROCAL/SECOND_ITERATION/SECOND_MULTIPLY/product_reg[29]/C is not reached by a timing clock
Related violations: <none>

TIMING-17#217 Critical Warning
Non-clocked sequential cell  
The clock pin RECIPROCAL/SECOND_ITERATION/SECOND_MULTIPLY/product_reg[30]/C is not reached by a timing clock
Related violations: <none>

TIMING-17#218 Critical Warning
Non-clocked sequential cell  
The clock pin RECIPROCAL/SECOND_ITERATION/SECOND_MULTIPLY/product_reg[31]/C is not reached by a timing clock
Related violations: <none>

TIMING-17#219 Critical Warning
Non-clocked sequential cell  
The clock pin RECIPROCAL/SECOND_ITERATION/SECOND_MULTIPLY/product_reg[32]/C is not reached by a timing clock
Related violations: <none>

TIMING-17#220 Critical Warning
Non-clocked sequential cell  
The clock pin RECIPROCAL/SECOND_ITERATION/SECOND_MULTIPLY/product_reg[33]/C is not reached by a timing clock
Related violations: <none>

TIMING-17#221 Critical Warning
Non-clocked sequential cell  
The clock pin RECIPROCAL/SECOND_ITERATION/SECOND_MULTIPLY/product_reg[34]/C is not reached by a timing clock
Related violations: <none>

TIMING-17#222 Critical Warning
Non-clocked sequential cell  
The clock pin RECIPROCAL/SECOND_ITERATION/SECOND_MULTIPLY/product_reg[35]/C is not reached by a timing clock
Related violations: <none>

TIMING-17#223 Critical Warning
Non-clocked sequential cell  
The clock pin RECIPROCAL/SECOND_ITERATION/SECOND_MULTIPLY/product_reg[36]/C is not reached by a timing clock
Related violations: <none>

TIMING-17#224 Critical Warning
Non-clocked sequential cell  
The clock pin RECIPROCAL/SECOND_ITERATION/SECOND_MULTIPLY/product_reg[37]/C is not reached by a timing clock
Related violations: <none>

TIMING-17#225 Critical Warning
Non-clocked sequential cell  
The clock pin RECIPROCAL/SECOND_ITERATION/SECOND_MULTIPLY/product_reg[38]/C is not reached by a timing clock
Related violations: <none>

TIMING-17#226 Critical Warning
Non-clocked sequential cell  
The clock pin RECIPROCAL/SECOND_ITERATION/SECOND_MULTIPLY/product_reg[39]/C is not reached by a timing clock
Related violations: <none>

TIMING-17#227 Critical Warning
Non-clocked sequential cell  
The clock pin RECIPROCAL/SECOND_ITERATION/SECOND_MULTIPLY/product_reg[40]/C is not reached by a timing clock
Related violations: <none>

TIMING-17#228 Critical Warning
Non-clocked sequential cell  
The clock pin RECIPROCAL/SECOND_ITERATION/SECOND_MULTIPLY/product_reg[41]/C is not reached by a timing clock
Related violations: <none>

TIMING-17#229 Critical Warning
Non-clocked sequential cell  
The clock pin RECIPROCAL/SECOND_ITERATION/SECOND_MULTIPLY/product_reg[42]/C is not reached by a timing clock
Related violations: <none>

TIMING-17#230 Critical Warning
Non-clocked sequential cell  
The clock pin RECIPROCAL/SECOND_ITERATION/SECOND_MULTIPLY/product_reg[43]/C is not reached by a timing clock
Related violations: <none>

TIMING-17#231 Critical Warning
Non-clocked sequential cell  
The clock pin RECIPROCAL/SECOND_ITERATION/SECOND_MULTIPLY/product_reg[44]/C is not reached by a timing clock
Related violations: <none>

TIMING-17#232 Critical Warning
Non-clocked sequential cell  
The clock pin RECIPROCAL/SECOND_ITERATION/SECOND_MULTIPLY/product_reg[45]/C is not reached by a timing clock
Related violations: <none>

TIMING-17#233 Critical Warning
Non-clocked sequential cell  
The clock pin RECIPROCAL/SECOND_ITERATION/SECOND_MULTIPLY/product_reg[46]/C is not reached by a timing clock
Related violations: <none>

TIMING-17#234 Critical Warning
Non-clocked sequential cell  
The clock pin RECIPROCAL/SECOND_ITERATION/guess_delay_reg[0][0]/C is not reached by a timing clock
Related violations: <none>

TIMING-17#235 Critical Warning
Non-clocked sequential cell  
The clock pin RECIPROCAL/SECOND_ITERATION/guess_delay_reg[0][10]/C is not reached by a timing clock
Related violations: <none>

TIMING-17#236 Critical Warning
Non-clocked sequential cell  
The clock pin RECIPROCAL/SECOND_ITERATION/guess_delay_reg[0][11]/C is not reached by a timing clock
Related violations: <none>

TIMING-17#237 Critical Warning
Non-clocked sequential cell  
The clock pin RECIPROCAL/SECOND_ITERATION/guess_delay_reg[0][12]/C is not reached by a timing clock
Related violations: <none>

TIMING-17#238 Critical Warning
Non-clocked sequential cell  
The clock pin RECIPROCAL/SECOND_ITERATION/guess_delay_reg[0][13]/C is not reached by a timing clock
Related violations: <none>

TIMING-17#239 Critical Warning
Non-clocked sequential cell  
The clock pin RECIPROCAL/SECOND_ITERATION/guess_delay_reg[0][14]/C is not reached by a timing clock
Related violations: <none>

TIMING-17#240 Critical Warning
Non-clocked sequential cell  
The clock pin RECIPROCAL/SECOND_ITERATION/guess_delay_reg[0][15]/C is not reached by a timing clock
Related violations: <none>

TIMING-17#241 Critical Warning
Non-clocked sequential cell  
The clock pin RECIPROCAL/SECOND_ITERATION/guess_delay_reg[0][16]/C is not reached by a timing clock
Related violations: <none>

TIMING-17#242 Critical Warning
Non-clocked sequential cell  
The clock pin RECIPROCAL/SECOND_ITERATION/guess_delay_reg[0][17]/C is not reached by a timing clock
Related violations: <none>

TIMING-17#243 Critical Warning
Non-clocked sequential cell  
The clock pin RECIPROCAL/SECOND_ITERATION/guess_delay_reg[0][18]/C is not reached by a timing clock
Related violations: <none>

TIMING-17#244 Critical Warning
Non-clocked sequential cell  
The clock pin RECIPROCAL/SECOND_ITERATION/guess_delay_reg[0][19]/C is not reached by a timing clock
Related violations: <none>

TIMING-17#245 Critical Warning
Non-clocked sequential cell  
The clock pin RECIPROCAL/SECOND_ITERATION/guess_delay_reg[0][1]/C is not reached by a timing clock
Related violations: <none>

TIMING-17#246 Critical Warning
Non-clocked sequential cell  
The clock pin RECIPROCAL/SECOND_ITERATION/guess_delay_reg[0][20]/C is not reached by a timing clock
Related violations: <none>

TIMING-17#247 Critical Warning
Non-clocked sequential cell  
The clock pin RECIPROCAL/SECOND_ITERATION/guess_delay_reg[0][21]/C is not reached by a timing clock
Related violations: <none>

TIMING-17#248 Critical Warning
Non-clocked sequential cell  
The clock pin RECIPROCAL/SECOND_ITERATION/guess_delay_reg[0][22]/C is not reached by a timing clock
Related violations: <none>

TIMING-17#249 Critical Warning
Non-clocked sequential cell  
The clock pin RECIPROCAL/SECOND_ITERATION/guess_delay_reg[0][23]/C is not reached by a timing clock
Related violations: <none>

TIMING-17#250 Critical Warning
Non-clocked sequential cell  
The clock pin RECIPROCAL/SECOND_ITERATION/guess_delay_reg[0][2]/C is not reached by a timing clock
Related violations: <none>

TIMING-17#251 Critical Warning
Non-clocked sequential cell  
The clock pin RECIPROCAL/SECOND_ITERATION/guess_delay_reg[0][3]/C is not reached by a timing clock
Related violations: <none>

TIMING-17#252 Critical Warning
Non-clocked sequential cell  
The clock pin RECIPROCAL/SECOND_ITERATION/guess_delay_reg[0][4]/C is not reached by a timing clock
Related violations: <none>

TIMING-17#253 Critical Warning
Non-clocked sequential cell  
The clock pin RECIPROCAL/SECOND_ITERATION/guess_delay_reg[0][5]/C is not reached by a timing clock
Related violations: <none>

TIMING-17#254 Critical Warning
Non-clocked sequential cell  
The clock pin RECIPROCAL/SECOND_ITERATION/guess_delay_reg[0][6]/C is not reached by a timing clock
Related violations: <none>

TIMING-17#255 Critical Warning
Non-clocked sequential cell  
The clock pin RECIPROCAL/SECOND_ITERATION/guess_delay_reg[0][7]/C is not reached by a timing clock
Related violations: <none>

TIMING-17#256 Critical Warning
Non-clocked sequential cell  
The clock pin RECIPROCAL/SECOND_ITERATION/guess_delay_reg[0][8]/C is not reached by a timing clock
Related violations: <none>

TIMING-17#257 Critical Warning
Non-clocked sequential cell  
The clock pin RECIPROCAL/SECOND_ITERATION/guess_delay_reg[0][9]/C is not reached by a timing clock
Related violations: <none>

TIMING-17#258 Critical Warning
Non-clocked sequential cell  
The clock pin RECIPROCAL/SECOND_ITERATION/guess_delay_reg[1][0]/C is not reached by a timing clock
Related violations: <none>

TIMING-17#259 Critical Warning
Non-clocked sequential cell  
The clock pin RECIPROCAL/SECOND_ITERATION/guess_delay_reg[1][10]/C is not reached by a timing clock
Related violations: <none>

TIMING-17#260 Critical Warning
Non-clocked sequential cell  
The clock pin RECIPROCAL/SECOND_ITERATION/guess_delay_reg[1][11]/C is not reached by a timing clock
Related violations: <none>

TIMING-17#261 Critical Warning
Non-clocked sequential cell  
The clock pin RECIPROCAL/SECOND_ITERATION/guess_delay_reg[1][12]/C is not reached by a timing clock
Related violations: <none>

TIMING-17#262 Critical Warning
Non-clocked sequential cell  
The clock pin RECIPROCAL/SECOND_ITERATION/guess_delay_reg[1][13]/C is not reached by a timing clock
Related violations: <none>

TIMING-17#263 Critical Warning
Non-clocked sequential cell  
The clock pin RECIPROCAL/SECOND_ITERATION/guess_delay_reg[1][14]/C is not reached by a timing clock
Related violations: <none>

TIMING-17#264 Critical Warning
Non-clocked sequential cell  
The clock pin RECIPROCAL/SECOND_ITERATION/guess_delay_reg[1][15]/C is not reached by a timing clock
Related violations: <none>

TIMING-17#265 Critical Warning
Non-clocked sequential cell  
The clock pin RECIPROCAL/SECOND_ITERATION/guess_delay_reg[1][16]/C is not reached by a timing clock
Related violations: <none>

TIMING-17#266 Critical Warning
Non-clocked sequential cell  
The clock pin RECIPROCAL/SECOND_ITERATION/guess_delay_reg[1][17]/C is not reached by a timing clock
Related violations: <none>

TIMING-17#267 Critical Warning
Non-clocked sequential cell  
The clock pin RECIPROCAL/SECOND_ITERATION/guess_delay_reg[1][18]/C is not reached by a timing clock
Related violations: <none>

TIMING-17#268 Critical Warning
Non-clocked sequential cell  
The clock pin RECIPROCAL/SECOND_ITERATION/guess_delay_reg[1][19]/C is not reached by a timing clock
Related violations: <none>

TIMING-17#269 Critical Warning
Non-clocked sequential cell  
The clock pin RECIPROCAL/SECOND_ITERATION/guess_delay_reg[1][1]/C is not reached by a timing clock
Related violations: <none>

TIMING-17#270 Critical Warning
Non-clocked sequential cell  
The clock pin RECIPROCAL/SECOND_ITERATION/guess_delay_reg[1][20]/C is not reached by a timing clock
Related violations: <none>

TIMING-17#271 Critical Warning
Non-clocked sequential cell  
The clock pin RECIPROCAL/SECOND_ITERATION/guess_delay_reg[1][21]/C is not reached by a timing clock
Related violations: <none>

TIMING-17#272 Critical Warning
Non-clocked sequential cell  
The clock pin RECIPROCAL/SECOND_ITERATION/guess_delay_reg[1][22]/C is not reached by a timing clock
Related violations: <none>

TIMING-17#273 Critical Warning
Non-clocked sequential cell  
The clock pin RECIPROCAL/SECOND_ITERATION/guess_delay_reg[1][23]/C is not reached by a timing clock
Related violations: <none>

TIMING-17#274 Critical Warning
Non-clocked sequential cell  
The clock pin RECIPROCAL/SECOND_ITERATION/guess_delay_reg[1][2]/C is not reached by a timing clock
Related violations: <none>

TIMING-17#275 Critical Warning
Non-clocked sequential cell  
The clock pin RECIPROCAL/SECOND_ITERATION/guess_delay_reg[1][3]/C is not reached by a timing clock
Related violations: <none>

TIMING-17#276 Critical Warning
Non-clocked sequential cell  
The clock pin RECIPROCAL/SECOND_ITERATION/guess_delay_reg[1][4]/C is not reached by a timing clock
Related violations: <none>

TIMING-17#277 Critical Warning
Non-clocked sequential cell  
The clock pin RECIPROCAL/SECOND_ITERATION/guess_delay_reg[1][5]/C is not reached by a timing clock
Related violations: <none>

TIMING-17#278 Critical Warning
Non-clocked sequential cell  
The clock pin RECIPROCAL/SECOND_ITERATION/guess_delay_reg[1][6]/C is not reached by a timing clock
Related violations: <none>

TIMING-17#279 Critical Warning
Non-clocked sequential cell  
The clock pin RECIPROCAL/SECOND_ITERATION/guess_delay_reg[1][7]/C is not reached by a timing clock
Related violations: <none>

TIMING-17#280 Critical Warning
Non-clocked sequential cell  
The clock pin RECIPROCAL/SECOND_ITERATION/guess_delay_reg[1][8]/C is not reached by a timing clock
Related violations: <none>

TIMING-17#281 Critical Warning
Non-clocked sequential cell  
The clock pin RECIPROCAL/SECOND_ITERATION/guess_delay_reg[1][9]/C is not reached by a timing clock
Related violations: <none>

TIMING-17#282 Critical Warning
Non-clocked sequential cell  
The clock pin RECIPROCAL/SECOND_ITERATION/shift_delay_reg[1][0]_srl8_RECIPROCAL_SECOND_ITERATION_valid_delay_reg_c_3/CLK is not reached by a timing clock
Related violations: <none>

TIMING-17#283 Critical Warning
Non-clocked sequential cell  
The clock pin RECIPROCAL/SECOND_ITERATION/shift_delay_reg[1][1]_srl8_RECIPROCAL_SECOND_ITERATION_valid_delay_reg_c_3/CLK is not reached by a timing clock
Related violations: <none>

TIMING-17#284 Critical Warning
Non-clocked sequential cell  
The clock pin RECIPROCAL/SECOND_ITERATION/shift_delay_reg[1][2]_srl8_RECIPROCAL_SECOND_ITERATION_valid_delay_reg_c_3/CLK is not reached by a timing clock
Related violations: <none>

TIMING-17#285 Critical Warning
Non-clocked sequential cell  
The clock pin RECIPROCAL/SECOND_ITERATION/shift_delay_reg[1][3]_srl8_RECIPROCAL_SECOND_ITERATION_valid_delay_reg_c_3/CLK is not reached by a timing clock
Related violations: <none>

TIMING-17#286 Critical Warning
Non-clocked sequential cell  
The clock pin RECIPROCAL/SECOND_ITERATION/shift_delay_reg[1][4]_srl8_RECIPROCAL_SECOND_ITERATION_valid_delay_reg_c_3/CLK is not reached by a timing clock
Related violations: <none>

TIMING-17#287 Critical Warning
Non-clocked sequential cell  
The clock pin RECIPROCAL/SECOND_ITERATION/shift_delay_reg[1][7]_srl8_RECIPROCAL_SECOND_ITERATION_valid_delay_reg_c_3/CLK is not reached by a timing clock
Related violations: <none>

TIMING-17#288 Critical Warning
Non-clocked sequential cell  
The clock pin RECIPROCAL/SECOND_ITERATION/shift_delay_reg[2][0]_RECIPROCAL_SECOND_ITERATION_valid_delay_reg_c_4/C is not reached by a timing clock
Related violations: <none>

TIMING-17#289 Critical Warning
Non-clocked sequential cell  
The clock pin RECIPROCAL/SECOND_ITERATION/shift_delay_reg[2][1]_RECIPROCAL_SECOND_ITERATION_valid_delay_reg_c_4/C is not reached by a timing clock
Related violations: <none>

TIMING-17#290 Critical Warning
Non-clocked sequential cell  
The clock pin RECIPROCAL/SECOND_ITERATION/shift_delay_reg[2][2]_RECIPROCAL_SECOND_ITERATION_valid_delay_reg_c_4/C is not reached by a timing clock
Related violations: <none>

TIMING-17#291 Critical Warning
Non-clocked sequential cell  
The clock pin RECIPROCAL/SECOND_ITERATION/shift_delay_reg[2][3]_RECIPROCAL_SECOND_ITERATION_valid_delay_reg_c_4/C is not reached by a timing clock
Related violations: <none>

TIMING-17#292 Critical Warning
Non-clocked sequential cell  
The clock pin RECIPROCAL/SECOND_ITERATION/shift_delay_reg[2][4]_RECIPROCAL_SECOND_ITERATION_valid_delay_reg_c_4/C is not reached by a timing clock
Related violations: <none>

TIMING-17#293 Critical Warning
Non-clocked sequential cell  
The clock pin RECIPROCAL/SECOND_ITERATION/shift_delay_reg[2][7]_RECIPROCAL_SECOND_ITERATION_valid_delay_reg_c_4/C is not reached by a timing clock
Related violations: <none>

TIMING-17#294 Critical Warning
Non-clocked sequential cell  
The clock pin RECIPROCAL/SECOND_ITERATION/shift_delay_reg[3][0]/C is not reached by a timing clock
Related violations: <none>

TIMING-17#295 Critical Warning
Non-clocked sequential cell  
The clock pin RECIPROCAL/SECOND_ITERATION/shift_delay_reg[3][1]/C is not reached by a timing clock
Related violations: <none>

TIMING-17#296 Critical Warning
Non-clocked sequential cell  
The clock pin RECIPROCAL/SECOND_ITERATION/shift_delay_reg[3][2]/C is not reached by a timing clock
Related violations: <none>

TIMING-17#297 Critical Warning
Non-clocked sequential cell  
The clock pin RECIPROCAL/SECOND_ITERATION/shift_delay_reg[3][3]/C is not reached by a timing clock
Related violations: <none>

TIMING-17#298 Critical Warning
Non-clocked sequential cell  
The clock pin RECIPROCAL/SECOND_ITERATION/shift_delay_reg[3][4]/C is not reached by a timing clock
Related violations: <none>

TIMING-17#299 Critical Warning
Non-clocked sequential cell  
The clock pin RECIPROCAL/SECOND_ITERATION/shift_delay_reg[3][7]/C is not reached by a timing clock
Related violations: <none>

TIMING-17#300 Critical Warning
Non-clocked sequential cell  
The clock pin RECIPROCAL/SECOND_ITERATION/sign_delay_reg[1]_srl8_RECIPROCAL_SECOND_ITERATION_valid_delay_reg_c_3/CLK is not reached by a timing clock
Related violations: <none>

TIMING-17#301 Critical Warning
Non-clocked sequential cell  
The clock pin RECIPROCAL/SECOND_ITERATION/sign_delay_reg[2]_RECIPROCAL_SECOND_ITERATION_valid_delay_reg_c_4/C is not reached by a timing clock
Related violations: <none>

TIMING-17#302 Critical Warning
Non-clocked sequential cell  
The clock pin RECIPROCAL/SECOND_ITERATION/sign_delay_reg[3]/C is not reached by a timing clock
Related violations: <none>

TIMING-17#303 Critical Warning
Non-clocked sequential cell  
The clock pin RECIPROCAL/SECOND_ITERATION/valid_delay_reg[2]_srl9_RECIPROCAL_SECOND_ITERATION_valid_delay_reg_c_4/CLK is not reached by a timing clock
Related violations: <none>

TIMING-17#304 Critical Warning
Non-clocked sequential cell  
The clock pin RECIPROCAL/SECOND_ITERATION/valid_delay_reg[3]_RECIPROCAL_SECOND_ITERATION_valid_delay_reg_c_5/C is not reached by a timing clock
Related violations: <none>

TIMING-17#305 Critical Warning
Non-clocked sequential cell  
The clock pin RECIPROCAL/SECOND_ITERATION/valid_delay_reg_c/C is not reached by a timing clock
Related violations: <none>

TIMING-17#306 Critical Warning
Non-clocked sequential cell  
The clock pin RECIPROCAL/SECOND_ITERATION/valid_delay_reg_c_3/C is not reached by a timing clock
Related violations: <none>

TIMING-17#307 Critical Warning
Non-clocked sequential cell  
The clock pin RECIPROCAL/SECOND_ITERATION/valid_delay_reg_c_4/C is not reached by a timing clock
Related violations: <none>

TIMING-17#308 Critical Warning
Non-clocked sequential cell  
The clock pin RECIPROCAL/SECOND_ITERATION/valid_delay_reg_c_5/C is not reached by a timing clock
Related violations: <none>

TIMING-17#309 Critical Warning
Non-clocked sequential cell  
The clock pin RECIPROCAL/SECOND_ITERATION/zero_delay_reg[1]_srl8_RECIPROCAL_SECOND_ITERATION_valid_delay_reg_c_3/CLK is not reached by a timing clock
Related violations: <none>

TIMING-17#310 Critical Warning
Non-clocked sequential cell  
The clock pin RECIPROCAL/SECOND_ITERATION/zero_delay_reg[2]_RECIPROCAL_SECOND_ITERATION_valid_delay_reg_c_4/C is not reached by a timing clock
Related violations: <none>

TIMING-17#311 Critical Warning
Non-clocked sequential cell  
The clock pin RECIPROCAL/SECOND_ITERATION/zero_delay_reg[3]/C is not reached by a timing clock
Related violations: <none>

TIMING-17#312 Critical Warning
Non-clocked sequential cell  
The clock pin RECIPROCAL/div_zero_reg/C is not reached by a timing clock
Related violations: <none>

TIMING-17#313 Critical Warning
Non-clocked sequential cell  
The clock pin RECIPROCAL/input_valid_reg_c/C is not reached by a timing clock
Related violations: <none>

TIMING-17#314 Critical Warning
Non-clocked sequential cell  
The clock pin RECIPROCAL/normalized_reg[0]/C is not reached by a timing clock
Related violations: <none>

TIMING-17#315 Critical Warning
Non-clocked sequential cell  
The clock pin RECIPROCAL/normalized_reg[10]/C is not reached by a timing clock
Related violations: <none>

TIMING-17#316 Critical Warning
Non-clocked sequential cell  
The clock pin RECIPROCAL/normalized_reg[11]/C is not reached by a timing clock
Related violations: <none>

TIMING-17#317 Critical Warning
Non-clocked sequential cell  
The clock pin RECIPROCAL/normalized_reg[12]/C is not reached by a timing clock
Related violations: <none>

TIMING-17#318 Critical Warning
Non-clocked sequential cell  
The clock pin RECIPROCAL/normalized_reg[13]/C is not reached by a timing clock
Related violations: <none>

TIMING-17#319 Critical Warning
Non-clocked sequential cell  
The clock pin RECIPROCAL/normalized_reg[14]/C is not reached by a timing clock
Related violations: <none>

TIMING-17#320 Critical Warning
Non-clocked sequential cell  
The clock pin RECIPROCAL/normalized_reg[15]/C is not reached by a timing clock
Related violations: <none>

TIMING-17#321 Critical Warning
Non-clocked sequential cell  
The clock pin RECIPROCAL/normalized_reg[16]/C is not reached by a timing clock
Related violations: <none>

TIMING-17#322 Critical Warning
Non-clocked sequential cell  
The clock pin RECIPROCAL/normalized_reg[17]/C is not reached by a timing clock
Related violations: <none>

TIMING-17#323 Critical Warning
Non-clocked sequential cell  
The clock pin RECIPROCAL/normalized_reg[18]/C is not reached by a timing clock
Related violations: <none>

TIMING-17#324 Critical Warning
Non-clocked sequential cell  
The clock pin RECIPROCAL/normalized_reg[19]/C is not reached by a timing clock
Related violations: <none>

TIMING-17#325 Critical Warning
Non-clocked sequential cell  
The clock pin RECIPROCAL/normalized_reg[1]/C is not reached by a timing clock
Related violations: <none>

TIMING-17#326 Critical Warning
Non-clocked sequential cell  
The clock pin RECIPROCAL/normalized_reg[20]/C is not reached by a timing clock
Related violations: <none>

TIMING-17#327 Critical Warning
Non-clocked sequential cell  
The clock pin RECIPROCAL/normalized_reg[21]/C is not reached by a timing clock
Related violations: <none>

TIMING-17#328 Critical Warning
Non-clocked sequential cell  
The clock pin RECIPROCAL/normalized_reg[22]/C is not reached by a timing clock
Related violations: <none>

TIMING-17#329 Critical Warning
Non-clocked sequential cell  
The clock pin RECIPROCAL/normalized_reg[23]/C is not reached by a timing clock
Related violations: <none>

TIMING-17#330 Critical Warning
Non-clocked sequential cell  
The clock pin RECIPROCAL/normalized_reg[2]/C is not reached by a timing clock
Related violations: <none>

TIMING-17#331 Critical Warning
Non-clocked sequential cell  
The clock pin RECIPROCAL/normalized_reg[3]/C is not reached by a timing clock
Related violations: <none>

TIMING-17#332 Critical Warning
Non-clocked sequential cell  
The clock pin RECIPROCAL/normalized_reg[4]/C is not reached by a timing clock
Related violations: <none>

TIMING-17#333 Critical Warning
Non-clocked sequential cell  
The clock pin RECIPROCAL/normalized_reg[5]/C is not reached by a timing clock
Related violations: <none>

TIMING-17#334 Critical Warning
Non-clocked sequential cell  
The clock pin RECIPROCAL/normalized_reg[6]/C is not reached by a timing clock
Related violations: <none>

TIMING-17#335 Critical Warning
Non-clocked sequential cell  
The clock pin RECIPROCAL/normalized_reg[7]/C is not reached by a timing clock
Related violations: <none>

TIMING-17#336 Critical Warning
Non-clocked sequential cell  
The clock pin RECIPROCAL/normalized_reg[8]/C is not reached by a timing clock
Related violations: <none>

TIMING-17#337 Critical Warning
Non-clocked sequential cell  
The clock pin RECIPROCAL/normalized_reg[9]/C is not reached by a timing clock
Related violations: <none>

TIMING-17#338 Critical Warning
Non-clocked sequential cell  
The clock pin RECIPROCAL/nr_valid_reg_c/C is not reached by a timing clock
Related violations: <none>

TIMING-17#339 Critical Warning
Non-clocked sequential cell  
The clock pin RECIPROCAL/nr_value_reg[0]/C is not reached by a timing clock
Related violations: <none>

TIMING-17#340 Critical Warning
Non-clocked sequential cell  
The clock pin RECIPROCAL/nr_value_reg[10]/C is not reached by a timing clock
Related violations: <none>

TIMING-17#341 Critical Warning
Non-clocked sequential cell  
The clock pin RECIPROCAL/nr_value_reg[11]/C is not reached by a timing clock
Related violations: <none>

TIMING-17#342 Critical Warning
Non-clocked sequential cell  
The clock pin RECIPROCAL/nr_value_reg[12]/C is not reached by a timing clock
Related violations: <none>

TIMING-17#343 Critical Warning
Non-clocked sequential cell  
The clock pin RECIPROCAL/nr_value_reg[13]/C is not reached by a timing clock
Related violations: <none>

TIMING-17#344 Critical Warning
Non-clocked sequential cell  
The clock pin RECIPROCAL/nr_value_reg[14]/C is not reached by a timing clock
Related violations: <none>

TIMING-17#345 Critical Warning
Non-clocked sequential cell  
The clock pin RECIPROCAL/nr_value_reg[15]/C is not reached by a timing clock
Related violations: <none>

TIMING-17#346 Critical Warning
Non-clocked sequential cell  
The clock pin RECIPROCAL/nr_value_reg[16]/C is not reached by a timing clock
Related violations: <none>

TIMING-17#347 Critical Warning
Non-clocked sequential cell  
The clock pin RECIPROCAL/nr_value_reg[17]/C is not reached by a timing clock
Related violations: <none>

TIMING-17#348 Critical Warning
Non-clocked sequential cell  
The clock pin RECIPROCAL/nr_value_reg[18]/C is not reached by a timing clock
Related violations: <none>

TIMING-17#349 Critical Warning
Non-clocked sequential cell  
The clock pin RECIPROCAL/nr_value_reg[19]/C is not reached by a timing clock
Related violations: <none>

TIMING-17#350 Critical Warning
Non-clocked sequential cell  
The clock pin RECIPROCAL/nr_value_reg[1]/C is not reached by a timing clock
Related violations: <none>

TIMING-17#351 Critical Warning
Non-clocked sequential cell  
The clock pin RECIPROCAL/nr_value_reg[20]/C is not reached by a timing clock
Related violations: <none>

TIMING-17#352 Critical Warning
Non-clocked sequential cell  
The clock pin RECIPROCAL/nr_value_reg[21]/C is not reached by a timing clock
Related violations: <none>

TIMING-17#353 Critical Warning
Non-clocked sequential cell  
The clock pin RECIPROCAL/nr_value_reg[22]/C is not reached by a timing clock
Related violations: <none>

TIMING-17#354 Critical Warning
Non-clocked sequential cell  
The clock pin RECIPROCAL/nr_value_reg[23]/C is not reached by a timing clock
Related violations: <none>

TIMING-17#355 Critical Warning
Non-clocked sequential cell  
The clock pin RECIPROCAL/nr_value_reg[2]/C is not reached by a timing clock
Related violations: <none>

TIMING-17#356 Critical Warning
Non-clocked sequential cell  
The clock pin RECIPROCAL/nr_value_reg[3]/C is not reached by a timing clock
Related violations: <none>

TIMING-17#357 Critical Warning
Non-clocked sequential cell  
The clock pin RECIPROCAL/nr_value_reg[4]/C is not reached by a timing clock
Related violations: <none>

TIMING-17#358 Critical Warning
Non-clocked sequential cell  
The clock pin RECIPROCAL/nr_value_reg[5]/C is not reached by a timing clock
Related violations: <none>

TIMING-17#359 Critical Warning
Non-clocked sequential cell  
The clock pin RECIPROCAL/nr_value_reg[6]/C is not reached by a timing clock
Related violations: <none>

TIMING-17#360 Critical Warning
Non-clocked sequential cell  
The clock pin RECIPROCAL/nr_value_reg[7]/C is not reached by a timing clock
Related violations: <none>

TIMING-17#361 Critical Warning
Non-clocked sequential cell  
The clock pin RECIPROCAL/nr_value_reg[8]/C is not reached by a timing clock
Related violations: <none>

TIMING-17#362 Critical Warning
Non-clocked sequential cell  
The clock pin RECIPROCAL/nr_value_reg[9]/C is not reached by a timing clock
Related violations: <none>

TIMING-17#363 Critical Warning
Non-clocked sequential cell  
The clock pin RECIPROCAL/out_valid_reg/C is not reached by a timing clock
Related violations: <none>

TIMING-17#364 Critical Warning
Non-clocked sequential cell  
The clock pin RECIPROCAL/reciprocal_reg[0]/C is not reached by a timing clock
Related violations: <none>

TIMING-17#365 Critical Warning
Non-clocked sequential cell  
The clock pin RECIPROCAL/reciprocal_reg[10]/C is not reached by a timing clock
Related violations: <none>

TIMING-17#366 Critical Warning
Non-clocked sequential cell  
The clock pin RECIPROCAL/reciprocal_reg[11]/C is not reached by a timing clock
Related violations: <none>

TIMING-17#367 Critical Warning
Non-clocked sequential cell  
The clock pin RECIPROCAL/reciprocal_reg[12]/C is not reached by a timing clock
Related violations: <none>

TIMING-17#368 Critical Warning
Non-clocked sequential cell  
The clock pin RECIPROCAL/reciprocal_reg[13]/C is not reached by a timing clock
Related violations: <none>

TIMING-17#369 Critical Warning
Non-clocked sequential cell  
The clock pin RECIPROCAL/reciprocal_reg[14]/C is not reached by a timing clock
Related violations: <none>

TIMING-17#370 Critical Warning
Non-clocked sequential cell  
The clock pin RECIPROCAL/reciprocal_reg[15]/C is not reached by a timing clock
Related violations: <none>

TIMING-17#371 Critical Warning
Non-clocked sequential cell  
The clock pin RECIPROCAL/reciprocal_reg[16]/C is not reached by a timing clock
Related violations: <none>

TIMING-17#372 Critical Warning
Non-clocked sequential cell  
The clock pin RECIPROCAL/reciprocal_reg[17]/C is not reached by a timing clock
Related violations: <none>

TIMING-17#373 Critical Warning
Non-clocked sequential cell  
The clock pin RECIPROCAL/reciprocal_reg[18]/C is not reached by a timing clock
Related violations: <none>

TIMING-17#374 Critical Warning
Non-clocked sequential cell  
The clock pin RECIPROCAL/reciprocal_reg[19]/C is not reached by a timing clock
Related violations: <none>

TIMING-17#375 Critical Warning
Non-clocked sequential cell  
The clock pin RECIPROCAL/reciprocal_reg[1]/C is not reached by a timing clock
Related violations: <none>

TIMING-17#376 Critical Warning
Non-clocked sequential cell  
The clock pin RECIPROCAL/reciprocal_reg[20]/C is not reached by a timing clock
Related violations: <none>

TIMING-17#377 Critical Warning
Non-clocked sequential cell  
The clock pin RECIPROCAL/reciprocal_reg[21]/C is not reached by a timing clock
Related violations: <none>

TIMING-17#378 Critical Warning
Non-clocked sequential cell  
The clock pin RECIPROCAL/reciprocal_reg[22]/C is not reached by a timing clock
Related violations: <none>

TIMING-17#379 Critical Warning
Non-clocked sequential cell  
The clock pin RECIPROCAL/reciprocal_reg[23]/C is not reached by a timing clock
Related violations: <none>

TIMING-17#380 Critical Warning
Non-clocked sequential cell  
The clock pin RECIPROCAL/reciprocal_reg[24]/C is not reached by a timing clock
Related violations: <none>

TIMING-17#381 Critical Warning
Non-clocked sequential cell  
The clock pin RECIPROCAL/reciprocal_reg[25]/C is not reached by a timing clock
Related violations: <none>

TIMING-17#382 Critical Warning
Non-clocked sequential cell  
The clock pin RECIPROCAL/reciprocal_reg[26]/C is not reached by a timing clock
Related violations: <none>

TIMING-17#383 Critical Warning
Non-clocked sequential cell  
The clock pin RECIPROCAL/reciprocal_reg[27]/C is not reached by a timing clock
Related violations: <none>

TIMING-17#384 Critical Warning
Non-clocked sequential cell  
The clock pin RECIPROCAL/reciprocal_reg[28]/C is not reached by a timing clock
Related violations: <none>

TIMING-17#385 Critical Warning
Non-clocked sequential cell  
The clock pin RECIPROCAL/reciprocal_reg[29]/C is not reached by a timing clock
Related violations: <none>

TIMING-17#386 Critical Warning
Non-clocked sequential cell  
The clock pin RECIPROCAL/reciprocal_reg[2]/C is not reached by a timing clock
Related violations: <none>

TIMING-17#387 Critical Warning
Non-clocked sequential cell  
The clock pin RECIPROCAL/reciprocal_reg[30]/C is not reached by a timing clock
Related violations: <none>

TIMING-17#388 Critical Warning
Non-clocked sequential cell  
The clock pin RECIPROCAL/reciprocal_reg[31]/C is not reached by a timing clock
Related violations: <none>

TIMING-17#389 Critical Warning
Non-clocked sequential cell  
The clock pin RECIPROCAL/reciprocal_reg[3]/C is not reached by a timing clock
Related violations: <none>

TIMING-17#390 Critical Warning
Non-clocked sequential cell  
The clock pin RECIPROCAL/reciprocal_reg[4]/C is not reached by a timing clock
Related violations: <none>

TIMING-17#391 Critical Warning
Non-clocked sequential cell  
The clock pin RECIPROCAL/reciprocal_reg[5]/C is not reached by a timing clock
Related violations: <none>

TIMING-17#392 Critical Warning
Non-clocked sequential cell  
The clock pin RECIPROCAL/reciprocal_reg[6]/C is not reached by a timing clock
Related violations: <none>

TIMING-17#393 Critical Warning
Non-clocked sequential cell  
The clock pin RECIPROCAL/reciprocal_reg[7]/C is not reached by a timing clock
Related violations: <none>

TIMING-17#394 Critical Warning
Non-clocked sequential cell  
The clock pin RECIPROCAL/reciprocal_reg[8]/C is not reached by a timing clock
Related violations: <none>

TIMING-17#395 Critical Warning
Non-clocked sequential cell  
The clock pin RECIPROCAL/reciprocal_reg[9]/C is not reached by a timing clock
Related violations: <none>

TIMING-17#396 Critical Warning
Non-clocked sequential cell  
The clock pin RECIPROCAL/start_value_reg[0]/C is not reached by a timing clock
Related violations: <none>

TIMING-17#397 Critical Warning
Non-clocked sequential cell  
The clock pin RECIPROCAL/start_value_reg[10]/C is not reached by a timing clock
Related violations: <none>

TIMING-17#398 Critical Warning
Non-clocked sequential cell  
The clock pin RECIPROCAL/start_value_reg[11]/C is not reached by a timing clock
Related violations: <none>

TIMING-17#399 Critical Warning
Non-clocked sequential cell  
The clock pin RECIPROCAL/start_value_reg[12]/C is not reached by a timing clock
Related violations: <none>

TIMING-17#400 Critical Warning
Non-clocked sequential cell  
The clock pin RECIPROCAL/start_value_reg[13]/C is not reached by a timing clock
Related violations: <none>

TIMING-17#401 Critical Warning
Non-clocked sequential cell  
The clock pin RECIPROCAL/start_value_reg[14]/C is not reached by a timing clock
Related violations: <none>

TIMING-17#402 Critical Warning
Non-clocked sequential cell  
The clock pin RECIPROCAL/start_value_reg[15]/C is not reached by a timing clock
Related violations: <none>

TIMING-17#403 Critical Warning
Non-clocked sequential cell  
The clock pin RECIPROCAL/start_value_reg[16]/C is not reached by a timing clock
Related violations: <none>

TIMING-17#404 Critical Warning
Non-clocked sequential cell  
The clock pin RECIPROCAL/start_value_reg[17]/C is not reached by a timing clock
Related violations: <none>

TIMING-17#405 Critical Warning
Non-clocked sequential cell  
The clock pin RECIPROCAL/start_value_reg[18]/C is not reached by a timing clock
Related violations: <none>

TIMING-17#406 Critical Warning
Non-clocked sequential cell  
The clock pin RECIPROCAL/start_value_reg[19]/C is not reached by a timing clock
Related violations: <none>

TIMING-17#407 Critical Warning
Non-clocked sequential cell  
The clock pin RECIPROCAL/start_value_reg[1]/C is not reached by a timing clock
Related violations: <none>

TIMING-17#408 Critical Warning
Non-clocked sequential cell  
The clock pin RECIPROCAL/start_value_reg[20]/C is not reached by a timing clock
Related violations: <none>

TIMING-17#409 Critical Warning
Non-clocked sequential cell  
The clock pin RECIPROCAL/start_value_reg[21]/C is not reached by a timing clock
Related violations: <none>

TIMING-17#410 Critical Warning
Non-clocked sequential cell  
The clock pin RECIPROCAL/start_value_reg[22]/C is not reached by a timing clock
Related violations: <none>

TIMING-17#411 Critical Warning
Non-clocked sequential cell  
The clock pin RECIPROCAL/start_value_reg[2]/C is not reached by a timing clock
Related violations: <none>

TIMING-17#412 Critical Warning
Non-clocked sequential cell  
The clock pin RECIPROCAL/start_value_reg[3]/C is not reached by a timing clock
Related violations: <none>

TIMING-17#413 Critical Warning
Non-clocked sequential cell  
The clock pin RECIPROCAL/start_value_reg[4]/C is not reached by a timing clock
Related violations: <none>

TIMING-17#414 Critical Warning
Non-clocked sequential cell  
The clock pin RECIPROCAL/start_value_reg[5]/C is not reached by a timing clock
Related violations: <none>

TIMING-17#415 Critical Warning
Non-clocked sequential cell  
The clock pin RECIPROCAL/start_value_reg[6]/C is not reached by a timing clock
Related violations: <none>

TIMING-17#416 Critical Warning
Non-clocked sequential cell  
The clock pin RECIPROCAL/start_value_reg[7]/C is not reached by a timing clock
Related violations: <none>

TIMING-17#417 Critical Warning
Non-clocked sequential cell  
The clock pin RECIPROCAL/start_value_reg[8]/C is not reached by a timing clock
Related violations: <none>

TIMING-17#418 Critical Warning
Non-clocked sequential cell  
The clock pin RECIPROCAL/start_value_reg[9]/C is not reached by a timing clock
Related violations: <none>

TIMING-17#419 Critical Warning
Non-clocked sequential cell  
The clock pin VECTOR_DELAY/x_pipe_reg[10][0]/C is not reached by a timing clock
Related violations: <none>

TIMING-17#420 Critical Warning
Non-clocked sequential cell  
The clock pin VECTOR_DELAY/x_pipe_reg[10][10]/C is not reached by a timing clock
Related violations: <none>

TIMING-17#421 Critical Warning
Non-clocked sequential cell  
The clock pin VECTOR_DELAY/x_pipe_reg[10][11]/C is not reached by a timing clock
Related violations: <none>

TIMING-17#422 Critical Warning
Non-clocked sequential cell  
The clock pin VECTOR_DELAY/x_pipe_reg[10][12]/C is not reached by a timing clock
Related violations: <none>

TIMING-17#423 Critical Warning
Non-clocked sequential cell  
The clock pin VECTOR_DELAY/x_pipe_reg[10][13]/C is not reached by a timing clock
Related violations: <none>

TIMING-17#424 Critical Warning
Non-clocked sequential cell  
The clock pin VECTOR_DELAY/x_pipe_reg[10][14]/C is not reached by a timing clock
Related violations: <none>

TIMING-17#425 Critical Warning
Non-clocked sequential cell  
The clock pin VECTOR_DELAY/x_pipe_reg[10][15]/C is not reached by a timing clock
Related violations: <none>

TIMING-17#426 Critical Warning
Non-clocked sequential cell  
The clock pin VECTOR_DELAY/x_pipe_reg[10][16]/C is not reached by a timing clock
Related violations: <none>

TIMING-17#427 Critical Warning
Non-clocked sequential cell  
The clock pin VECTOR_DELAY/x_pipe_reg[10][17]/C is not reached by a timing clock
Related violations: <none>

TIMING-17#428 Critical Warning
Non-clocked sequential cell  
The clock pin VECTOR_DELAY/x_pipe_reg[10][18]/C is not reached by a timing clock
Related violations: <none>

TIMING-17#429 Critical Warning
Non-clocked sequential cell  
The clock pin VECTOR_DELAY/x_pipe_reg[10][19]/C is not reached by a timing clock
Related violations: <none>

TIMING-17#430 Critical Warning
Non-clocked sequential cell  
The clock pin VECTOR_DELAY/x_pipe_reg[10][1]/C is not reached by a timing clock
Related violations: <none>

TIMING-17#431 Critical Warning
Non-clocked sequential cell  
The clock pin VECTOR_DELAY/x_pipe_reg[10][20]/C is not reached by a timing clock
Related violations: <none>

TIMING-17#432 Critical Warning
Non-clocked sequential cell  
The clock pin VECTOR_DELAY/x_pipe_reg[10][21]/C is not reached by a timing clock
Related violations: <none>

TIMING-17#433 Critical Warning
Non-clocked sequential cell  
The clock pin VECTOR_DELAY/x_pipe_reg[10][22]/C is not reached by a timing clock
Related violations: <none>

TIMING-17#434 Critical Warning
Non-clocked sequential cell  
The clock pin VECTOR_DELAY/x_pipe_reg[10][23]/C is not reached by a timing clock
Related violations: <none>

TIMING-17#435 Critical Warning
Non-clocked sequential cell  
The clock pin VECTOR_DELAY/x_pipe_reg[10][2]/C is not reached by a timing clock
Related violations: <none>

TIMING-17#436 Critical Warning
Non-clocked sequential cell  
The clock pin VECTOR_DELAY/x_pipe_reg[10][3]/C is not reached by a timing clock
Related violations: <none>

TIMING-17#437 Critical Warning
Non-clocked sequential cell  
The clock pin VECTOR_DELAY/x_pipe_reg[10][4]/C is not reached by a timing clock
Related violations: <none>

TIMING-17#438 Critical Warning
Non-clocked sequential cell  
The clock pin VECTOR_DELAY/x_pipe_reg[10][5]/C is not reached by a timing clock
Related violations: <none>

TIMING-17#439 Critical Warning
Non-clocked sequential cell  
The clock pin VECTOR_DELAY/x_pipe_reg[10][6]/C is not reached by a timing clock
Related violations: <none>

TIMING-17#440 Critical Warning
Non-clocked sequential cell  
The clock pin VECTOR_DELAY/x_pipe_reg[10][7]/C is not reached by a timing clock
Related violations: <none>

TIMING-17#441 Critical Warning
Non-clocked sequential cell  
The clock pin VECTOR_DELAY/x_pipe_reg[10][8]/C is not reached by a timing clock
Related violations: <none>

TIMING-17#442 Critical Warning
Non-clocked sequential cell  
The clock pin VECTOR_DELAY/x_pipe_reg[10][9]/C is not reached by a timing clock
Related violations: <none>

TIMING-17#443 Critical Warning
Non-clocked sequential cell  
The clock pin VECTOR_DELAY/x_pipe_reg[8][0]_srl9_RECIPROCAL_SECOND_ITERATION_valid_delay_reg_c_4/CLK is not reached by a timing clock
Related violations: <none>

TIMING-17#444 Critical Warning
Non-clocked sequential cell  
The clock pin VECTOR_DELAY/x_pipe_reg[8][10]_srl9_RECIPROCAL_SECOND_ITERATION_valid_delay_reg_c_4/CLK is not reached by a timing clock
Related violations: <none>

TIMING-17#445 Critical Warning
Non-clocked sequential cell  
The clock pin VECTOR_DELAY/x_pipe_reg[8][11]_srl9_RECIPROCAL_SECOND_ITERATION_valid_delay_reg_c_4/CLK is not reached by a timing clock
Related violations: <none>

TIMING-17#446 Critical Warning
Non-clocked sequential cell  
The clock pin VECTOR_DELAY/x_pipe_reg[8][12]_srl9_RECIPROCAL_SECOND_ITERATION_valid_delay_reg_c_4/CLK is not reached by a timing clock
Related violations: <none>

TIMING-17#447 Critical Warning
Non-clocked sequential cell  
The clock pin VECTOR_DELAY/x_pipe_reg[8][13]_srl9_RECIPROCAL_SECOND_ITERATION_valid_delay_reg_c_4/CLK is not reached by a timing clock
Related violations: <none>

TIMING-17#448 Critical Warning
Non-clocked sequential cell  
The clock pin VECTOR_DELAY/x_pipe_reg[8][14]_srl9_RECIPROCAL_SECOND_ITERATION_valid_delay_reg_c_4/CLK is not reached by a timing clock
Related violations: <none>

TIMING-17#449 Critical Warning
Non-clocked sequential cell  
The clock pin VECTOR_DELAY/x_pipe_reg[8][15]_srl9_RECIPROCAL_SECOND_ITERATION_valid_delay_reg_c_4/CLK is not reached by a timing clock
Related violations: <none>

TIMING-17#450 Critical Warning
Non-clocked sequential cell  
The clock pin VECTOR_DELAY/x_pipe_reg[8][16]_srl9_RECIPROCAL_SECOND_ITERATION_valid_delay_reg_c_4/CLK is not reached by a timing clock
Related violations: <none>

TIMING-17#451 Critical Warning
Non-clocked sequential cell  
The clock pin VECTOR_DELAY/x_pipe_reg[8][17]_srl9_RECIPROCAL_SECOND_ITERATION_valid_delay_reg_c_4/CLK is not reached by a timing clock
Related violations: <none>

TIMING-17#452 Critical Warning
Non-clocked sequential cell  
The clock pin VECTOR_DELAY/x_pipe_reg[8][18]_srl9_RECIPROCAL_SECOND_ITERATION_valid_delay_reg_c_4/CLK is not reached by a timing clock
Related violations: <none>

TIMING-17#453 Critical Warning
Non-clocked sequential cell  
The clock pin VECTOR_DELAY/x_pipe_reg[8][19]_srl9_RECIPROCAL_SECOND_ITERATION_valid_delay_reg_c_4/CLK is not reached by a timing clock
Related violations: <none>

TIMING-17#454 Critical Warning
Non-clocked sequential cell  
The clock pin VECTOR_DELAY/x_pipe_reg[8][1]_srl9_RECIPROCAL_SECOND_ITERATION_valid_delay_reg_c_4/CLK is not reached by a timing clock
Related violations: <none>

TIMING-17#455 Critical Warning
Non-clocked sequential cell  
The clock pin VECTOR_DELAY/x_pipe_reg[8][20]_srl9_RECIPROCAL_SECOND_ITERATION_valid_delay_reg_c_4/CLK is not reached by a timing clock
Related violations: <none>

TIMING-17#456 Critical Warning
Non-clocked sequential cell  
The clock pin VECTOR_DELAY/x_pipe_reg[8][21]_srl9_RECIPROCAL_SECOND_ITERATION_valid_delay_reg_c_4/CLK is not reached by a timing clock
Related violations: <none>

TIMING-17#457 Critical Warning
Non-clocked sequential cell  
The clock pin VECTOR_DELAY/x_pipe_reg[8][22]_srl9_RECIPROCAL_SECOND_ITERATION_valid_delay_reg_c_4/CLK is not reached by a timing clock
Related violations: <none>

TIMING-17#458 Critical Warning
Non-clocked sequential cell  
The clock pin VECTOR_DELAY/x_pipe_reg[8][23]_srl9_RECIPROCAL_SECOND_ITERATION_valid_delay_reg_c_4/CLK is not reached by a timing clock
Related violations: <none>

TIMING-17#459 Critical Warning
Non-clocked sequential cell  
The clock pin VECTOR_DELAY/x_pipe_reg[8][2]_srl9_RECIPROCAL_SECOND_ITERATION_valid_delay_reg_c_4/CLK is not reached by a timing clock
Related violations: <none>

TIMING-17#460 Critical Warning
Non-clocked sequential cell  
The clock pin VECTOR_DELAY/x_pipe_reg[8][3]_srl9_RECIPROCAL_SECOND_ITERATION_valid_delay_reg_c_4/CLK is not reached by a timing clock
Related violations: <none>

TIMING-17#461 Critical Warning
Non-clocked sequential cell  
The clock pin VECTOR_DELAY/x_pipe_reg[8][4]_srl9_RECIPROCAL_SECOND_ITERATION_valid_delay_reg_c_4/CLK is not reached by a timing clock
Related violations: <none>

TIMING-17#462 Critical Warning
Non-clocked sequential cell  
The clock pin VECTOR_DELAY/x_pipe_reg[8][5]_srl9_RECIPROCAL_SECOND_ITERATION_valid_delay_reg_c_4/CLK is not reached by a timing clock
Related violations: <none>

TIMING-17#463 Critical Warning
Non-clocked sequential cell  
The clock pin VECTOR_DELAY/x_pipe_reg[8][6]_srl9_RECIPROCAL_SECOND_ITERATION_valid_delay_reg_c_4/CLK is not reached by a timing clock
Related violations: <none>

TIMING-17#464 Critical Warning
Non-clocked sequential cell  
The clock pin VECTOR_DELAY/x_pipe_reg[8][7]_srl9_RECIPROCAL_SECOND_ITERATION_valid_delay_reg_c_4/CLK is not reached by a timing clock
Related violations: <none>

TIMING-17#465 Critical Warning
Non-clocked sequential cell  
The clock pin VECTOR_DELAY/x_pipe_reg[8][8]_srl9_RECIPROCAL_SECOND_ITERATION_valid_delay_reg_c_4/CLK is not reached by a timing clock
Related violations: <none>

TIMING-17#466 Critical Warning
Non-clocked sequential cell  
The clock pin VECTOR_DELAY/x_pipe_reg[8][9]_srl9_RECIPROCAL_SECOND_ITERATION_valid_delay_reg_c_4/CLK is not reached by a timing clock
Related violations: <none>

TIMING-17#467 Critical Warning
Non-clocked sequential cell  
The clock pin VECTOR_DELAY/x_pipe_reg[9][0]_RECIPROCAL_SECOND_ITERATION_valid_delay_reg_c_5/C is not reached by a timing clock
Related violations: <none>

TIMING-17#468 Critical Warning
Non-clocked sequential cell  
The clock pin VECTOR_DELAY/x_pipe_reg[9][10]_RECIPROCAL_SECOND_ITERATION_valid_delay_reg_c_5/C is not reached by a timing clock
Related violations: <none>

TIMING-17#469 Critical Warning
Non-clocked sequential cell  
The clock pin VECTOR_DELAY/x_pipe_reg[9][11]_RECIPROCAL_SECOND_ITERATION_valid_delay_reg_c_5/C is not reached by a timing clock
Related violations: <none>

TIMING-17#470 Critical Warning
Non-clocked sequential cell  
The clock pin VECTOR_DELAY/x_pipe_reg[9][12]_RECIPROCAL_SECOND_ITERATION_valid_delay_reg_c_5/C is not reached by a timing clock
Related violations: <none>

TIMING-17#471 Critical Warning
Non-clocked sequential cell  
The clock pin VECTOR_DELAY/x_pipe_reg[9][13]_RECIPROCAL_SECOND_ITERATION_valid_delay_reg_c_5/C is not reached by a timing clock
Related violations: <none>

TIMING-17#472 Critical Warning
Non-clocked sequential cell  
The clock pin VECTOR_DELAY/x_pipe_reg[9][14]_RECIPROCAL_SECOND_ITERATION_valid_delay_reg_c_5/C is not reached by a timing clock
Related violations: <none>

TIMING-17#473 Critical Warning
Non-clocked sequential cell  
The clock pin VECTOR_DELAY/x_pipe_reg[9][15]_RECIPROCAL_SECOND_ITERATION_valid_delay_reg_c_5/C is not reached by a timing clock
Related violations: <none>

TIMING-17#474 Critical Warning
Non-clocked sequential cell  
The clock pin VECTOR_DELAY/x_pipe_reg[9][16]_RECIPROCAL_SECOND_ITERATION_valid_delay_reg_c_5/C is not reached by a timing clock
Related violations: <none>

TIMING-17#475 Critical Warning
Non-clocked sequential cell  
The clock pin VECTOR_DELAY/x_pipe_reg[9][17]_RECIPROCAL_SECOND_ITERATION_valid_delay_reg_c_5/C is not reached by a timing clock
Related violations: <none>

TIMING-17#476 Critical Warning
Non-clocked sequential cell  
The clock pin VECTOR_DELAY/x_pipe_reg[9][18]_RECIPROCAL_SECOND_ITERATION_valid_delay_reg_c_5/C is not reached by a timing clock
Related violations: <none>

TIMING-17#477 Critical Warning
Non-clocked sequential cell  
The clock pin VECTOR_DELAY/x_pipe_reg[9][19]_RECIPROCAL_SECOND_ITERATION_valid_delay_reg_c_5/C is not reached by a timing clock
Related violations: <none>

TIMING-17#478 Critical Warning
Non-clocked sequential cell  
The clock pin VECTOR_DELAY/x_pipe_reg[9][1]_RECIPROCAL_SECOND_ITERATION_valid_delay_reg_c_5/C is not reached by a timing clock
Related violations: <none>

TIMING-17#479 Critical Warning
Non-clocked sequential cell  
The clock pin VECTOR_DELAY/x_pipe_reg[9][20]_RECIPROCAL_SECOND_ITERATION_valid_delay_reg_c_5/C is not reached by a timing clock
Related violations: <none>

TIMING-17#480 Critical Warning
Non-clocked sequential cell  
The clock pin VECTOR_DELAY/x_pipe_reg[9][21]_RECIPROCAL_SECOND_ITERATION_valid_delay_reg_c_5/C is not reached by a timing clock
Related violations: <none>

TIMING-17#481 Critical Warning
Non-clocked sequential cell  
The clock pin VECTOR_DELAY/x_pipe_reg[9][22]_RECIPROCAL_SECOND_ITERATION_valid_delay_reg_c_5/C is not reached by a timing clock
Related violations: <none>

TIMING-17#482 Critical Warning
Non-clocked sequential cell  
The clock pin VECTOR_DELAY/x_pipe_reg[9][23]_RECIPROCAL_SECOND_ITERATION_valid_delay_reg_c_5/C is not reached by a timing clock
Related violations: <none>

TIMING-17#483 Critical Warning
Non-clocked sequential cell  
The clock pin VECTOR_DELAY/x_pipe_reg[9][2]_RECIPROCAL_SECOND_ITERATION_valid_delay_reg_c_5/C is not reached by a timing clock
Related violations: <none>

TIMING-17#484 Critical Warning
Non-clocked sequential cell  
The clock pin VECTOR_DELAY/x_pipe_reg[9][3]_RECIPROCAL_SECOND_ITERATION_valid_delay_reg_c_5/C is not reached by a timing clock
Related violations: <none>

TIMING-17#485 Critical Warning
Non-clocked sequential cell  
The clock pin VECTOR_DELAY/x_pipe_reg[9][4]_RECIPROCAL_SECOND_ITERATION_valid_delay_reg_c_5/C is not reached by a timing clock
Related violations: <none>

TIMING-17#486 Critical Warning
Non-clocked sequential cell  
The clock pin VECTOR_DELAY/x_pipe_reg[9][5]_RECIPROCAL_SECOND_ITERATION_valid_delay_reg_c_5/C is not reached by a timing clock
Related violations: <none>

TIMING-17#487 Critical Warning
Non-clocked sequential cell  
The clock pin VECTOR_DELAY/x_pipe_reg[9][6]_RECIPROCAL_SECOND_ITERATION_valid_delay_reg_c_5/C is not reached by a timing clock
Related violations: <none>

TIMING-17#488 Critical Warning
Non-clocked sequential cell  
The clock pin VECTOR_DELAY/x_pipe_reg[9][7]_RECIPROCAL_SECOND_ITERATION_valid_delay_reg_c_5/C is not reached by a timing clock
Related violations: <none>

TIMING-17#489 Critical Warning
Non-clocked sequential cell  
The clock pin VECTOR_DELAY/x_pipe_reg[9][8]_RECIPROCAL_SECOND_ITERATION_valid_delay_reg_c_5/C is not reached by a timing clock
Related violations: <none>

TIMING-17#490 Critical Warning
Non-clocked sequential cell  
The clock pin VECTOR_DELAY/x_pipe_reg[9][9]_RECIPROCAL_SECOND_ITERATION_valid_delay_reg_c_5/C is not reached by a timing clock
Related violations: <none>

TIMING-17#491 Critical Warning
Non-clocked sequential cell  
The clock pin VECTOR_DELAY/y_pipe_reg[10][0]/C is not reached by a timing clock
Related violations: <none>

TIMING-17#492 Critical Warning
Non-clocked sequential cell  
The clock pin VECTOR_DELAY/y_pipe_reg[10][10]/C is not reached by a timing clock
Related violations: <none>

TIMING-17#493 Critical Warning
Non-clocked sequential cell  
The clock pin VECTOR_DELAY/y_pipe_reg[10][11]/C is not reached by a timing clock
Related violations: <none>

TIMING-17#494 Critical Warning
Non-clocked sequential cell  
The clock pin VECTOR_DELAY/y_pipe_reg[10][12]/C is not reached by a timing clock
Related violations: <none>

TIMING-17#495 Critical Warning
Non-clocked sequential cell  
The clock pin VECTOR_DELAY/y_pipe_reg[10][13]/C is not reached by a timing clock
Related violations: <none>

TIMING-17#496 Critical Warning
Non-clocked sequential cell  
The clock pin VECTOR_DELAY/y_pipe_reg[10][14]/C is not reached by a timing clock
Related violations: <none>

TIMING-17#497 Critical Warning
Non-clocked sequential cell  
The clock pin VECTOR_DELAY/y_pipe_reg[10][15]/C is not reached by a timing clock
Related violations: <none>

TIMING-17#498 Critical Warning
Non-clocked sequential cell  
The clock pin VECTOR_DELAY/y_pipe_reg[10][16]/C is not reached by a timing clock
Related violations: <none>

TIMING-17#499 Critical Warning
Non-clocked sequential cell  
The clock pin VECTOR_DELAY/y_pipe_reg[10][17]/C is not reached by a timing clock
Related violations: <none>

TIMING-17#500 Critical Warning
Non-clocked sequential cell  
The clock pin VECTOR_DELAY/y_pipe_reg[10][18]/C is not reached by a timing clock
Related violations: <none>

TIMING-17#501 Critical Warning
Non-clocked sequential cell  
The clock pin VECTOR_DELAY/y_pipe_reg[10][19]/C is not reached by a timing clock
Related violations: <none>

TIMING-17#502 Critical Warning
Non-clocked sequential cell  
The clock pin VECTOR_DELAY/y_pipe_reg[10][1]/C is not reached by a timing clock
Related violations: <none>

TIMING-17#503 Critical Warning
Non-clocked sequential cell  
The clock pin VECTOR_DELAY/y_pipe_reg[10][20]/C is not reached by a timing clock
Related violations: <none>

TIMING-17#504 Critical Warning
Non-clocked sequential cell  
The clock pin VECTOR_DELAY/y_pipe_reg[10][21]/C is not reached by a timing clock
Related violations: <none>

TIMING-17#505 Critical Warning
Non-clocked sequential cell  
The clock pin VECTOR_DELAY/y_pipe_reg[10][22]/C is not reached by a timing clock
Related violations: <none>

TIMING-17#506 Critical Warning
Non-clocked sequential cell  
The clock pin VECTOR_DELAY/y_pipe_reg[10][23]/C is not reached by a timing clock
Related violations: <none>

TIMING-17#507 Critical Warning
Non-clocked sequential cell  
The clock pin VECTOR_DELAY/y_pipe_reg[10][2]/C is not reached by a timing clock
Related violations: <none>

TIMING-17#508 Critical Warning
Non-clocked sequential cell  
The clock pin VECTOR_DELAY/y_pipe_reg[10][3]/C is not reached by a timing clock
Related violations: <none>

TIMING-17#509 Critical Warning
Non-clocked sequential cell  
The clock pin VECTOR_DELAY/y_pipe_reg[10][4]/C is not reached by a timing clock
Related violations: <none>

TIMING-17#510 Critical Warning
Non-clocked sequential cell  
The clock pin VECTOR_DELAY/y_pipe_reg[10][5]/C is not reached by a timing clock
Related violations: <none>

TIMING-17#511 Critical Warning
Non-clocked sequential cell  
The clock pin VECTOR_DELAY/y_pipe_reg[10][6]/C is not reached by a timing clock
Related violations: <none>

TIMING-17#512 Critical Warning
Non-clocked sequential cell  
The clock pin VECTOR_DELAY/y_pipe_reg[10][7]/C is not reached by a timing clock
Related violations: <none>

TIMING-17#513 Critical Warning
Non-clocked sequential cell  
The clock pin VECTOR_DELAY/y_pipe_reg[10][8]/C is not reached by a timing clock
Related violations: <none>

TIMING-17#514 Critical Warning
Non-clocked sequential cell  
The clock pin VECTOR_DELAY/y_pipe_reg[10][9]/C is not reached by a timing clock
Related violations: <none>

TIMING-17#515 Critical Warning
Non-clocked sequential cell  
The clock pin VECTOR_DELAY/y_pipe_reg[8][0]_srl9_RECIPROCAL_SECOND_ITERATION_valid_delay_reg_c_4/CLK is not reached by a timing clock
Related violations: <none>

TIMING-17#516 Critical Warning
Non-clocked sequential cell  
The clock pin VECTOR_DELAY/y_pipe_reg[8][10]_srl9_RECIPROCAL_SECOND_ITERATION_valid_delay_reg_c_4/CLK is not reached by a timing clock
Related violations: <none>

TIMING-17#517 Critical Warning
Non-clocked sequential cell  
The clock pin VECTOR_DELAY/y_pipe_reg[8][11]_srl9_RECIPROCAL_SECOND_ITERATION_valid_delay_reg_c_4/CLK is not reached by a timing clock
Related violations: <none>

TIMING-17#518 Critical Warning
Non-clocked sequential cell  
The clock pin VECTOR_DELAY/y_pipe_reg[8][12]_srl9_RECIPROCAL_SECOND_ITERATION_valid_delay_reg_c_4/CLK is not reached by a timing clock
Related violations: <none>

TIMING-17#519 Critical Warning
Non-clocked sequential cell  
The clock pin VECTOR_DELAY/y_pipe_reg[8][13]_srl9_RECIPROCAL_SECOND_ITERATION_valid_delay_reg_c_4/CLK is not reached by a timing clock
Related violations: <none>

TIMING-17#520 Critical Warning
Non-clocked sequential cell  
The clock pin VECTOR_DELAY/y_pipe_reg[8][14]_srl9_RECIPROCAL_SECOND_ITERATION_valid_delay_reg_c_4/CLK is not reached by a timing clock
Related violations: <none>

TIMING-17#521 Critical Warning
Non-clocked sequential cell  
The clock pin VECTOR_DELAY/y_pipe_reg[8][15]_srl9_RECIPROCAL_SECOND_ITERATION_valid_delay_reg_c_4/CLK is not reached by a timing clock
Related violations: <none>

TIMING-17#522 Critical Warning
Non-clocked sequential cell  
The clock pin VECTOR_DELAY/y_pipe_reg[8][16]_srl9_RECIPROCAL_SECOND_ITERATION_valid_delay_reg_c_4/CLK is not reached by a timing clock
Related violations: <none>

TIMING-17#523 Critical Warning
Non-clocked sequential cell  
The clock pin VECTOR_DELAY/y_pipe_reg[8][17]_srl9_RECIPROCAL_SECOND_ITERATION_valid_delay_reg_c_4/CLK is not reached by a timing clock
Related violations: <none>

TIMING-17#524 Critical Warning
Non-clocked sequential cell  
The clock pin VECTOR_DELAY/y_pipe_reg[8][18]_srl9_RECIPROCAL_SECOND_ITERATION_valid_delay_reg_c_4/CLK is not reached by a timing clock
Related violations: <none>

TIMING-17#525 Critical Warning
Non-clocked sequential cell  
The clock pin VECTOR_DELAY/y_pipe_reg[8][19]_srl9_RECIPROCAL_SECOND_ITERATION_valid_delay_reg_c_4/CLK is not reached by a timing clock
Related violations: <none>

TIMING-17#526 Critical Warning
Non-clocked sequential cell  
The clock pin VECTOR_DELAY/y_pipe_reg[8][1]_srl9_RECIPROCAL_SECOND_ITERATION_valid_delay_reg_c_4/CLK is not reached by a timing clock
Related violations: <none>

TIMING-17#527 Critical Warning
Non-clocked sequential cell  
The clock pin VECTOR_DELAY/y_pipe_reg[8][20]_srl9_RECIPROCAL_SECOND_ITERATION_valid_delay_reg_c_4/CLK is not reached by a timing clock
Related violations: <none>

TIMING-17#528 Critical Warning
Non-clocked sequential cell  
The clock pin VECTOR_DELAY/y_pipe_reg[8][21]_srl9_RECIPROCAL_SECOND_ITERATION_valid_delay_reg_c_4/CLK is not reached by a timing clock
Related violations: <none>

TIMING-17#529 Critical Warning
Non-clocked sequential cell  
The clock pin VECTOR_DELAY/y_pipe_reg[8][22]_srl9_RECIPROCAL_SECOND_ITERATION_valid_delay_reg_c_4/CLK is not reached by a timing clock
Related violations: <none>

TIMING-17#530 Critical Warning
Non-clocked sequential cell  
The clock pin VECTOR_DELAY/y_pipe_reg[8][23]_srl9_RECIPROCAL_SECOND_ITERATION_valid_delay_reg_c_4/CLK is not reached by a timing clock
Related violations: <none>

TIMING-17#531 Critical Warning
Non-clocked sequential cell  
The clock pin VECTOR_DELAY/y_pipe_reg[8][2]_srl9_RECIPROCAL_SECOND_ITERATION_valid_delay_reg_c_4/CLK is not reached by a timing clock
Related violations: <none>

TIMING-17#532 Critical Warning
Non-clocked sequential cell  
The clock pin VECTOR_DELAY/y_pipe_reg[8][3]_srl9_RECIPROCAL_SECOND_ITERATION_valid_delay_reg_c_4/CLK is not reached by a timing clock
Related violations: <none>

TIMING-17#533 Critical Warning
Non-clocked sequential cell  
The clock pin VECTOR_DELAY/y_pipe_reg[8][4]_srl9_RECIPROCAL_SECOND_ITERATION_valid_delay_reg_c_4/CLK is not reached by a timing clock
Related violations: <none>

TIMING-17#534 Critical Warning
Non-clocked sequential cell  
The clock pin VECTOR_DELAY/y_pipe_reg[8][5]_srl9_RECIPROCAL_SECOND_ITERATION_valid_delay_reg_c_4/CLK is not reached by a timing clock
Related violations: <none>

TIMING-17#535 Critical Warning
Non-clocked sequential cell  
The clock pin VECTOR_DELAY/y_pipe_reg[8][6]_srl9_RECIPROCAL_SECOND_ITERATION_valid_delay_reg_c_4/CLK is not reached by a timing clock
Related violations: <none>

TIMING-17#536 Critical Warning
Non-clocked sequential cell  
The clock pin VECTOR_DELAY/y_pipe_reg[8][7]_srl9_RECIPROCAL_SECOND_ITERATION_valid_delay_reg_c_4/CLK is not reached by a timing clock
Related violations: <none>

TIMING-17#537 Critical Warning
Non-clocked sequential cell  
The clock pin VECTOR_DELAY/y_pipe_reg[8][8]_srl9_RECIPROCAL_SECOND_ITERATION_valid_delay_reg_c_4/CLK is not reached by a timing clock
Related violations: <none>

TIMING-17#538 Critical Warning
Non-clocked sequential cell  
The clock pin VECTOR_DELAY/y_pipe_reg[8][9]_srl9_RECIPROCAL_SECOND_ITERATION_valid_delay_reg_c_4/CLK is not reached by a timing clock
Related violations: <none>

TIMING-17#539 Critical Warning
Non-clocked sequential cell  
The clock pin VECTOR_DELAY/y_pipe_reg[9][0]_RECIPROCAL_SECOND_ITERATION_valid_delay_reg_c_5/C is not reached by a timing clock
Related violations: <none>

TIMING-17#540 Critical Warning
Non-clocked sequential cell  
The clock pin VECTOR_DELAY/y_pipe_reg[9][10]_RECIPROCAL_SECOND_ITERATION_valid_delay_reg_c_5/C is not reached by a timing clock
Related violations: <none>

TIMING-17#541 Critical Warning
Non-clocked sequential cell  
The clock pin VECTOR_DELAY/y_pipe_reg[9][11]_RECIPROCAL_SECOND_ITERATION_valid_delay_reg_c_5/C is not reached by a timing clock
Related violations: <none>

TIMING-17#542 Critical Warning
Non-clocked sequential cell  
The clock pin VECTOR_DELAY/y_pipe_reg[9][12]_RECIPROCAL_SECOND_ITERATION_valid_delay_reg_c_5/C is not reached by a timing clock
Related violations: <none>

TIMING-17#543 Critical Warning
Non-clocked sequential cell  
The clock pin VECTOR_DELAY/y_pipe_reg[9][13]_RECIPROCAL_SECOND_ITERATION_valid_delay_reg_c_5/C is not reached by a timing clock
Related violations: <none>

TIMING-17#544 Critical Warning
Non-clocked sequential cell  
The clock pin VECTOR_DELAY/y_pipe_reg[9][14]_RECIPROCAL_SECOND_ITERATION_valid_delay_reg_c_5/C is not reached by a timing clock
Related violations: <none>

TIMING-17#545 Critical Warning
Non-clocked sequential cell  
The clock pin VECTOR_DELAY/y_pipe_reg[9][15]_RECIPROCAL_SECOND_ITERATION_valid_delay_reg_c_5/C is not reached by a timing clock
Related violations: <none>

TIMING-17#546 Critical Warning
Non-clocked sequential cell  
The clock pin VECTOR_DELAY/y_pipe_reg[9][16]_RECIPROCAL_SECOND_ITERATION_valid_delay_reg_c_5/C is not reached by a timing clock
Related violations: <none>

TIMING-17#547 Critical Warning
Non-clocked sequential cell  
The clock pin VECTOR_DELAY/y_pipe_reg[9][17]_RECIPROCAL_SECOND_ITERATION_valid_delay_reg_c_5/C is not reached by a timing clock
Related violations: <none>

TIMING-17#548 Critical Warning
Non-clocked sequential cell  
The clock pin VECTOR_DELAY/y_pipe_reg[9][18]_RECIPROCAL_SECOND_ITERATION_valid_delay_reg_c_5/C is not reached by a timing clock
Related violations: <none>

TIMING-17#549 Critical Warning
Non-clocked sequential cell  
The clock pin VECTOR_DELAY/y_pipe_reg[9][19]_RECIPROCAL_SECOND_ITERATION_valid_delay_reg_c_5/C is not reached by a timing clock
Related violations: <none>

TIMING-17#550 Critical Warning
Non-clocked sequential cell  
The clock pin VECTOR_DELAY/y_pipe_reg[9][1]_RECIPROCAL_SECOND_ITERATION_valid_delay_reg_c_5/C is not reached by a timing clock
Related violations: <none>

TIMING-17#551 Critical Warning
Non-clocked sequential cell  
The clock pin VECTOR_DELAY/y_pipe_reg[9][20]_RECIPROCAL_SECOND_ITERATION_valid_delay_reg_c_5/C is not reached by a timing clock
Related violations: <none>

TIMING-17#552 Critical Warning
Non-clocked sequential cell  
The clock pin VECTOR_DELAY/y_pipe_reg[9][21]_RECIPROCAL_SECOND_ITERATION_valid_delay_reg_c_5/C is not reached by a timing clock
Related violations: <none>

TIMING-17#553 Critical Warning
Non-clocked sequential cell  
The clock pin VECTOR_DELAY/y_pipe_reg[9][22]_RECIPROCAL_SECOND_ITERATION_valid_delay_reg_c_5/C is not reached by a timing clock
Related violations: <none>

TIMING-17#554 Critical Warning
Non-clocked sequential cell  
The clock pin VECTOR_DELAY/y_pipe_reg[9][23]_RECIPROCAL_SECOND_ITERATION_valid_delay_reg_c_5/C is not reached by a timing clock
Related violations: <none>

TIMING-17#555 Critical Warning
Non-clocked sequential cell  
The clock pin VECTOR_DELAY/y_pipe_reg[9][2]_RECIPROCAL_SECOND_ITERATION_valid_delay_reg_c_5/C is not reached by a timing clock
Related violations: <none>

TIMING-17#556 Critical Warning
Non-clocked sequential cell  
The clock pin VECTOR_DELAY/y_pipe_reg[9][3]_RECIPROCAL_SECOND_ITERATION_valid_delay_reg_c_5/C is not reached by a timing clock
Related violations: <none>

TIMING-17#557 Critical Warning
Non-clocked sequential cell  
The clock pin VECTOR_DELAY/y_pipe_reg[9][4]_RECIPROCAL_SECOND_ITERATION_valid_delay_reg_c_5/C is not reached by a timing clock
Related violations: <none>

TIMING-17#558 Critical Warning
Non-clocked sequential cell  
The clock pin VECTOR_DELAY/y_pipe_reg[9][5]_RECIPROCAL_SECOND_ITERATION_valid_delay_reg_c_5/C is not reached by a timing clock
Related violations: <none>

TIMING-17#559 Critical Warning
Non-clocked sequential cell  
The clock pin VECTOR_DELAY/y_pipe_reg[9][6]_RECIPROCAL_SECOND_ITERATION_valid_delay_reg_c_5/C is not reached by a timing clock
Related violations: <none>

TIMING-17#560 Critical Warning
Non-clocked sequential cell  
The clock pin VECTOR_DELAY/y_pipe_reg[9][7]_RECIPROCAL_SECOND_ITERATION_valid_delay_reg_c_5/C is not reached by a timing clock
Related violations: <none>

TIMING-17#561 Critical Warning
Non-clocked sequential cell  
The clock pin VECTOR_DELAY/y_pipe_reg[9][8]_RECIPROCAL_SECOND_ITERATION_valid_delay_reg_c_5/C is not reached by a timing clock
Related violations: <none>

TIMING-17#562 Critical Warning
Non-clocked sequential cell  
The clock pin VECTOR_DELAY/y_pipe_reg[9][9]_RECIPROCAL_SECOND_ITERATION_valid_delay_reg_c_5/C is not reached by a timing clock
Related violations: <none>

TIMING-17#563 Critical Warning
Non-clocked sequential cell  
The clock pin VECTOR_DELAY/z_pipe_reg[10][0]/C is not reached by a timing clock
Related violations: <none>

TIMING-17#564 Critical Warning
Non-clocked sequential cell  
The clock pin VECTOR_DELAY/z_pipe_reg[10][10]/C is not reached by a timing clock
Related violations: <none>

TIMING-17#565 Critical Warning
Non-clocked sequential cell  
The clock pin VECTOR_DELAY/z_pipe_reg[10][11]/C is not reached by a timing clock
Related violations: <none>

TIMING-17#566 Critical Warning
Non-clocked sequential cell  
The clock pin VECTOR_DELAY/z_pipe_reg[10][12]/C is not reached by a timing clock
Related violations: <none>

TIMING-17#567 Critical Warning
Non-clocked sequential cell  
The clock pin VECTOR_DELAY/z_pipe_reg[10][13]/C is not reached by a timing clock
Related violations: <none>

TIMING-17#568 Critical Warning
Non-clocked sequential cell  
The clock pin VECTOR_DELAY/z_pipe_reg[10][14]/C is not reached by a timing clock
Related violations: <none>

TIMING-17#569 Critical Warning
Non-clocked sequential cell  
The clock pin VECTOR_DELAY/z_pipe_reg[10][15]/C is not reached by a timing clock
Related violations: <none>

TIMING-17#570 Critical Warning
Non-clocked sequential cell  
The clock pin VECTOR_DELAY/z_pipe_reg[10][16]/C is not reached by a timing clock
Related violations: <none>

TIMING-17#571 Critical Warning
Non-clocked sequential cell  
The clock pin VECTOR_DELAY/z_pipe_reg[10][17]/C is not reached by a timing clock
Related violations: <none>

TIMING-17#572 Critical Warning
Non-clocked sequential cell  
The clock pin VECTOR_DELAY/z_pipe_reg[10][18]/C is not reached by a timing clock
Related violations: <none>

TIMING-17#573 Critical Warning
Non-clocked sequential cell  
The clock pin VECTOR_DELAY/z_pipe_reg[10][19]/C is not reached by a timing clock
Related violations: <none>

TIMING-17#574 Critical Warning
Non-clocked sequential cell  
The clock pin VECTOR_DELAY/z_pipe_reg[10][1]/C is not reached by a timing clock
Related violations: <none>

TIMING-17#575 Critical Warning
Non-clocked sequential cell  
The clock pin VECTOR_DELAY/z_pipe_reg[10][20]/C is not reached by a timing clock
Related violations: <none>

TIMING-17#576 Critical Warning
Non-clocked sequential cell  
The clock pin VECTOR_DELAY/z_pipe_reg[10][21]/C is not reached by a timing clock
Related violations: <none>

TIMING-17#577 Critical Warning
Non-clocked sequential cell  
The clock pin VECTOR_DELAY/z_pipe_reg[10][22]/C is not reached by a timing clock
Related violations: <none>

TIMING-17#578 Critical Warning
Non-clocked sequential cell  
The clock pin VECTOR_DELAY/z_pipe_reg[10][23]/C is not reached by a timing clock
Related violations: <none>

TIMING-17#579 Critical Warning
Non-clocked sequential cell  
The clock pin VECTOR_DELAY/z_pipe_reg[10][2]/C is not reached by a timing clock
Related violations: <none>

TIMING-17#580 Critical Warning
Non-clocked sequential cell  
The clock pin VECTOR_DELAY/z_pipe_reg[10][3]/C is not reached by a timing clock
Related violations: <none>

TIMING-17#581 Critical Warning
Non-clocked sequential cell  
The clock pin VECTOR_DELAY/z_pipe_reg[10][4]/C is not reached by a timing clock
Related violations: <none>

TIMING-17#582 Critical Warning
Non-clocked sequential cell  
The clock pin VECTOR_DELAY/z_pipe_reg[10][5]/C is not reached by a timing clock
Related violations: <none>

TIMING-17#583 Critical Warning
Non-clocked sequential cell  
The clock pin VECTOR_DELAY/z_pipe_reg[10][6]/C is not reached by a timing clock
Related violations: <none>

TIMING-17#584 Critical Warning
Non-clocked sequential cell  
The clock pin VECTOR_DELAY/z_pipe_reg[10][7]/C is not reached by a timing clock
Related violations: <none>

TIMING-17#585 Critical Warning
Non-clocked sequential cell  
The clock pin VECTOR_DELAY/z_pipe_reg[10][8]/C is not reached by a timing clock
Related violations: <none>

TIMING-17#586 Critical Warning
Non-clocked sequential cell  
The clock pin VECTOR_DELAY/z_pipe_reg[10][9]/C is not reached by a timing clock
Related violations: <none>

TIMING-17#587 Critical Warning
Non-clocked sequential cell  
The clock pin VECTOR_DELAY/z_pipe_reg[8][0]_srl9_RECIPROCAL_SECOND_ITERATION_valid_delay_reg_c_4/CLK is not reached by a timing clock
Related violations: <none>

TIMING-17#588 Critical Warning
Non-clocked sequential cell  
The clock pin VECTOR_DELAY/z_pipe_reg[8][10]_srl9_RECIPROCAL_SECOND_ITERATION_valid_delay_reg_c_4/CLK is not reached by a timing clock
Related violations: <none>

TIMING-17#589 Critical Warning
Non-clocked sequential cell  
The clock pin VECTOR_DELAY/z_pipe_reg[8][11]_srl9_RECIPROCAL_SECOND_ITERATION_valid_delay_reg_c_4/CLK is not reached by a timing clock
Related violations: <none>

TIMING-17#590 Critical Warning
Non-clocked sequential cell  
The clock pin VECTOR_DELAY/z_pipe_reg[8][12]_srl9_RECIPROCAL_SECOND_ITERATION_valid_delay_reg_c_4/CLK is not reached by a timing clock
Related violations: <none>

TIMING-17#591 Critical Warning
Non-clocked sequential cell  
The clock pin VECTOR_DELAY/z_pipe_reg[8][13]_srl9_RECIPROCAL_SECOND_ITERATION_valid_delay_reg_c_4/CLK is not reached by a timing clock
Related violations: <none>

TIMING-17#592 Critical Warning
Non-clocked sequential cell  
The clock pin VECTOR_DELAY/z_pipe_reg[8][14]_srl9_RECIPROCAL_SECOND_ITERATION_valid_delay_reg_c_4/CLK is not reached by a timing clock
Related violations: <none>

TIMING-17#593 Critical Warning
Non-clocked sequential cell  
The clock pin VECTOR_DELAY/z_pipe_reg[8][15]_srl9_RECIPROCAL_SECOND_ITERATION_valid_delay_reg_c_4/CLK is not reached by a timing clock
Related violations: <none>

TIMING-17#594 Critical Warning
Non-clocked sequential cell  
The clock pin VECTOR_DELAY/z_pipe_reg[8][16]_srl9_RECIPROCAL_SECOND_ITERATION_valid_delay_reg_c_4/CLK is not reached by a timing clock
Related violations: <none>

TIMING-17#595 Critical Warning
Non-clocked sequential cell  
The clock pin VECTOR_DELAY/z_pipe_reg[8][17]_srl9_RECIPROCAL_SECOND_ITERATION_valid_delay_reg_c_4/CLK is not reached by a timing clock
Related violations: <none>

TIMING-17#596 Critical Warning
Non-clocked sequential cell  
The clock pin VECTOR_DELAY/z_pipe_reg[8][18]_srl9_RECIPROCAL_SECOND_ITERATION_valid_delay_reg_c_4/CLK is not reached by a timing clock
Related violations: <none>

TIMING-17#597 Critical Warning
Non-clocked sequential cell  
The clock pin VECTOR_DELAY/z_pipe_reg[8][19]_srl9_RECIPROCAL_SECOND_ITERATION_valid_delay_reg_c_4/CLK is not reached by a timing clock
Related violations: <none>

TIMING-17#598 Critical Warning
Non-clocked sequential cell  
The clock pin VECTOR_DELAY/z_pipe_reg[8][1]_srl9_RECIPROCAL_SECOND_ITERATION_valid_delay_reg_c_4/CLK is not reached by a timing clock
Related violations: <none>

TIMING-17#599 Critical Warning
Non-clocked sequential cell  
The clock pin VECTOR_DELAY/z_pipe_reg[8][20]_srl9_RECIPROCAL_SECOND_ITERATION_valid_delay_reg_c_4/CLK is not reached by a timing clock
Related violations: <none>

TIMING-17#600 Critical Warning
Non-clocked sequential cell  
The clock pin VECTOR_DELAY/z_pipe_reg[8][21]_srl9_RECIPROCAL_SECOND_ITERATION_valid_delay_reg_c_4/CLK is not reached by a timing clock
Related violations: <none>

TIMING-17#601 Critical Warning
Non-clocked sequential cell  
The clock pin VECTOR_DELAY/z_pipe_reg[8][22]_srl9_RECIPROCAL_SECOND_ITERATION_valid_delay_reg_c_4/CLK is not reached by a timing clock
Related violations: <none>

TIMING-17#602 Critical Warning
Non-clocked sequential cell  
The clock pin VECTOR_DELAY/z_pipe_reg[8][23]_srl9_RECIPROCAL_SECOND_ITERATION_valid_delay_reg_c_4/CLK is not reached by a timing clock
Related violations: <none>

TIMING-17#603 Critical Warning
Non-clocked sequential cell  
The clock pin VECTOR_DELAY/z_pipe_reg[8][2]_srl9_RECIPROCAL_SECOND_ITERATION_valid_delay_reg_c_4/CLK is not reached by a timing clock
Related violations: <none>

TIMING-17#604 Critical Warning
Non-clocked sequential cell  
The clock pin VECTOR_DELAY/z_pipe_reg[8][3]_srl9_RECIPROCAL_SECOND_ITERATION_valid_delay_reg_c_4/CLK is not reached by a timing clock
Related violations: <none>

TIMING-17#605 Critical Warning
Non-clocked sequential cell  
The clock pin VECTOR_DELAY/z_pipe_reg[8][4]_srl9_RECIPROCAL_SECOND_ITERATION_valid_delay_reg_c_4/CLK is not reached by a timing clock
Related violations: <none>

TIMING-17#606 Critical Warning
Non-clocked sequential cell  
The clock pin VECTOR_DELAY/z_pipe_reg[8][5]_srl9_RECIPROCAL_SECOND_ITERATION_valid_delay_reg_c_4/CLK is not reached by a timing clock
Related violations: <none>

TIMING-17#607 Critical Warning
Non-clocked sequential cell  
The clock pin VECTOR_DELAY/z_pipe_reg[8][6]_srl9_RECIPROCAL_SECOND_ITERATION_valid_delay_reg_c_4/CLK is not reached by a timing clock
Related violations: <none>

TIMING-17#608 Critical Warning
Non-clocked sequential cell  
The clock pin VECTOR_DELAY/z_pipe_reg[8][7]_srl9_RECIPROCAL_SECOND_ITERATION_valid_delay_reg_c_4/CLK is not reached by a timing clock
Related violations: <none>

TIMING-17#609 Critical Warning
Non-clocked sequential cell  
The clock pin VECTOR_DELAY/z_pipe_reg[8][8]_srl9_RECIPROCAL_SECOND_ITERATION_valid_delay_reg_c_4/CLK is not reached by a timing clock
Related violations: <none>

TIMING-17#610 Critical Warning
Non-clocked sequential cell  
The clock pin VECTOR_DELAY/z_pipe_reg[8][9]_srl9_RECIPROCAL_SECOND_ITERATION_valid_delay_reg_c_4/CLK is not reached by a timing clock
Related violations: <none>

TIMING-17#611 Critical Warning
Non-clocked sequential cell  
The clock pin VECTOR_DELAY/z_pipe_reg[9][0]_RECIPROCAL_SECOND_ITERATION_valid_delay_reg_c_5/C is not reached by a timing clock
Related violations: <none>

TIMING-17#612 Critical Warning
Non-clocked sequential cell  
The clock pin VECTOR_DELAY/z_pipe_reg[9][10]_RECIPROCAL_SECOND_ITERATION_valid_delay_reg_c_5/C is not reached by a timing clock
Related violations: <none>

TIMING-17#613 Critical Warning
Non-clocked sequential cell  
The clock pin VECTOR_DELAY/z_pipe_reg[9][11]_RECIPROCAL_SECOND_ITERATION_valid_delay_reg_c_5/C is not reached by a timing clock
Related violations: <none>

TIMING-17#614 Critical Warning
Non-clocked sequential cell  
The clock pin VECTOR_DELAY/z_pipe_reg[9][12]_RECIPROCAL_SECOND_ITERATION_valid_delay_reg_c_5/C is not reached by a timing clock
Related violations: <none>

TIMING-17#615 Critical Warning
Non-clocked sequential cell  
The clock pin VECTOR_DELAY/z_pipe_reg[9][13]_RECIPROCAL_SECOND_ITERATION_valid_delay_reg_c_5/C is not reached by a timing clock
Related violations: <none>

TIMING-17#616 Critical Warning
Non-clocked sequential cell  
The clock pin VECTOR_DELAY/z_pipe_reg[9][14]_RECIPROCAL_SECOND_ITERATION_valid_delay_reg_c_5/C is not reached by a timing clock
Related violations: <none>

TIMING-17#617 Critical Warning
Non-clocked sequential cell  
The clock pin VECTOR_DELAY/z_pipe_reg[9][15]_RECIPROCAL_SECOND_ITERATION_valid_delay_reg_c_5/C is not reached by a timing clock
Related violations: <none>

TIMING-17#618 Critical Warning
Non-clocked sequential cell  
The clock pin VECTOR_DELAY/z_pipe_reg[9][16]_RECIPROCAL_SECOND_ITERATION_valid_delay_reg_c_5/C is not reached by a timing clock
Related violations: <none>

TIMING-17#619 Critical Warning
Non-clocked sequential cell  
The clock pin VECTOR_DELAY/z_pipe_reg[9][17]_RECIPROCAL_SECOND_ITERATION_valid_delay_reg_c_5/C is not reached by a timing clock
Related violations: <none>

TIMING-17#620 Critical Warning
Non-clocked sequential cell  
The clock pin VECTOR_DELAY/z_pipe_reg[9][18]_RECIPROCAL_SECOND_ITERATION_valid_delay_reg_c_5/C is not reached by a timing clock
Related violations: <none>

TIMING-17#621 Critical Warning
Non-clocked sequential cell  
The clock pin VECTOR_DELAY/z_pipe_reg[9][19]_RECIPROCAL_SECOND_ITERATION_valid_delay_reg_c_5/C is not reached by a timing clock
Related violations: <none>

TIMING-17#622 Critical Warning
Non-clocked sequential cell  
The clock pin VECTOR_DELAY/z_pipe_reg[9][1]_RECIPROCAL_SECOND_ITERATION_valid_delay_reg_c_5/C is not reached by a timing clock
Related violations: <none>

TIMING-17#623 Critical Warning
Non-clocked sequential cell  
The clock pin VECTOR_DELAY/z_pipe_reg[9][20]_RECIPROCAL_SECOND_ITERATION_valid_delay_reg_c_5/C is not reached by a timing clock
Related violations: <none>

TIMING-17#624 Critical Warning
Non-clocked sequential cell  
The clock pin VECTOR_DELAY/z_pipe_reg[9][21]_RECIPROCAL_SECOND_ITERATION_valid_delay_reg_c_5/C is not reached by a timing clock
Related violations: <none>

TIMING-17#625 Critical Warning
Non-clocked sequential cell  
The clock pin VECTOR_DELAY/z_pipe_reg[9][22]_RECIPROCAL_SECOND_ITERATION_valid_delay_reg_c_5/C is not reached by a timing clock
Related violations: <none>

TIMING-17#626 Critical Warning
Non-clocked sequential cell  
The clock pin VECTOR_DELAY/z_pipe_reg[9][23]_RECIPROCAL_SECOND_ITERATION_valid_delay_reg_c_5/C is not reached by a timing clock
Related violations: <none>

TIMING-17#627 Critical Warning
Non-clocked sequential cell  
The clock pin VECTOR_DELAY/z_pipe_reg[9][2]_RECIPROCAL_SECOND_ITERATION_valid_delay_reg_c_5/C is not reached by a timing clock
Related violations: <none>

TIMING-17#628 Critical Warning
Non-clocked sequential cell  
The clock pin VECTOR_DELAY/z_pipe_reg[9][3]_RECIPROCAL_SECOND_ITERATION_valid_delay_reg_c_5/C is not reached by a timing clock
Related violations: <none>

TIMING-17#629 Critical Warning
Non-clocked sequential cell  
The clock pin VECTOR_DELAY/z_pipe_reg[9][4]_RECIPROCAL_SECOND_ITERATION_valid_delay_reg_c_5/C is not reached by a timing clock
Related violations: <none>

TIMING-17#630 Critical Warning
Non-clocked sequential cell  
The clock pin VECTOR_DELAY/z_pipe_reg[9][5]_RECIPROCAL_SECOND_ITERATION_valid_delay_reg_c_5/C is not reached by a timing clock
Related violations: <none>

TIMING-17#631 Critical Warning
Non-clocked sequential cell  
The clock pin VECTOR_DELAY/z_pipe_reg[9][6]_RECIPROCAL_SECOND_ITERATION_valid_delay_reg_c_5/C is not reached by a timing clock
Related violations: <none>

TIMING-17#632 Critical Warning
Non-clocked sequential cell  
The clock pin VECTOR_DELAY/z_pipe_reg[9][7]_RECIPROCAL_SECOND_ITERATION_valid_delay_reg_c_5/C is not reached by a timing clock
Related violations: <none>

TIMING-17#633 Critical Warning
Non-clocked sequential cell  
The clock pin VECTOR_DELAY/z_pipe_reg[9][8]_RECIPROCAL_SECOND_ITERATION_valid_delay_reg_c_5/C is not reached by a timing clock
Related violations: <none>

TIMING-17#634 Critical Warning
Non-clocked sequential cell  
The clock pin VECTOR_DELAY/z_pipe_reg[9][9]_RECIPROCAL_SECOND_ITERATION_valid_delay_reg_c_5/C is not reached by a timing clock
Related violations: <none>

TIMING-17#635 Critical Warning
Non-clocked sequential cell  
The clock pin div_zero_reg/C is not reached by a timing clock
Related violations: <none>

TIMING-17#636 Critical Warning
Non-clocked sequential cell  
The clock pin out_valid_reg/C is not reached by a timing clock
Related violations: <none>

TIMING-17#637 Critical Warning
Non-clocked sequential cell  
The clock pin product_reg[44]_i_7/C is not reached by a timing clock
Related violations: <none>

TIMING-17#638 Critical Warning
Non-clocked sequential cell  
The clock pin product_reg[44]_i_7__0/C is not reached by a timing clock
Related violations: <none>

TIMING-17#639 Critical Warning
Non-clocked sequential cell  
The clock pin product_reg[44]_i_7__1/C is not reached by a timing clock
Related violations: <none>

TIMING-17#640 Critical Warning
Non-clocked sequential cell  
The clock pin product_reg[44]_i_7__2/C is not reached by a timing clock
Related violations: <none>

TIMING-17#641 Critical Warning
Non-clocked sequential cell  
The clock pin product_reg[46]_i_4/C is not reached by a timing clock
Related violations: <none>

TIMING-17#642 Critical Warning
Non-clocked sequential cell  
The clock pin product_reg[46]_i_4__0/C is not reached by a timing clock
Related violations: <none>

TIMING-17#643 Critical Warning
Non-clocked sequential cell  
The clock pin product_reg[47]_i_5/C is not reached by a timing clock
Related violations: <none>

TIMING-17#644 Critical Warning
Non-clocked sequential cell  
The clock pin product_reg[47]_i_6/C is not reached by a timing clock
Related violations: <none>

TIMING-17#645 Critical Warning
Non-clocked sequential cell  
The clock pin x_ndc_reg[0]/C is not reached by a timing clock
Related violations: <none>

TIMING-17#646 Critical Warning
Non-clocked sequential cell  
The clock pin x_ndc_reg[10]/C is not reached by a timing clock
Related violations: <none>

TIMING-17#647 Critical Warning
Non-clocked sequential cell  
The clock pin x_ndc_reg[11]/C is not reached by a timing clock
Related violations: <none>

TIMING-17#648 Critical Warning
Non-clocked sequential cell  
The clock pin x_ndc_reg[12]/C is not reached by a timing clock
Related violations: <none>

TIMING-17#649 Critical Warning
Non-clocked sequential cell  
The clock pin x_ndc_reg[13]/C is not reached by a timing clock
Related violations: <none>

TIMING-17#650 Critical Warning
Non-clocked sequential cell  
The clock pin x_ndc_reg[14]/C is not reached by a timing clock
Related violations: <none>

TIMING-17#651 Critical Warning
Non-clocked sequential cell  
The clock pin x_ndc_reg[15]/C is not reached by a timing clock
Related violations: <none>

TIMING-17#652 Critical Warning
Non-clocked sequential cell  
The clock pin x_ndc_reg[16]/C is not reached by a timing clock
Related violations: <none>

TIMING-17#653 Critical Warning
Non-clocked sequential cell  
The clock pin x_ndc_reg[17]/C is not reached by a timing clock
Related violations: <none>

TIMING-17#654 Critical Warning
Non-clocked sequential cell  
The clock pin x_ndc_reg[18]/C is not reached by a timing clock
Related violations: <none>

TIMING-17#655 Critical Warning
Non-clocked sequential cell  
The clock pin x_ndc_reg[19]/C is not reached by a timing clock
Related violations: <none>

TIMING-17#656 Critical Warning
Non-clocked sequential cell  
The clock pin x_ndc_reg[1]/C is not reached by a timing clock
Related violations: <none>

TIMING-17#657 Critical Warning
Non-clocked sequential cell  
The clock pin x_ndc_reg[20]/C is not reached by a timing clock
Related violations: <none>

TIMING-17#658 Critical Warning
Non-clocked sequential cell  
The clock pin x_ndc_reg[21]/C is not reached by a timing clock
Related violations: <none>

TIMING-17#659 Critical Warning
Non-clocked sequential cell  
The clock pin x_ndc_reg[22]/C is not reached by a timing clock
Related violations: <none>

TIMING-17#660 Critical Warning
Non-clocked sequential cell  
The clock pin x_ndc_reg[23]/C is not reached by a timing clock
Related violations: <none>

TIMING-17#661 Critical Warning
Non-clocked sequential cell  
The clock pin x_ndc_reg[23]_i_4/C is not reached by a timing clock
Related violations: <none>

TIMING-17#662 Critical Warning
Non-clocked sequential cell  
The clock pin x_ndc_reg[2]/C is not reached by a timing clock
Related violations: <none>

TIMING-17#663 Critical Warning
Non-clocked sequential cell  
The clock pin x_ndc_reg[3]/C is not reached by a timing clock
Related violations: <none>

TIMING-17#664 Critical Warning
Non-clocked sequential cell  
The clock pin x_ndc_reg[4]/C is not reached by a timing clock
Related violations: <none>

TIMING-17#665 Critical Warning
Non-clocked sequential cell  
The clock pin x_ndc_reg[5]/C is not reached by a timing clock
Related violations: <none>

TIMING-17#666 Critical Warning
Non-clocked sequential cell  
The clock pin x_ndc_reg[6]/C is not reached by a timing clock
Related violations: <none>

TIMING-17#667 Critical Warning
Non-clocked sequential cell  
The clock pin x_ndc_reg[7]/C is not reached by a timing clock
Related violations: <none>

TIMING-17#668 Critical Warning
Non-clocked sequential cell  
The clock pin x_ndc_reg[8]/C is not reached by a timing clock
Related violations: <none>

TIMING-17#669 Critical Warning
Non-clocked sequential cell  
The clock pin x_ndc_reg[9]/C is not reached by a timing clock
Related violations: <none>

TIMING-17#670 Critical Warning
Non-clocked sequential cell  
The clock pin y_ndc_reg[0]/C is not reached by a timing clock
Related violations: <none>

TIMING-17#671 Critical Warning
Non-clocked sequential cell  
The clock pin y_ndc_reg[10]/C is not reached by a timing clock
Related violations: <none>

TIMING-17#672 Critical Warning
Non-clocked sequential cell  
The clock pin y_ndc_reg[11]/C is not reached by a timing clock
Related violations: <none>

TIMING-17#673 Critical Warning
Non-clocked sequential cell  
The clock pin y_ndc_reg[12]/C is not reached by a timing clock
Related violations: <none>

TIMING-17#674 Critical Warning
Non-clocked sequential cell  
The clock pin y_ndc_reg[13]/C is not reached by a timing clock
Related violations: <none>

TIMING-17#675 Critical Warning
Non-clocked sequential cell  
The clock pin y_ndc_reg[14]/C is not reached by a timing clock
Related violations: <none>

TIMING-17#676 Critical Warning
Non-clocked sequential cell  
The clock pin y_ndc_reg[15]/C is not reached by a timing clock
Related violations: <none>

TIMING-17#677 Critical Warning
Non-clocked sequential cell  
The clock pin y_ndc_reg[16]/C is not reached by a timing clock
Related violations: <none>

TIMING-17#678 Critical Warning
Non-clocked sequential cell  
The clock pin y_ndc_reg[17]/C is not reached by a timing clock
Related violations: <none>

TIMING-17#679 Critical Warning
Non-clocked sequential cell  
The clock pin y_ndc_reg[18]/C is not reached by a timing clock
Related violations: <none>

TIMING-17#680 Critical Warning
Non-clocked sequential cell  
The clock pin y_ndc_reg[19]/C is not reached by a timing clock
Related violations: <none>

TIMING-17#681 Critical Warning
Non-clocked sequential cell  
The clock pin y_ndc_reg[1]/C is not reached by a timing clock
Related violations: <none>

TIMING-17#682 Critical Warning
Non-clocked sequential cell  
The clock pin y_ndc_reg[20]/C is not reached by a timing clock
Related violations: <none>

TIMING-17#683 Critical Warning
Non-clocked sequential cell  
The clock pin y_ndc_reg[21]/C is not reached by a timing clock
Related violations: <none>

TIMING-17#684 Critical Warning
Non-clocked sequential cell  
The clock pin y_ndc_reg[22]/C is not reached by a timing clock
Related violations: <none>

TIMING-17#685 Critical Warning
Non-clocked sequential cell  
The clock pin y_ndc_reg[23]/C is not reached by a timing clock
Related violations: <none>

TIMING-17#686 Critical Warning
Non-clocked sequential cell  
The clock pin y_ndc_reg[23]_i_4/C is not reached by a timing clock
Related violations: <none>

TIMING-17#687 Critical Warning
Non-clocked sequential cell  
The clock pin y_ndc_reg[2]/C is not reached by a timing clock
Related violations: <none>

TIMING-17#688 Critical Warning
Non-clocked sequential cell  
The clock pin y_ndc_reg[3]/C is not reached by a timing clock
Related violations: <none>

TIMING-17#689 Critical Warning
Non-clocked sequential cell  
The clock pin y_ndc_reg[4]/C is not reached by a timing clock
Related violations: <none>

TIMING-17#690 Critical Warning
Non-clocked sequential cell  
The clock pin y_ndc_reg[5]/C is not reached by a timing clock
Related violations: <none>

TIMING-17#691 Critical Warning
Non-clocked sequential cell  
The clock pin y_ndc_reg[6]/C is not reached by a timing clock
Related violations: <none>

TIMING-17#692 Critical Warning
Non-clocked sequential cell  
The clock pin y_ndc_reg[7]/C is not reached by a timing clock
Related violations: <none>

TIMING-17#693 Critical Warning
Non-clocked sequential cell  
The clock pin y_ndc_reg[8]/C is not reached by a timing clock
Related violations: <none>

TIMING-17#694 Critical Warning
Non-clocked sequential cell  
The clock pin y_ndc_reg[9]/C is not reached by a timing clock
Related violations: <none>

TIMING-17#695 Critical Warning
Non-clocked sequential cell  
The clock pin z_ndc_reg[0]/C is not reached by a timing clock
Related violations: <none>

TIMING-17#696 Critical Warning
Non-clocked sequential cell  
The clock pin z_ndc_reg[10]/C is not reached by a timing clock
Related violations: <none>

TIMING-17#697 Critical Warning
Non-clocked sequential cell  
The clock pin z_ndc_reg[11]/C is not reached by a timing clock
Related violations: <none>

TIMING-17#698 Critical Warning
Non-clocked sequential cell  
The clock pin z_ndc_reg[12]/C is not reached by a timing clock
Related violations: <none>

TIMING-17#699 Critical Warning
Non-clocked sequential cell  
The clock pin z_ndc_reg[13]/C is not reached by a timing clock
Related violations: <none>

TIMING-17#700 Critical Warning
Non-clocked sequential cell  
The clock pin z_ndc_reg[14]/C is not reached by a timing clock
Related violations: <none>

TIMING-17#701 Critical Warning
Non-clocked sequential cell  
The clock pin z_ndc_reg[15]/C is not reached by a timing clock
Related violations: <none>

TIMING-17#702 Critical Warning
Non-clocked sequential cell  
The clock pin z_ndc_reg[16]/C is not reached by a timing clock
Related violations: <none>

TIMING-17#703 Critical Warning
Non-clocked sequential cell  
The clock pin z_ndc_reg[17]/C is not reached by a timing clock
Related violations: <none>

TIMING-17#704 Critical Warning
Non-clocked sequential cell  
The clock pin z_ndc_reg[18]/C is not reached by a timing clock
Related violations: <none>

TIMING-17#705 Critical Warning
Non-clocked sequential cell  
The clock pin z_ndc_reg[19]/C is not reached by a timing clock
Related violations: <none>

TIMING-17#706 Critical Warning
Non-clocked sequential cell  
The clock pin z_ndc_reg[1]/C is not reached by a timing clock
Related violations: <none>

TIMING-17#707 Critical Warning
Non-clocked sequential cell  
The clock pin z_ndc_reg[20]/C is not reached by a timing clock
Related violations: <none>

TIMING-17#708 Critical Warning
Non-clocked sequential cell  
The clock pin z_ndc_reg[21]/C is not reached by a timing clock
Related violations: <none>

TIMING-17#709 Critical Warning
Non-clocked sequential cell  
The clock pin z_ndc_reg[22]/C is not reached by a timing clock
Related violations: <none>

TIMING-17#710 Critical Warning
Non-clocked sequential cell  
The clock pin z_ndc_reg[23]/C is not reached by a timing clock
Related violations: <none>

TIMING-17#711 Critical Warning
Non-clocked sequential cell  
The clock pin z_ndc_reg[23]_i_4/C is not reached by a timing clock
Related violations: <none>

TIMING-17#712 Critical Warning
Non-clocked sequential cell  
The clock pin z_ndc_reg[2]/C is not reached by a timing clock
Related violations: <none>

TIMING-17#713 Critical Warning
Non-clocked sequential cell  
The clock pin z_ndc_reg[3]/C is not reached by a timing clock
Related violations: <none>

TIMING-17#714 Critical Warning
Non-clocked sequential cell  
The clock pin z_ndc_reg[4]/C is not reached by a timing clock
Related violations: <none>

TIMING-17#715 Critical Warning
Non-clocked sequential cell  
The clock pin z_ndc_reg[5]/C is not reached by a timing clock
Related violations: <none>

TIMING-17#716 Critical Warning
Non-clocked sequential cell  
The clock pin z_ndc_reg[6]/C is not reached by a timing clock
Related violations: <none>

TIMING-17#717 Critical Warning
Non-clocked sequential cell  
The clock pin z_ndc_reg[7]/C is not reached by a timing clock
Related violations: <none>

TIMING-17#718 Critical Warning
Non-clocked sequential cell  
The clock pin z_ndc_reg[8]/C is not reached by a timing clock
Related violations: <none>

TIMING-17#719 Critical Warning
Non-clocked sequential cell  
The clock pin z_ndc_reg[9]/C is not reached by a timing clock
Related violations: <none>

DPIR-1#1 Warning
Asynchronous driver check  
DSP MULTIPLY/x_product0 input pin MULTIPLY/x_product0/A[0] is connected to registers with an asynchronous reset. This is preventing the possibility of merging these registers in to the DSP Block since the DSP block registers only possess synchronous reset capability.  It is suggested to recode or change these registers to remove the reset or use a synchronous reset to get the best optimization for performance, power and area.
Related violations: <none>

DPIR-1#2 Warning
Asynchronous driver check  
DSP MULTIPLY/x_product0 input pin MULTIPLY/x_product0/A[10] is connected to registers with an asynchronous reset. This is preventing the possibility of merging these registers in to the DSP Block since the DSP block registers only possess synchronous reset capability.  It is suggested to recode or change these registers to remove the reset or use a synchronous reset to get the best optimization for performance, power and area.
Related violations: <none>

DPIR-1#3 Warning
Asynchronous driver check  
DSP MULTIPLY/x_product0 input pin MULTIPLY/x_product0/A[11] is connected to registers with an asynchronous reset. This is preventing the possibility of merging these registers in to the DSP Block since the DSP block registers only possess synchronous reset capability.  It is suggested to recode or change these registers to remove the reset or use a synchronous reset to get the best optimization for performance, power and area.
Related violations: <none>

DPIR-1#4 Warning
Asynchronous driver check  
DSP MULTIPLY/x_product0 input pin MULTIPLY/x_product0/A[12] is connected to registers with an asynchronous reset. This is preventing the possibility of merging these registers in to the DSP Block since the DSP block registers only possess synchronous reset capability.  It is suggested to recode or change these registers to remove the reset or use a synchronous reset to get the best optimization for performance, power and area.
Related violations: <none>

DPIR-1#5 Warning
Asynchronous driver check  
DSP MULTIPLY/x_product0 input pin MULTIPLY/x_product0/A[13] is connected to registers with an asynchronous reset. This is preventing the possibility of merging these registers in to the DSP Block since the DSP block registers only possess synchronous reset capability.  It is suggested to recode or change these registers to remove the reset or use a synchronous reset to get the best optimization for performance, power and area.
Related violations: <none>

DPIR-1#6 Warning
Asynchronous driver check  
DSP MULTIPLY/x_product0 input pin MULTIPLY/x_product0/A[14] is connected to registers with an asynchronous reset. This is preventing the possibility of merging these registers in to the DSP Block since the DSP block registers only possess synchronous reset capability.  It is suggested to recode or change these registers to remove the reset or use a synchronous reset to get the best optimization for performance, power and area.
Related violations: <none>

DPIR-1#7 Warning
Asynchronous driver check  
DSP MULTIPLY/x_product0 input pin MULTIPLY/x_product0/A[15] is connected to registers with an asynchronous reset. This is preventing the possibility of merging these registers in to the DSP Block since the DSP block registers only possess synchronous reset capability.  It is suggested to recode or change these registers to remove the reset or use a synchronous reset to get the best optimization for performance, power and area.
Related violations: <none>

DPIR-1#8 Warning
Asynchronous driver check  
DSP MULTIPLY/x_product0 input pin MULTIPLY/x_product0/A[16] is connected to registers with an asynchronous reset. This is preventing the possibility of merging these registers in to the DSP Block since the DSP block registers only possess synchronous reset capability.  It is suggested to recode or change these registers to remove the reset or use a synchronous reset to get the best optimization for performance, power and area.
Related violations: <none>

DPIR-1#9 Warning
Asynchronous driver check  
DSP MULTIPLY/x_product0 input pin MULTIPLY/x_product0/A[17] is connected to registers with an asynchronous reset. This is preventing the possibility of merging these registers in to the DSP Block since the DSP block registers only possess synchronous reset capability.  It is suggested to recode or change these registers to remove the reset or use a synchronous reset to get the best optimization for performance, power and area.
Related violations: <none>

DPIR-1#10 Warning
Asynchronous driver check  
DSP MULTIPLY/x_product0 input pin MULTIPLY/x_product0/A[18] is connected to registers with an asynchronous reset. This is preventing the possibility of merging these registers in to the DSP Block since the DSP block registers only possess synchronous reset capability.  It is suggested to recode or change these registers to remove the reset or use a synchronous reset to get the best optimization for performance, power and area.
Related violations: <none>

DPIR-1#11 Warning
Asynchronous driver check  
DSP MULTIPLY/x_product0 input pin MULTIPLY/x_product0/A[19] is connected to registers with an asynchronous reset. This is preventing the possibility of merging these registers in to the DSP Block since the DSP block registers only possess synchronous reset capability.  It is suggested to recode or change these registers to remove the reset or use a synchronous reset to get the best optimization for performance, power and area.
Related violations: <none>

DPIR-1#12 Warning
Asynchronous driver check  
DSP MULTIPLY/x_product0 input pin MULTIPLY/x_product0/A[1] is connected to registers with an asynchronous reset. This is preventing the possibility of merging these registers in to the DSP Block since the DSP block registers only possess synchronous reset capability.  It is suggested to recode or change these registers to remove the reset or use a synchronous reset to get the best optimization for performance, power and area.
Related violations: <none>

DPIR-1#13 Warning
Asynchronous driver check  
DSP MULTIPLY/x_product0 input pin MULTIPLY/x_product0/A[20] is connected to registers with an asynchronous reset. This is preventing the possibility of merging these registers in to the DSP Block since the DSP block registers only possess synchronous reset capability.  It is suggested to recode or change these registers to remove the reset or use a synchronous reset to get the best optimization for performance, power and area.
Related violations: <none>

DPIR-1#14 Warning
Asynchronous driver check  
DSP MULTIPLY/x_product0 input pin MULTIPLY/x_product0/A[21] is connected to registers with an asynchronous reset. This is preventing the possibility of merging these registers in to the DSP Block since the DSP block registers only possess synchronous reset capability.  It is suggested to recode or change these registers to remove the reset or use a synchronous reset to get the best optimization for performance, power and area.
Related violations: <none>

DPIR-1#15 Warning
Asynchronous driver check  
DSP MULTIPLY/x_product0 input pin MULTIPLY/x_product0/A[22] is connected to registers with an asynchronous reset. This is preventing the possibility of merging these registers in to the DSP Block since the DSP block registers only possess synchronous reset capability.  It is suggested to recode or change these registers to remove the reset or use a synchronous reset to get the best optimization for performance, power and area.
Related violations: <none>

DPIR-1#16 Warning
Asynchronous driver check  
DSP MULTIPLY/x_product0 input pin MULTIPLY/x_product0/A[23] is connected to registers with an asynchronous reset. This is preventing the possibility of merging these registers in to the DSP Block since the DSP block registers only possess synchronous reset capability.  It is suggested to recode or change these registers to remove the reset or use a synchronous reset to get the best optimization for performance, power and area.
Related violations: <none>

DPIR-1#17 Warning
Asynchronous driver check  
DSP MULTIPLY/x_product0 input pin MULTIPLY/x_product0/A[24] is connected to registers with an asynchronous reset. This is preventing the possibility of merging these registers in to the DSP Block since the DSP block registers only possess synchronous reset capability.  It is suggested to recode or change these registers to remove the reset or use a synchronous reset to get the best optimization for performance, power and area.
Related violations: <none>

DPIR-1#18 Warning
Asynchronous driver check  
DSP MULTIPLY/x_product0 input pin MULTIPLY/x_product0/A[25] is connected to registers with an asynchronous reset. This is preventing the possibility of merging these registers in to the DSP Block since the DSP block registers only possess synchronous reset capability.  It is suggested to recode or change these registers to remove the reset or use a synchronous reset to get the best optimization for performance, power and area.
Related violations: <none>

DPIR-1#19 Warning
Asynchronous driver check  
DSP MULTIPLY/x_product0 input pin MULTIPLY/x_product0/A[26] is connected to registers with an asynchronous reset. This is preventing the possibility of merging these registers in to the DSP Block since the DSP block registers only possess synchronous reset capability.  It is suggested to recode or change these registers to remove the reset or use a synchronous reset to get the best optimization for performance, power and area.
Related violations: <none>

DPIR-1#20 Warning
Asynchronous driver check  
DSP MULTIPLY/x_product0 input pin MULTIPLY/x_product0/A[27] is connected to registers with an asynchronous reset. This is preventing the possibility of merging these registers in to the DSP Block since the DSP block registers only possess synchronous reset capability.  It is suggested to recode or change these registers to remove the reset or use a synchronous reset to get the best optimization for performance, power and area.
Related violations: <none>

DPIR-1#21 Warning
Asynchronous driver check  
DSP MULTIPLY/x_product0 input pin MULTIPLY/x_product0/A[28] is connected to registers with an asynchronous reset. This is preventing the possibility of merging these registers in to the DSP Block since the DSP block registers only possess synchronous reset capability.  It is suggested to recode or change these registers to remove the reset or use a synchronous reset to get the best optimization for performance, power and area.
Related violations: <none>

DPIR-1#22 Warning
Asynchronous driver check  
DSP MULTIPLY/x_product0 input pin MULTIPLY/x_product0/A[29] is connected to registers with an asynchronous reset. This is preventing the possibility of merging these registers in to the DSP Block since the DSP block registers only possess synchronous reset capability.  It is suggested to recode or change these registers to remove the reset or use a synchronous reset to get the best optimization for performance, power and area.
Related violations: <none>

DPIR-1#23 Warning
Asynchronous driver check  
DSP MULTIPLY/x_product0 input pin MULTIPLY/x_product0/A[2] is connected to registers with an asynchronous reset. This is preventing the possibility of merging these registers in to the DSP Block since the DSP block registers only possess synchronous reset capability.  It is suggested to recode or change these registers to remove the reset or use a synchronous reset to get the best optimization for performance, power and area.
Related violations: <none>

DPIR-1#24 Warning
Asynchronous driver check  
DSP MULTIPLY/x_product0 input pin MULTIPLY/x_product0/A[3] is connected to registers with an asynchronous reset. This is preventing the possibility of merging these registers in to the DSP Block since the DSP block registers only possess synchronous reset capability.  It is suggested to recode or change these registers to remove the reset or use a synchronous reset to get the best optimization for performance, power and area.
Related violations: <none>

DPIR-1#25 Warning
Asynchronous driver check  
DSP MULTIPLY/x_product0 input pin MULTIPLY/x_product0/A[4] is connected to registers with an asynchronous reset. This is preventing the possibility of merging these registers in to the DSP Block since the DSP block registers only possess synchronous reset capability.  It is suggested to recode or change these registers to remove the reset or use a synchronous reset to get the best optimization for performance, power and area.
Related violations: <none>

DPIR-1#26 Warning
Asynchronous driver check  
DSP MULTIPLY/x_product0 input pin MULTIPLY/x_product0/A[5] is connected to registers with an asynchronous reset. This is preventing the possibility of merging these registers in to the DSP Block since the DSP block registers only possess synchronous reset capability.  It is suggested to recode or change these registers to remove the reset or use a synchronous reset to get the best optimization for performance, power and area.
Related violations: <none>

DPIR-1#27 Warning
Asynchronous driver check  
DSP MULTIPLY/x_product0 input pin MULTIPLY/x_product0/A[6] is connected to registers with an asynchronous reset. This is preventing the possibility of merging these registers in to the DSP Block since the DSP block registers only possess synchronous reset capability.  It is suggested to recode or change these registers to remove the reset or use a synchronous reset to get the best optimization for performance, power and area.
Related violations: <none>

DPIR-1#28 Warning
Asynchronous driver check  
DSP MULTIPLY/x_product0 input pin MULTIPLY/x_product0/A[7] is connected to registers with an asynchronous reset. This is preventing the possibility of merging these registers in to the DSP Block since the DSP block registers only possess synchronous reset capability.  It is suggested to recode or change these registers to remove the reset or use a synchronous reset to get the best optimization for performance, power and area.
Related violations: <none>

DPIR-1#29 Warning
Asynchronous driver check  
DSP MULTIPLY/x_product0 input pin MULTIPLY/x_product0/A[8] is connected to registers with an asynchronous reset. This is preventing the possibility of merging these registers in to the DSP Block since the DSP block registers only possess synchronous reset capability.  It is suggested to recode or change these registers to remove the reset or use a synchronous reset to get the best optimization for performance, power and area.
Related violations: <none>

DPIR-1#30 Warning
Asynchronous driver check  
DSP MULTIPLY/x_product0 input pin MULTIPLY/x_product0/A[9] is connected to registers with an asynchronous reset. This is preventing the possibility of merging these registers in to the DSP Block since the DSP block registers only possess synchronous reset capability.  It is suggested to recode or change these registers to remove the reset or use a synchronous reset to get the best optimization for performance, power and area.
Related violations: <none>

DPIR-1#31 Warning
Asynchronous driver check  
DSP MULTIPLY/x_product0 input pin MULTIPLY/x_product0/B[0] is connected to registers with an asynchronous reset. This is preventing the possibility of merging these registers in to the DSP Block since the DSP block registers only possess synchronous reset capability.  It is suggested to recode or change these registers to remove the reset or use a synchronous reset to get the best optimization for performance, power and area.
Related violations: <none>

DPIR-1#32 Warning
Asynchronous driver check  
DSP MULTIPLY/x_product0 input pin MULTIPLY/x_product0/B[10] is connected to registers with an asynchronous reset. This is preventing the possibility of merging these registers in to the DSP Block since the DSP block registers only possess synchronous reset capability.  It is suggested to recode or change these registers to remove the reset or use a synchronous reset to get the best optimization for performance, power and area.
Related violations: <none>

DPIR-1#33 Warning
Asynchronous driver check  
DSP MULTIPLY/x_product0 input pin MULTIPLY/x_product0/B[11] is connected to registers with an asynchronous reset. This is preventing the possibility of merging these registers in to the DSP Block since the DSP block registers only possess synchronous reset capability.  It is suggested to recode or change these registers to remove the reset or use a synchronous reset to get the best optimization for performance, power and area.
Related violations: <none>

DPIR-1#34 Warning
Asynchronous driver check  
DSP MULTIPLY/x_product0 input pin MULTIPLY/x_product0/B[12] is connected to registers with an asynchronous reset. This is preventing the possibility of merging these registers in to the DSP Block since the DSP block registers only possess synchronous reset capability.  It is suggested to recode or change these registers to remove the reset or use a synchronous reset to get the best optimization for performance, power and area.
Related violations: <none>

DPIR-1#35 Warning
Asynchronous driver check  
DSP MULTIPLY/x_product0 input pin MULTIPLY/x_product0/B[13] is connected to registers with an asynchronous reset. This is preventing the possibility of merging these registers in to the DSP Block since the DSP block registers only possess synchronous reset capability.  It is suggested to recode or change these registers to remove the reset or use a synchronous reset to get the best optimization for performance, power and area.
Related violations: <none>

DPIR-1#36 Warning
Asynchronous driver check  
DSP MULTIPLY/x_product0 input pin MULTIPLY/x_product0/B[14] is connected to registers with an asynchronous reset. This is preventing the possibility of merging these registers in to the DSP Block since the DSP block registers only possess synchronous reset capability.  It is suggested to recode or change these registers to remove the reset or use a synchronous reset to get the best optimization for performance, power and area.
Related violations: <none>

DPIR-1#37 Warning
Asynchronous driver check  
DSP MULTIPLY/x_product0 input pin MULTIPLY/x_product0/B[15] is connected to registers with an asynchronous reset. This is preventing the possibility of merging these registers in to the DSP Block since the DSP block registers only possess synchronous reset capability.  It is suggested to recode or change these registers to remove the reset or use a synchronous reset to get the best optimization for performance, power and area.
Related violations: <none>

DPIR-1#38 Warning
Asynchronous driver check  
DSP MULTIPLY/x_product0 input pin MULTIPLY/x_product0/B[16] is connected to registers with an asynchronous reset. This is preventing the possibility of merging these registers in to the DSP Block since the DSP block registers only possess synchronous reset capability.  It is suggested to recode or change these registers to remove the reset or use a synchronous reset to get the best optimization for performance, power and area.
Related violations: <none>

DPIR-1#39 Warning
Asynchronous driver check  
DSP MULTIPLY/x_product0 input pin MULTIPLY/x_product0/B[1] is connected to registers with an asynchronous reset. This is preventing the possibility of merging these registers in to the DSP Block since the DSP block registers only possess synchronous reset capability.  It is suggested to recode or change these registers to remove the reset or use a synchronous reset to get the best optimization for performance, power and area.
Related violations: <none>

DPIR-1#40 Warning
Asynchronous driver check  
DSP MULTIPLY/x_product0 input pin MULTIPLY/x_product0/B[2] is connected to registers with an asynchronous reset. This is preventing the possibility of merging these registers in to the DSP Block since the DSP block registers only possess synchronous reset capability.  It is suggested to recode or change these registers to remove the reset or use a synchronous reset to get the best optimization for performance, power and area.
Related violations: <none>

DPIR-1#41 Warning
Asynchronous driver check  
DSP MULTIPLY/x_product0 input pin MULTIPLY/x_product0/B[3] is connected to registers with an asynchronous reset. This is preventing the possibility of merging these registers in to the DSP Block since the DSP block registers only possess synchronous reset capability.  It is suggested to recode or change these registers to remove the reset or use a synchronous reset to get the best optimization for performance, power and area.
Related violations: <none>

DPIR-1#42 Warning
Asynchronous driver check  
DSP MULTIPLY/x_product0 input pin MULTIPLY/x_product0/B[4] is connected to registers with an asynchronous reset. This is preventing the possibility of merging these registers in to the DSP Block since the DSP block registers only possess synchronous reset capability.  It is suggested to recode or change these registers to remove the reset or use a synchronous reset to get the best optimization for performance, power and area.
Related violations: <none>

DPIR-1#43 Warning
Asynchronous driver check  
DSP MULTIPLY/x_product0 input pin MULTIPLY/x_product0/B[5] is connected to registers with an asynchronous reset. This is preventing the possibility of merging these registers in to the DSP Block since the DSP block registers only possess synchronous reset capability.  It is suggested to recode or change these registers to remove the reset or use a synchronous reset to get the best optimization for performance, power and area.
Related violations: <none>

DPIR-1#44 Warning
Asynchronous driver check  
DSP MULTIPLY/x_product0 input pin MULTIPLY/x_product0/B[6] is connected to registers with an asynchronous reset. This is preventing the possibility of merging these registers in to the DSP Block since the DSP block registers only possess synchronous reset capability.  It is suggested to recode or change these registers to remove the reset or use a synchronous reset to get the best optimization for performance, power and area.
Related violations: <none>

DPIR-1#45 Warning
Asynchronous driver check  
DSP MULTIPLY/x_product0 input pin MULTIPLY/x_product0/B[7] is connected to registers with an asynchronous reset. This is preventing the possibility of merging these registers in to the DSP Block since the DSP block registers only possess synchronous reset capability.  It is suggested to recode or change these registers to remove the reset or use a synchronous reset to get the best optimization for performance, power and area.
Related violations: <none>

DPIR-1#46 Warning
Asynchronous driver check  
DSP MULTIPLY/x_product0 input pin MULTIPLY/x_product0/B[8] is connected to registers with an asynchronous reset. This is preventing the possibility of merging these registers in to the DSP Block since the DSP block registers only possess synchronous reset capability.  It is suggested to recode or change these registers to remove the reset or use a synchronous reset to get the best optimization for performance, power and area.
Related violations: <none>

DPIR-1#47 Warning
Asynchronous driver check  
DSP MULTIPLY/x_product0 input pin MULTIPLY/x_product0/B[9] is connected to registers with an asynchronous reset. This is preventing the possibility of merging these registers in to the DSP Block since the DSP block registers only possess synchronous reset capability.  It is suggested to recode or change these registers to remove the reset or use a synchronous reset to get the best optimization for performance, power and area.
Related violations: <none>

DPIR-1#48 Warning
Asynchronous driver check  
DSP MULTIPLY/x_product0__0 input pin MULTIPLY/x_product0__0/A[0] is connected to registers with an asynchronous reset. This is preventing the possibility of merging these registers in to the DSP Block since the DSP block registers only possess synchronous reset capability.  It is suggested to recode or change these registers to remove the reset or use a synchronous reset to get the best optimization for performance, power and area.
Related violations: <none>

DPIR-1#49 Warning
Asynchronous driver check  
DSP MULTIPLY/x_product0__0 input pin MULTIPLY/x_product0__0/A[10] is connected to registers with an asynchronous reset. This is preventing the possibility of merging these registers in to the DSP Block since the DSP block registers only possess synchronous reset capability.  It is suggested to recode or change these registers to remove the reset or use a synchronous reset to get the best optimization for performance, power and area.
Related violations: <none>

DPIR-1#50 Warning
Asynchronous driver check  
DSP MULTIPLY/x_product0__0 input pin MULTIPLY/x_product0__0/A[11] is connected to registers with an asynchronous reset. This is preventing the possibility of merging these registers in to the DSP Block since the DSP block registers only possess synchronous reset capability.  It is suggested to recode or change these registers to remove the reset or use a synchronous reset to get the best optimization for performance, power and area.
Related violations: <none>

DPIR-1#51 Warning
Asynchronous driver check  
DSP MULTIPLY/x_product0__0 input pin MULTIPLY/x_product0__0/A[12] is connected to registers with an asynchronous reset. This is preventing the possibility of merging these registers in to the DSP Block since the DSP block registers only possess synchronous reset capability.  It is suggested to recode or change these registers to remove the reset or use a synchronous reset to get the best optimization for performance, power and area.
Related violations: <none>

DPIR-1#52 Warning
Asynchronous driver check  
DSP MULTIPLY/x_product0__0 input pin MULTIPLY/x_product0__0/A[13] is connected to registers with an asynchronous reset. This is preventing the possibility of merging these registers in to the DSP Block since the DSP block registers only possess synchronous reset capability.  It is suggested to recode or change these registers to remove the reset or use a synchronous reset to get the best optimization for performance, power and area.
Related violations: <none>

DPIR-1#53 Warning
Asynchronous driver check  
DSP MULTIPLY/x_product0__0 input pin MULTIPLY/x_product0__0/A[14] is connected to registers with an asynchronous reset. This is preventing the possibility of merging these registers in to the DSP Block since the DSP block registers only possess synchronous reset capability.  It is suggested to recode or change these registers to remove the reset or use a synchronous reset to get the best optimization for performance, power and area.
Related violations: <none>

DPIR-1#54 Warning
Asynchronous driver check  
DSP MULTIPLY/x_product0__0 input pin MULTIPLY/x_product0__0/A[15] is connected to registers with an asynchronous reset. This is preventing the possibility of merging these registers in to the DSP Block since the DSP block registers only possess synchronous reset capability.  It is suggested to recode or change these registers to remove the reset or use a synchronous reset to get the best optimization for performance, power and area.
Related violations: <none>

DPIR-1#55 Warning
Asynchronous driver check  
DSP MULTIPLY/x_product0__0 input pin MULTIPLY/x_product0__0/A[16] is connected to registers with an asynchronous reset. This is preventing the possibility of merging these registers in to the DSP Block since the DSP block registers only possess synchronous reset capability.  It is suggested to recode or change these registers to remove the reset or use a synchronous reset to get the best optimization for performance, power and area.
Related violations: <none>

DPIR-1#56 Warning
Asynchronous driver check  
DSP MULTIPLY/x_product0__0 input pin MULTIPLY/x_product0__0/A[17] is connected to registers with an asynchronous reset. This is preventing the possibility of merging these registers in to the DSP Block since the DSP block registers only possess synchronous reset capability.  It is suggested to recode or change these registers to remove the reset or use a synchronous reset to get the best optimization for performance, power and area.
Related violations: <none>

DPIR-1#57 Warning
Asynchronous driver check  
DSP MULTIPLY/x_product0__0 input pin MULTIPLY/x_product0__0/A[18] is connected to registers with an asynchronous reset. This is preventing the possibility of merging these registers in to the DSP Block since the DSP block registers only possess synchronous reset capability.  It is suggested to recode or change these registers to remove the reset or use a synchronous reset to get the best optimization for performance, power and area.
Related violations: <none>

DPIR-1#58 Warning
Asynchronous driver check  
DSP MULTIPLY/x_product0__0 input pin MULTIPLY/x_product0__0/A[19] is connected to registers with an asynchronous reset. This is preventing the possibility of merging these registers in to the DSP Block since the DSP block registers only possess synchronous reset capability.  It is suggested to recode or change these registers to remove the reset or use a synchronous reset to get the best optimization for performance, power and area.
Related violations: <none>

DPIR-1#59 Warning
Asynchronous driver check  
DSP MULTIPLY/x_product0__0 input pin MULTIPLY/x_product0__0/A[1] is connected to registers with an asynchronous reset. This is preventing the possibility of merging these registers in to the DSP Block since the DSP block registers only possess synchronous reset capability.  It is suggested to recode or change these registers to remove the reset or use a synchronous reset to get the best optimization for performance, power and area.
Related violations: <none>

DPIR-1#60 Warning
Asynchronous driver check  
DSP MULTIPLY/x_product0__0 input pin MULTIPLY/x_product0__0/A[20] is connected to registers with an asynchronous reset. This is preventing the possibility of merging these registers in to the DSP Block since the DSP block registers only possess synchronous reset capability.  It is suggested to recode or change these registers to remove the reset or use a synchronous reset to get the best optimization for performance, power and area.
Related violations: <none>

DPIR-1#61 Warning
Asynchronous driver check  
DSP MULTIPLY/x_product0__0 input pin MULTIPLY/x_product0__0/A[21] is connected to registers with an asynchronous reset. This is preventing the possibility of merging these registers in to the DSP Block since the DSP block registers only possess synchronous reset capability.  It is suggested to recode or change these registers to remove the reset or use a synchronous reset to get the best optimization for performance, power and area.
Related violations: <none>

DPIR-1#62 Warning
Asynchronous driver check  
DSP MULTIPLY/x_product0__0 input pin MULTIPLY/x_product0__0/A[22] is connected to registers with an asynchronous reset. This is preventing the possibility of merging these registers in to the DSP Block since the DSP block registers only possess synchronous reset capability.  It is suggested to recode or change these registers to remove the reset or use a synchronous reset to get the best optimization for performance, power and area.
Related violations: <none>

DPIR-1#63 Warning
Asynchronous driver check  
DSP MULTIPLY/x_product0__0 input pin MULTIPLY/x_product0__0/A[23] is connected to registers with an asynchronous reset. This is preventing the possibility of merging these registers in to the DSP Block since the DSP block registers only possess synchronous reset capability.  It is suggested to recode or change these registers to remove the reset or use a synchronous reset to get the best optimization for performance, power and area.
Related violations: <none>

DPIR-1#64 Warning
Asynchronous driver check  
DSP MULTIPLY/x_product0__0 input pin MULTIPLY/x_product0__0/A[24] is connected to registers with an asynchronous reset. This is preventing the possibility of merging these registers in to the DSP Block since the DSP block registers only possess synchronous reset capability.  It is suggested to recode or change these registers to remove the reset or use a synchronous reset to get the best optimization for performance, power and area.
Related violations: <none>

DPIR-1#65 Warning
Asynchronous driver check  
DSP MULTIPLY/x_product0__0 input pin MULTIPLY/x_product0__0/A[25] is connected to registers with an asynchronous reset. This is preventing the possibility of merging these registers in to the DSP Block since the DSP block registers only possess synchronous reset capability.  It is suggested to recode or change these registers to remove the reset or use a synchronous reset to get the best optimization for performance, power and area.
Related violations: <none>

DPIR-1#66 Warning
Asynchronous driver check  
DSP MULTIPLY/x_product0__0 input pin MULTIPLY/x_product0__0/A[26] is connected to registers with an asynchronous reset. This is preventing the possibility of merging these registers in to the DSP Block since the DSP block registers only possess synchronous reset capability.  It is suggested to recode or change these registers to remove the reset or use a synchronous reset to get the best optimization for performance, power and area.
Related violations: <none>

DPIR-1#67 Warning
Asynchronous driver check  
DSP MULTIPLY/x_product0__0 input pin MULTIPLY/x_product0__0/A[27] is connected to registers with an asynchronous reset. This is preventing the possibility of merging these registers in to the DSP Block since the DSP block registers only possess synchronous reset capability.  It is suggested to recode or change these registers to remove the reset or use a synchronous reset to get the best optimization for performance, power and area.
Related violations: <none>

DPIR-1#68 Warning
Asynchronous driver check  
DSP MULTIPLY/x_product0__0 input pin MULTIPLY/x_product0__0/A[28] is connected to registers with an asynchronous reset. This is preventing the possibility of merging these registers in to the DSP Block since the DSP block registers only possess synchronous reset capability.  It is suggested to recode or change these registers to remove the reset or use a synchronous reset to get the best optimization for performance, power and area.
Related violations: <none>

DPIR-1#69 Warning
Asynchronous driver check  
DSP MULTIPLY/x_product0__0 input pin MULTIPLY/x_product0__0/A[29] is connected to registers with an asynchronous reset. This is preventing the possibility of merging these registers in to the DSP Block since the DSP block registers only possess synchronous reset capability.  It is suggested to recode or change these registers to remove the reset or use a synchronous reset to get the best optimization for performance, power and area.
Related violations: <none>

DPIR-1#70 Warning
Asynchronous driver check  
DSP MULTIPLY/x_product0__0 input pin MULTIPLY/x_product0__0/A[2] is connected to registers with an asynchronous reset. This is preventing the possibility of merging these registers in to the DSP Block since the DSP block registers only possess synchronous reset capability.  It is suggested to recode or change these registers to remove the reset or use a synchronous reset to get the best optimization for performance, power and area.
Related violations: <none>

DPIR-1#71 Warning
Asynchronous driver check  
DSP MULTIPLY/x_product0__0 input pin MULTIPLY/x_product0__0/A[3] is connected to registers with an asynchronous reset. This is preventing the possibility of merging these registers in to the DSP Block since the DSP block registers only possess synchronous reset capability.  It is suggested to recode or change these registers to remove the reset or use a synchronous reset to get the best optimization for performance, power and area.
Related violations: <none>

DPIR-1#72 Warning
Asynchronous driver check  
DSP MULTIPLY/x_product0__0 input pin MULTIPLY/x_product0__0/A[4] is connected to registers with an asynchronous reset. This is preventing the possibility of merging these registers in to the DSP Block since the DSP block registers only possess synchronous reset capability.  It is suggested to recode or change these registers to remove the reset or use a synchronous reset to get the best optimization for performance, power and area.
Related violations: <none>

DPIR-1#73 Warning
Asynchronous driver check  
DSP MULTIPLY/x_product0__0 input pin MULTIPLY/x_product0__0/A[5] is connected to registers with an asynchronous reset. This is preventing the possibility of merging these registers in to the DSP Block since the DSP block registers only possess synchronous reset capability.  It is suggested to recode or change these registers to remove the reset or use a synchronous reset to get the best optimization for performance, power and area.
Related violations: <none>

DPIR-1#74 Warning
Asynchronous driver check  
DSP MULTIPLY/x_product0__0 input pin MULTIPLY/x_product0__0/A[6] is connected to registers with an asynchronous reset. This is preventing the possibility of merging these registers in to the DSP Block since the DSP block registers only possess synchronous reset capability.  It is suggested to recode or change these registers to remove the reset or use a synchronous reset to get the best optimization for performance, power and area.
Related violations: <none>

DPIR-1#75 Warning
Asynchronous driver check  
DSP MULTIPLY/x_product0__0 input pin MULTIPLY/x_product0__0/A[7] is connected to registers with an asynchronous reset. This is preventing the possibility of merging these registers in to the DSP Block since the DSP block registers only possess synchronous reset capability.  It is suggested to recode or change these registers to remove the reset or use a synchronous reset to get the best optimization for performance, power and area.
Related violations: <none>

DPIR-1#76 Warning
Asynchronous driver check  
DSP MULTIPLY/x_product0__0 input pin MULTIPLY/x_product0__0/A[8] is connected to registers with an asynchronous reset. This is preventing the possibility of merging these registers in to the DSP Block since the DSP block registers only possess synchronous reset capability.  It is suggested to recode or change these registers to remove the reset or use a synchronous reset to get the best optimization for performance, power and area.
Related violations: <none>

DPIR-1#77 Warning
Asynchronous driver check  
DSP MULTIPLY/x_product0__0 input pin MULTIPLY/x_product0__0/A[9] is connected to registers with an asynchronous reset. This is preventing the possibility of merging these registers in to the DSP Block since the DSP block registers only possess synchronous reset capability.  It is suggested to recode or change these registers to remove the reset or use a synchronous reset to get the best optimization for performance, power and area.
Related violations: <none>

DPIR-1#78 Warning
Asynchronous driver check  
DSP MULTIPLY/x_product0__0 input pin MULTIPLY/x_product0__0/B[0] is connected to registers with an asynchronous reset. This is preventing the possibility of merging these registers in to the DSP Block since the DSP block registers only possess synchronous reset capability.  It is suggested to recode or change these registers to remove the reset or use a synchronous reset to get the best optimization for performance, power and area.
Related violations: <none>

DPIR-1#79 Warning
Asynchronous driver check  
DSP MULTIPLY/x_product0__0 input pin MULTIPLY/x_product0__0/B[10] is connected to registers with an asynchronous reset. This is preventing the possibility of merging these registers in to the DSP Block since the DSP block registers only possess synchronous reset capability.  It is suggested to recode or change these registers to remove the reset or use a synchronous reset to get the best optimization for performance, power and area.
Related violations: <none>

DPIR-1#80 Warning
Asynchronous driver check  
DSP MULTIPLY/x_product0__0 input pin MULTIPLY/x_product0__0/B[11] is connected to registers with an asynchronous reset. This is preventing the possibility of merging these registers in to the DSP Block since the DSP block registers only possess synchronous reset capability.  It is suggested to recode or change these registers to remove the reset or use a synchronous reset to get the best optimization for performance, power and area.
Related violations: <none>

DPIR-1#81 Warning
Asynchronous driver check  
DSP MULTIPLY/x_product0__0 input pin MULTIPLY/x_product0__0/B[12] is connected to registers with an asynchronous reset. This is preventing the possibility of merging these registers in to the DSP Block since the DSP block registers only possess synchronous reset capability.  It is suggested to recode or change these registers to remove the reset or use a synchronous reset to get the best optimization for performance, power and area.
Related violations: <none>

DPIR-1#82 Warning
Asynchronous driver check  
DSP MULTIPLY/x_product0__0 input pin MULTIPLY/x_product0__0/B[13] is connected to registers with an asynchronous reset. This is preventing the possibility of merging these registers in to the DSP Block since the DSP block registers only possess synchronous reset capability.  It is suggested to recode or change these registers to remove the reset or use a synchronous reset to get the best optimization for performance, power and area.
Related violations: <none>

DPIR-1#83 Warning
Asynchronous driver check  
DSP MULTIPLY/x_product0__0 input pin MULTIPLY/x_product0__0/B[14] is connected to registers with an asynchronous reset. This is preventing the possibility of merging these registers in to the DSP Block since the DSP block registers only possess synchronous reset capability.  It is suggested to recode or change these registers to remove the reset or use a synchronous reset to get the best optimization for performance, power and area.
Related violations: <none>

DPIR-1#84 Warning
Asynchronous driver check  
DSP MULTIPLY/x_product0__0 input pin MULTIPLY/x_product0__0/B[15] is connected to registers with an asynchronous reset. This is preventing the possibility of merging these registers in to the DSP Block since the DSP block registers only possess synchronous reset capability.  It is suggested to recode or change these registers to remove the reset or use a synchronous reset to get the best optimization for performance, power and area.
Related violations: <none>

DPIR-1#85 Warning
Asynchronous driver check  
DSP MULTIPLY/x_product0__0 input pin MULTIPLY/x_product0__0/B[16] is connected to registers with an asynchronous reset. This is preventing the possibility of merging these registers in to the DSP Block since the DSP block registers only possess synchronous reset capability.  It is suggested to recode or change these registers to remove the reset or use a synchronous reset to get the best optimization for performance, power and area.
Related violations: <none>

DPIR-1#86 Warning
Asynchronous driver check  
DSP MULTIPLY/x_product0__0 input pin MULTIPLY/x_product0__0/B[17] is connected to registers with an asynchronous reset. This is preventing the possibility of merging these registers in to the DSP Block since the DSP block registers only possess synchronous reset capability.  It is suggested to recode or change these registers to remove the reset or use a synchronous reset to get the best optimization for performance, power and area.
Related violations: <none>

DPIR-1#87 Warning
Asynchronous driver check  
DSP MULTIPLY/x_product0__0 input pin MULTIPLY/x_product0__0/B[1] is connected to registers with an asynchronous reset. This is preventing the possibility of merging these registers in to the DSP Block since the DSP block registers only possess synchronous reset capability.  It is suggested to recode or change these registers to remove the reset or use a synchronous reset to get the best optimization for performance, power and area.
Related violations: <none>

DPIR-1#88 Warning
Asynchronous driver check  
DSP MULTIPLY/x_product0__0 input pin MULTIPLY/x_product0__0/B[2] is connected to registers with an asynchronous reset. This is preventing the possibility of merging these registers in to the DSP Block since the DSP block registers only possess synchronous reset capability.  It is suggested to recode or change these registers to remove the reset or use a synchronous reset to get the best optimization for performance, power and area.
Related violations: <none>

DPIR-1#89 Warning
Asynchronous driver check  
DSP MULTIPLY/x_product0__0 input pin MULTIPLY/x_product0__0/B[3] is connected to registers with an asynchronous reset. This is preventing the possibility of merging these registers in to the DSP Block since the DSP block registers only possess synchronous reset capability.  It is suggested to recode or change these registers to remove the reset or use a synchronous reset to get the best optimization for performance, power and area.
Related violations: <none>

DPIR-1#90 Warning
Asynchronous driver check  
DSP MULTIPLY/x_product0__0 input pin MULTIPLY/x_product0__0/B[4] is connected to registers with an asynchronous reset. This is preventing the possibility of merging these registers in to the DSP Block since the DSP block registers only possess synchronous reset capability.  It is suggested to recode or change these registers to remove the reset or use a synchronous reset to get the best optimization for performance, power and area.
Related violations: <none>

DPIR-1#91 Warning
Asynchronous driver check  
DSP MULTIPLY/x_product0__0 input pin MULTIPLY/x_product0__0/B[5] is connected to registers with an asynchronous reset. This is preventing the possibility of merging these registers in to the DSP Block since the DSP block registers only possess synchronous reset capability.  It is suggested to recode or change these registers to remove the reset or use a synchronous reset to get the best optimization for performance, power and area.
Related violations: <none>

DPIR-1#92 Warning
Asynchronous driver check  
DSP MULTIPLY/x_product0__0 input pin MULTIPLY/x_product0__0/B[6] is connected to registers with an asynchronous reset. This is preventing the possibility of merging these registers in to the DSP Block since the DSP block registers only possess synchronous reset capability.  It is suggested to recode or change these registers to remove the reset or use a synchronous reset to get the best optimization for performance, power and area.
Related violations: <none>

DPIR-1#93 Warning
Asynchronous driver check  
DSP MULTIPLY/x_product0__0 input pin MULTIPLY/x_product0__0/B[7] is connected to registers with an asynchronous reset. This is preventing the possibility of merging these registers in to the DSP Block since the DSP block registers only possess synchronous reset capability.  It is suggested to recode or change these registers to remove the reset or use a synchronous reset to get the best optimization for performance, power and area.
Related violations: <none>

DPIR-1#94 Warning
Asynchronous driver check  
DSP MULTIPLY/x_product0__0 input pin MULTIPLY/x_product0__0/B[8] is connected to registers with an asynchronous reset. This is preventing the possibility of merging these registers in to the DSP Block since the DSP block registers only possess synchronous reset capability.  It is suggested to recode or change these registers to remove the reset or use a synchronous reset to get the best optimization for performance, power and area.
Related violations: <none>

DPIR-1#95 Warning
Asynchronous driver check  
DSP MULTIPLY/x_product0__0 input pin MULTIPLY/x_product0__0/B[9] is connected to registers with an asynchronous reset. This is preventing the possibility of merging these registers in to the DSP Block since the DSP block registers only possess synchronous reset capability.  It is suggested to recode or change these registers to remove the reset or use a synchronous reset to get the best optimization for performance, power and area.
Related violations: <none>

DPIR-1#96 Warning
Asynchronous driver check  
DSP MULTIPLY/y_product0 input pin MULTIPLY/y_product0/A[0] is connected to registers with an asynchronous reset. This is preventing the possibility of merging these registers in to the DSP Block since the DSP block registers only possess synchronous reset capability.  It is suggested to recode or change these registers to remove the reset or use a synchronous reset to get the best optimization for performance, power and area.
Related violations: <none>

DPIR-1#97 Warning
Asynchronous driver check  
DSP MULTIPLY/y_product0 input pin MULTIPLY/y_product0/A[10] is connected to registers with an asynchronous reset. This is preventing the possibility of merging these registers in to the DSP Block since the DSP block registers only possess synchronous reset capability.  It is suggested to recode or change these registers to remove the reset or use a synchronous reset to get the best optimization for performance, power and area.
Related violations: <none>

DPIR-1#98 Warning
Asynchronous driver check  
DSP MULTIPLY/y_product0 input pin MULTIPLY/y_product0/A[11] is connected to registers with an asynchronous reset. This is preventing the possibility of merging these registers in to the DSP Block since the DSP block registers only possess synchronous reset capability.  It is suggested to recode or change these registers to remove the reset or use a synchronous reset to get the best optimization for performance, power and area.
Related violations: <none>

DPIR-1#99 Warning
Asynchronous driver check  
DSP MULTIPLY/y_product0 input pin MULTIPLY/y_product0/A[12] is connected to registers with an asynchronous reset. This is preventing the possibility of merging these registers in to the DSP Block since the DSP block registers only possess synchronous reset capability.  It is suggested to recode or change these registers to remove the reset or use a synchronous reset to get the best optimization for performance, power and area.
Related violations: <none>

DPIR-1#100 Warning
Asynchronous driver check  
DSP MULTIPLY/y_product0 input pin MULTIPLY/y_product0/A[13] is connected to registers with an asynchronous reset. This is preventing the possibility of merging these registers in to the DSP Block since the DSP block registers only possess synchronous reset capability.  It is suggested to recode or change these registers to remove the reset or use a synchronous reset to get the best optimization for performance, power and area.
Related violations: <none>

DPIR-1#101 Warning
Asynchronous driver check  
DSP MULTIPLY/y_product0 input pin MULTIPLY/y_product0/A[14] is connected to registers with an asynchronous reset. This is preventing the possibility of merging these registers in to the DSP Block since the DSP block registers only possess synchronous reset capability.  It is suggested to recode or change these registers to remove the reset or use a synchronous reset to get the best optimization for performance, power and area.
Related violations: <none>

DPIR-1#102 Warning
Asynchronous driver check  
DSP MULTIPLY/y_product0 input pin MULTIPLY/y_product0/A[15] is connected to registers with an asynchronous reset. This is preventing the possibility of merging these registers in to the DSP Block since the DSP block registers only possess synchronous reset capability.  It is suggested to recode or change these registers to remove the reset or use a synchronous reset to get the best optimization for performance, power and area.
Related violations: <none>

DPIR-1#103 Warning
Asynchronous driver check  
DSP MULTIPLY/y_product0 input pin MULTIPLY/y_product0/A[16] is connected to registers with an asynchronous reset. This is preventing the possibility of merging these registers in to the DSP Block since the DSP block registers only possess synchronous reset capability.  It is suggested to recode or change these registers to remove the reset or use a synchronous reset to get the best optimization for performance, power and area.
Related violations: <none>

DPIR-1#104 Warning
Asynchronous driver check  
DSP MULTIPLY/y_product0 input pin MULTIPLY/y_product0/A[17] is connected to registers with an asynchronous reset. This is preventing the possibility of merging these registers in to the DSP Block since the DSP block registers only possess synchronous reset capability.  It is suggested to recode or change these registers to remove the reset or use a synchronous reset to get the best optimization for performance, power and area.
Related violations: <none>

DPIR-1#105 Warning
Asynchronous driver check  
DSP MULTIPLY/y_product0 input pin MULTIPLY/y_product0/A[18] is connected to registers with an asynchronous reset. This is preventing the possibility of merging these registers in to the DSP Block since the DSP block registers only possess synchronous reset capability.  It is suggested to recode or change these registers to remove the reset or use a synchronous reset to get the best optimization for performance, power and area.
Related violations: <none>

DPIR-1#106 Warning
Asynchronous driver check  
DSP MULTIPLY/y_product0 input pin MULTIPLY/y_product0/A[19] is connected to registers with an asynchronous reset. This is preventing the possibility of merging these registers in to the DSP Block since the DSP block registers only possess synchronous reset capability.  It is suggested to recode or change these registers to remove the reset or use a synchronous reset to get the best optimization for performance, power and area.
Related violations: <none>

DPIR-1#107 Warning
Asynchronous driver check  
DSP MULTIPLY/y_product0 input pin MULTIPLY/y_product0/A[1] is connected to registers with an asynchronous reset. This is preventing the possibility of merging these registers in to the DSP Block since the DSP block registers only possess synchronous reset capability.  It is suggested to recode or change these registers to remove the reset or use a synchronous reset to get the best optimization for performance, power and area.
Related violations: <none>

DPIR-1#108 Warning
Asynchronous driver check  
DSP MULTIPLY/y_product0 input pin MULTIPLY/y_product0/A[20] is connected to registers with an asynchronous reset. This is preventing the possibility of merging these registers in to the DSP Block since the DSP block registers only possess synchronous reset capability.  It is suggested to recode or change these registers to remove the reset or use a synchronous reset to get the best optimization for performance, power and area.
Related violations: <none>

DPIR-1#109 Warning
Asynchronous driver check  
DSP MULTIPLY/y_product0 input pin MULTIPLY/y_product0/A[21] is connected to registers with an asynchronous reset. This is preventing the possibility of merging these registers in to the DSP Block since the DSP block registers only possess synchronous reset capability.  It is suggested to recode or change these registers to remove the reset or use a synchronous reset to get the best optimization for performance, power and area.
Related violations: <none>

DPIR-1#110 Warning
Asynchronous driver check  
DSP MULTIPLY/y_product0 input pin MULTIPLY/y_product0/A[22] is connected to registers with an asynchronous reset. This is preventing the possibility of merging these registers in to the DSP Block since the DSP block registers only possess synchronous reset capability.  It is suggested to recode or change these registers to remove the reset or use a synchronous reset to get the best optimization for performance, power and area.
Related violations: <none>

DPIR-1#111 Warning
Asynchronous driver check  
DSP MULTIPLY/y_product0 input pin MULTIPLY/y_product0/A[23] is connected to registers with an asynchronous reset. This is preventing the possibility of merging these registers in to the DSP Block since the DSP block registers only possess synchronous reset capability.  It is suggested to recode or change these registers to remove the reset or use a synchronous reset to get the best optimization for performance, power and area.
Related violations: <none>

DPIR-1#112 Warning
Asynchronous driver check  
DSP MULTIPLY/y_product0 input pin MULTIPLY/y_product0/A[24] is connected to registers with an asynchronous reset. This is preventing the possibility of merging these registers in to the DSP Block since the DSP block registers only possess synchronous reset capability.  It is suggested to recode or change these registers to remove the reset or use a synchronous reset to get the best optimization for performance, power and area.
Related violations: <none>

DPIR-1#113 Warning
Asynchronous driver check  
DSP MULTIPLY/y_product0 input pin MULTIPLY/y_product0/A[25] is connected to registers with an asynchronous reset. This is preventing the possibility of merging these registers in to the DSP Block since the DSP block registers only possess synchronous reset capability.  It is suggested to recode or change these registers to remove the reset or use a synchronous reset to get the best optimization for performance, power and area.
Related violations: <none>

DPIR-1#114 Warning
Asynchronous driver check  
DSP MULTIPLY/y_product0 input pin MULTIPLY/y_product0/A[26] is connected to registers with an asynchronous reset. This is preventing the possibility of merging these registers in to the DSP Block since the DSP block registers only possess synchronous reset capability.  It is suggested to recode or change these registers to remove the reset or use a synchronous reset to get the best optimization for performance, power and area.
Related violations: <none>

DPIR-1#115 Warning
Asynchronous driver check  
DSP MULTIPLY/y_product0 input pin MULTIPLY/y_product0/A[27] is connected to registers with an asynchronous reset. This is preventing the possibility of merging these registers in to the DSP Block since the DSP block registers only possess synchronous reset capability.  It is suggested to recode or change these registers to remove the reset or use a synchronous reset to get the best optimization for performance, power and area.
Related violations: <none>

DPIR-1#116 Warning
Asynchronous driver check  
DSP MULTIPLY/y_product0 input pin MULTIPLY/y_product0/A[28] is connected to registers with an asynchronous reset. This is preventing the possibility of merging these registers in to the DSP Block since the DSP block registers only possess synchronous reset capability.  It is suggested to recode or change these registers to remove the reset or use a synchronous reset to get the best optimization for performance, power and area.
Related violations: <none>

DPIR-1#117 Warning
Asynchronous driver check  
DSP MULTIPLY/y_product0 input pin MULTIPLY/y_product0/A[29] is connected to registers with an asynchronous reset. This is preventing the possibility of merging these registers in to the DSP Block since the DSP block registers only possess synchronous reset capability.  It is suggested to recode or change these registers to remove the reset or use a synchronous reset to get the best optimization for performance, power and area.
Related violations: <none>

DPIR-1#118 Warning
Asynchronous driver check  
DSP MULTIPLY/y_product0 input pin MULTIPLY/y_product0/A[2] is connected to registers with an asynchronous reset. This is preventing the possibility of merging these registers in to the DSP Block since the DSP block registers only possess synchronous reset capability.  It is suggested to recode or change these registers to remove the reset or use a synchronous reset to get the best optimization for performance, power and area.
Related violations: <none>

DPIR-1#119 Warning
Asynchronous driver check  
DSP MULTIPLY/y_product0 input pin MULTIPLY/y_product0/A[3] is connected to registers with an asynchronous reset. This is preventing the possibility of merging these registers in to the DSP Block since the DSP block registers only possess synchronous reset capability.  It is suggested to recode or change these registers to remove the reset or use a synchronous reset to get the best optimization for performance, power and area.
Related violations: <none>

DPIR-1#120 Warning
Asynchronous driver check  
DSP MULTIPLY/y_product0 input pin MULTIPLY/y_product0/A[4] is connected to registers with an asynchronous reset. This is preventing the possibility of merging these registers in to the DSP Block since the DSP block registers only possess synchronous reset capability.  It is suggested to recode or change these registers to remove the reset or use a synchronous reset to get the best optimization for performance, power and area.
Related violations: <none>

DPIR-1#121 Warning
Asynchronous driver check  
DSP MULTIPLY/y_product0 input pin MULTIPLY/y_product0/A[5] is connected to registers with an asynchronous reset. This is preventing the possibility of merging these registers in to the DSP Block since the DSP block registers only possess synchronous reset capability.  It is suggested to recode or change these registers to remove the reset or use a synchronous reset to get the best optimization for performance, power and area.
Related violations: <none>

DPIR-1#122 Warning
Asynchronous driver check  
DSP MULTIPLY/y_product0 input pin MULTIPLY/y_product0/A[6] is connected to registers with an asynchronous reset. This is preventing the possibility of merging these registers in to the DSP Block since the DSP block registers only possess synchronous reset capability.  It is suggested to recode or change these registers to remove the reset or use a synchronous reset to get the best optimization for performance, power and area.
Related violations: <none>

DPIR-1#123 Warning
Asynchronous driver check  
DSP MULTIPLY/y_product0 input pin MULTIPLY/y_product0/A[7] is connected to registers with an asynchronous reset. This is preventing the possibility of merging these registers in to the DSP Block since the DSP block registers only possess synchronous reset capability.  It is suggested to recode or change these registers to remove the reset or use a synchronous reset to get the best optimization for performance, power and area.
Related violations: <none>

DPIR-1#124 Warning
Asynchronous driver check  
DSP MULTIPLY/y_product0 input pin MULTIPLY/y_product0/A[8] is connected to registers with an asynchronous reset. This is preventing the possibility of merging these registers in to the DSP Block since the DSP block registers only possess synchronous reset capability.  It is suggested to recode or change these registers to remove the reset or use a synchronous reset to get the best optimization for performance, power and area.
Related violations: <none>

DPIR-1#125 Warning
Asynchronous driver check  
DSP MULTIPLY/y_product0 input pin MULTIPLY/y_product0/A[9] is connected to registers with an asynchronous reset. This is preventing the possibility of merging these registers in to the DSP Block since the DSP block registers only possess synchronous reset capability.  It is suggested to recode or change these registers to remove the reset or use a synchronous reset to get the best optimization for performance, power and area.
Related violations: <none>

DPIR-1#126 Warning
Asynchronous driver check  
DSP MULTIPLY/y_product0 input pin MULTIPLY/y_product0/B[0] is connected to registers with an asynchronous reset. This is preventing the possibility of merging these registers in to the DSP Block since the DSP block registers only possess synchronous reset capability.  It is suggested to recode or change these registers to remove the reset or use a synchronous reset to get the best optimization for performance, power and area.
Related violations: <none>

DPIR-1#127 Warning
Asynchronous driver check  
DSP MULTIPLY/y_product0 input pin MULTIPLY/y_product0/B[10] is connected to registers with an asynchronous reset. This is preventing the possibility of merging these registers in to the DSP Block since the DSP block registers only possess synchronous reset capability.  It is suggested to recode or change these registers to remove the reset or use a synchronous reset to get the best optimization for performance, power and area.
Related violations: <none>

DPIR-1#128 Warning
Asynchronous driver check  
DSP MULTIPLY/y_product0 input pin MULTIPLY/y_product0/B[11] is connected to registers with an asynchronous reset. This is preventing the possibility of merging these registers in to the DSP Block since the DSP block registers only possess synchronous reset capability.  It is suggested to recode or change these registers to remove the reset or use a synchronous reset to get the best optimization for performance, power and area.
Related violations: <none>

DPIR-1#129 Warning
Asynchronous driver check  
DSP MULTIPLY/y_product0 input pin MULTIPLY/y_product0/B[12] is connected to registers with an asynchronous reset. This is preventing the possibility of merging these registers in to the DSP Block since the DSP block registers only possess synchronous reset capability.  It is suggested to recode or change these registers to remove the reset or use a synchronous reset to get the best optimization for performance, power and area.
Related violations: <none>

DPIR-1#130 Warning
Asynchronous driver check  
DSP MULTIPLY/y_product0 input pin MULTIPLY/y_product0/B[13] is connected to registers with an asynchronous reset. This is preventing the possibility of merging these registers in to the DSP Block since the DSP block registers only possess synchronous reset capability.  It is suggested to recode or change these registers to remove the reset or use a synchronous reset to get the best optimization for performance, power and area.
Related violations: <none>

DPIR-1#131 Warning
Asynchronous driver check  
DSP MULTIPLY/y_product0 input pin MULTIPLY/y_product0/B[14] is connected to registers with an asynchronous reset. This is preventing the possibility of merging these registers in to the DSP Block since the DSP block registers only possess synchronous reset capability.  It is suggested to recode or change these registers to remove the reset or use a synchronous reset to get the best optimization for performance, power and area.
Related violations: <none>

DPIR-1#132 Warning
Asynchronous driver check  
DSP MULTIPLY/y_product0 input pin MULTIPLY/y_product0/B[15] is connected to registers with an asynchronous reset. This is preventing the possibility of merging these registers in to the DSP Block since the DSP block registers only possess synchronous reset capability.  It is suggested to recode or change these registers to remove the reset or use a synchronous reset to get the best optimization for performance, power and area.
Related violations: <none>

DPIR-1#133 Warning
Asynchronous driver check  
DSP MULTIPLY/y_product0 input pin MULTIPLY/y_product0/B[16] is connected to registers with an asynchronous reset. This is preventing the possibility of merging these registers in to the DSP Block since the DSP block registers only possess synchronous reset capability.  It is suggested to recode or change these registers to remove the reset or use a synchronous reset to get the best optimization for performance, power and area.
Related violations: <none>

DPIR-1#134 Warning
Asynchronous driver check  
DSP MULTIPLY/y_product0 input pin MULTIPLY/y_product0/B[1] is connected to registers with an asynchronous reset. This is preventing the possibility of merging these registers in to the DSP Block since the DSP block registers only possess synchronous reset capability.  It is suggested to recode or change these registers to remove the reset or use a synchronous reset to get the best optimization for performance, power and area.
Related violations: <none>

DPIR-1#135 Warning
Asynchronous driver check  
DSP MULTIPLY/y_product0 input pin MULTIPLY/y_product0/B[2] is connected to registers with an asynchronous reset. This is preventing the possibility of merging these registers in to the DSP Block since the DSP block registers only possess synchronous reset capability.  It is suggested to recode or change these registers to remove the reset or use a synchronous reset to get the best optimization for performance, power and area.
Related violations: <none>

DPIR-1#136 Warning
Asynchronous driver check  
DSP MULTIPLY/y_product0 input pin MULTIPLY/y_product0/B[3] is connected to registers with an asynchronous reset. This is preventing the possibility of merging these registers in to the DSP Block since the DSP block registers only possess synchronous reset capability.  It is suggested to recode or change these registers to remove the reset or use a synchronous reset to get the best optimization for performance, power and area.
Related violations: <none>

DPIR-1#137 Warning
Asynchronous driver check  
DSP MULTIPLY/y_product0 input pin MULTIPLY/y_product0/B[4] is connected to registers with an asynchronous reset. This is preventing the possibility of merging these registers in to the DSP Block since the DSP block registers only possess synchronous reset capability.  It is suggested to recode or change these registers to remove the reset or use a synchronous reset to get the best optimization for performance, power and area.
Related violations: <none>

DPIR-1#138 Warning
Asynchronous driver check  
DSP MULTIPLY/y_product0 input pin MULTIPLY/y_product0/B[5] is connected to registers with an asynchronous reset. This is preventing the possibility of merging these registers in to the DSP Block since the DSP block registers only possess synchronous reset capability.  It is suggested to recode or change these registers to remove the reset or use a synchronous reset to get the best optimization for performance, power and area.
Related violations: <none>

DPIR-1#139 Warning
Asynchronous driver check  
DSP MULTIPLY/y_product0 input pin MULTIPLY/y_product0/B[6] is connected to registers with an asynchronous reset. This is preventing the possibility of merging these registers in to the DSP Block since the DSP block registers only possess synchronous reset capability.  It is suggested to recode or change these registers to remove the reset or use a synchronous reset to get the best optimization for performance, power and area.
Related violations: <none>

DPIR-1#140 Warning
Asynchronous driver check  
DSP MULTIPLY/y_product0 input pin MULTIPLY/y_product0/B[7] is connected to registers with an asynchronous reset. This is preventing the possibility of merging these registers in to the DSP Block since the DSP block registers only possess synchronous reset capability.  It is suggested to recode or change these registers to remove the reset or use a synchronous reset to get the best optimization for performance, power and area.
Related violations: <none>

DPIR-1#141 Warning
Asynchronous driver check  
DSP MULTIPLY/y_product0 input pin MULTIPLY/y_product0/B[8] is connected to registers with an asynchronous reset. This is preventing the possibility of merging these registers in to the DSP Block since the DSP block registers only possess synchronous reset capability.  It is suggested to recode or change these registers to remove the reset or use a synchronous reset to get the best optimization for performance, power and area.
Related violations: <none>

DPIR-1#142 Warning
Asynchronous driver check  
DSP MULTIPLY/y_product0 input pin MULTIPLY/y_product0/B[9] is connected to registers with an asynchronous reset. This is preventing the possibility of merging these registers in to the DSP Block since the DSP block registers only possess synchronous reset capability.  It is suggested to recode or change these registers to remove the reset or use a synchronous reset to get the best optimization for performance, power and area.
Related violations: <none>

DPIR-1#143 Warning
Asynchronous driver check  
DSP MULTIPLY/y_product0__0 input pin MULTIPLY/y_product0__0/A[0] is connected to registers with an asynchronous reset. This is preventing the possibility of merging these registers in to the DSP Block since the DSP block registers only possess synchronous reset capability.  It is suggested to recode or change these registers to remove the reset or use a synchronous reset to get the best optimization for performance, power and area.
Related violations: <none>

DPIR-1#144 Warning
Asynchronous driver check  
DSP MULTIPLY/y_product0__0 input pin MULTIPLY/y_product0__0/A[10] is connected to registers with an asynchronous reset. This is preventing the possibility of merging these registers in to the DSP Block since the DSP block registers only possess synchronous reset capability.  It is suggested to recode or change these registers to remove the reset or use a synchronous reset to get the best optimization for performance, power and area.
Related violations: <none>

DPIR-1#145 Warning
Asynchronous driver check  
DSP MULTIPLY/y_product0__0 input pin MULTIPLY/y_product0__0/A[11] is connected to registers with an asynchronous reset. This is preventing the possibility of merging these registers in to the DSP Block since the DSP block registers only possess synchronous reset capability.  It is suggested to recode or change these registers to remove the reset or use a synchronous reset to get the best optimization for performance, power and area.
Related violations: <none>

DPIR-1#146 Warning
Asynchronous driver check  
DSP MULTIPLY/y_product0__0 input pin MULTIPLY/y_product0__0/A[12] is connected to registers with an asynchronous reset. This is preventing the possibility of merging these registers in to the DSP Block since the DSP block registers only possess synchronous reset capability.  It is suggested to recode or change these registers to remove the reset or use a synchronous reset to get the best optimization for performance, power and area.
Related violations: <none>

DPIR-1#147 Warning
Asynchronous driver check  
DSP MULTIPLY/y_product0__0 input pin MULTIPLY/y_product0__0/A[13] is connected to registers with an asynchronous reset. This is preventing the possibility of merging these registers in to the DSP Block since the DSP block registers only possess synchronous reset capability.  It is suggested to recode or change these registers to remove the reset or use a synchronous reset to get the best optimization for performance, power and area.
Related violations: <none>

DPIR-1#148 Warning
Asynchronous driver check  
DSP MULTIPLY/y_product0__0 input pin MULTIPLY/y_product0__0/A[14] is connected to registers with an asynchronous reset. This is preventing the possibility of merging these registers in to the DSP Block since the DSP block registers only possess synchronous reset capability.  It is suggested to recode or change these registers to remove the reset or use a synchronous reset to get the best optimization for performance, power and area.
Related violations: <none>

DPIR-1#149 Warning
Asynchronous driver check  
DSP MULTIPLY/y_product0__0 input pin MULTIPLY/y_product0__0/A[15] is connected to registers with an asynchronous reset. This is preventing the possibility of merging these registers in to the DSP Block since the DSP block registers only possess synchronous reset capability.  It is suggested to recode or change these registers to remove the reset or use a synchronous reset to get the best optimization for performance, power and area.
Related violations: <none>

DPIR-1#150 Warning
Asynchronous driver check  
DSP MULTIPLY/y_product0__0 input pin MULTIPLY/y_product0__0/A[16] is connected to registers with an asynchronous reset. This is preventing the possibility of merging these registers in to the DSP Block since the DSP block registers only possess synchronous reset capability.  It is suggested to recode or change these registers to remove the reset or use a synchronous reset to get the best optimization for performance, power and area.
Related violations: <none>

DPIR-1#151 Warning
Asynchronous driver check  
DSP MULTIPLY/y_product0__0 input pin MULTIPLY/y_product0__0/A[17] is connected to registers with an asynchronous reset. This is preventing the possibility of merging these registers in to the DSP Block since the DSP block registers only possess synchronous reset capability.  It is suggested to recode or change these registers to remove the reset or use a synchronous reset to get the best optimization for performance, power and area.
Related violations: <none>

DPIR-1#152 Warning
Asynchronous driver check  
DSP MULTIPLY/y_product0__0 input pin MULTIPLY/y_product0__0/A[18] is connected to registers with an asynchronous reset. This is preventing the possibility of merging these registers in to the DSP Block since the DSP block registers only possess synchronous reset capability.  It is suggested to recode or change these registers to remove the reset or use a synchronous reset to get the best optimization for performance, power and area.
Related violations: <none>

DPIR-1#153 Warning
Asynchronous driver check  
DSP MULTIPLY/y_product0__0 input pin MULTIPLY/y_product0__0/A[19] is connected to registers with an asynchronous reset. This is preventing the possibility of merging these registers in to the DSP Block since the DSP block registers only possess synchronous reset capability.  It is suggested to recode or change these registers to remove the reset or use a synchronous reset to get the best optimization for performance, power and area.
Related violations: <none>

DPIR-1#154 Warning
Asynchronous driver check  
DSP MULTIPLY/y_product0__0 input pin MULTIPLY/y_product0__0/A[1] is connected to registers with an asynchronous reset. This is preventing the possibility of merging these registers in to the DSP Block since the DSP block registers only possess synchronous reset capability.  It is suggested to recode or change these registers to remove the reset or use a synchronous reset to get the best optimization for performance, power and area.
Related violations: <none>

DPIR-1#155 Warning
Asynchronous driver check  
DSP MULTIPLY/y_product0__0 input pin MULTIPLY/y_product0__0/A[20] is connected to registers with an asynchronous reset. This is preventing the possibility of merging these registers in to the DSP Block since the DSP block registers only possess synchronous reset capability.  It is suggested to recode or change these registers to remove the reset or use a synchronous reset to get the best optimization for performance, power and area.
Related violations: <none>

DPIR-1#156 Warning
Asynchronous driver check  
DSP MULTIPLY/y_product0__0 input pin MULTIPLY/y_product0__0/A[21] is connected to registers with an asynchronous reset. This is preventing the possibility of merging these registers in to the DSP Block since the DSP block registers only possess synchronous reset capability.  It is suggested to recode or change these registers to remove the reset or use a synchronous reset to get the best optimization for performance, power and area.
Related violations: <none>

DPIR-1#157 Warning
Asynchronous driver check  
DSP MULTIPLY/y_product0__0 input pin MULTIPLY/y_product0__0/A[22] is connected to registers with an asynchronous reset. This is preventing the possibility of merging these registers in to the DSP Block since the DSP block registers only possess synchronous reset capability.  It is suggested to recode or change these registers to remove the reset or use a synchronous reset to get the best optimization for performance, power and area.
Related violations: <none>

DPIR-1#158 Warning
Asynchronous driver check  
DSP MULTIPLY/y_product0__0 input pin MULTIPLY/y_product0__0/A[23] is connected to registers with an asynchronous reset. This is preventing the possibility of merging these registers in to the DSP Block since the DSP block registers only possess synchronous reset capability.  It is suggested to recode or change these registers to remove the reset or use a synchronous reset to get the best optimization for performance, power and area.
Related violations: <none>

DPIR-1#159 Warning
Asynchronous driver check  
DSP MULTIPLY/y_product0__0 input pin MULTIPLY/y_product0__0/A[24] is connected to registers with an asynchronous reset. This is preventing the possibility of merging these registers in to the DSP Block since the DSP block registers only possess synchronous reset capability.  It is suggested to recode or change these registers to remove the reset or use a synchronous reset to get the best optimization for performance, power and area.
Related violations: <none>

DPIR-1#160 Warning
Asynchronous driver check  
DSP MULTIPLY/y_product0__0 input pin MULTIPLY/y_product0__0/A[25] is connected to registers with an asynchronous reset. This is preventing the possibility of merging these registers in to the DSP Block since the DSP block registers only possess synchronous reset capability.  It is suggested to recode or change these registers to remove the reset or use a synchronous reset to get the best optimization for performance, power and area.
Related violations: <none>

DPIR-1#161 Warning
Asynchronous driver check  
DSP MULTIPLY/y_product0__0 input pin MULTIPLY/y_product0__0/A[26] is connected to registers with an asynchronous reset. This is preventing the possibility of merging these registers in to the DSP Block since the DSP block registers only possess synchronous reset capability.  It is suggested to recode or change these registers to remove the reset or use a synchronous reset to get the best optimization for performance, power and area.
Related violations: <none>

DPIR-1#162 Warning
Asynchronous driver check  
DSP MULTIPLY/y_product0__0 input pin MULTIPLY/y_product0__0/A[27] is connected to registers with an asynchronous reset. This is preventing the possibility of merging these registers in to the DSP Block since the DSP block registers only possess synchronous reset capability.  It is suggested to recode or change these registers to remove the reset or use a synchronous reset to get the best optimization for performance, power and area.
Related violations: <none>

DPIR-1#163 Warning
Asynchronous driver check  
DSP MULTIPLY/y_product0__0 input pin MULTIPLY/y_product0__0/A[28] is connected to registers with an asynchronous reset. This is preventing the possibility of merging these registers in to the DSP Block since the DSP block registers only possess synchronous reset capability.  It is suggested to recode or change these registers to remove the reset or use a synchronous reset to get the best optimization for performance, power and area.
Related violations: <none>

DPIR-1#164 Warning
Asynchronous driver check  
DSP MULTIPLY/y_product0__0 input pin MULTIPLY/y_product0__0/A[29] is connected to registers with an asynchronous reset. This is preventing the possibility of merging these registers in to the DSP Block since the DSP block registers only possess synchronous reset capability.  It is suggested to recode or change these registers to remove the reset or use a synchronous reset to get the best optimization for performance, power and area.
Related violations: <none>

DPIR-1#165 Warning
Asynchronous driver check  
DSP MULTIPLY/y_product0__0 input pin MULTIPLY/y_product0__0/A[2] is connected to registers with an asynchronous reset. This is preventing the possibility of merging these registers in to the DSP Block since the DSP block registers only possess synchronous reset capability.  It is suggested to recode or change these registers to remove the reset or use a synchronous reset to get the best optimization for performance, power and area.
Related violations: <none>

DPIR-1#166 Warning
Asynchronous driver check  
DSP MULTIPLY/y_product0__0 input pin MULTIPLY/y_product0__0/A[3] is connected to registers with an asynchronous reset. This is preventing the possibility of merging these registers in to the DSP Block since the DSP block registers only possess synchronous reset capability.  It is suggested to recode or change these registers to remove the reset or use a synchronous reset to get the best optimization for performance, power and area.
Related violations: <none>

DPIR-1#167 Warning
Asynchronous driver check  
DSP MULTIPLY/y_product0__0 input pin MULTIPLY/y_product0__0/A[4] is connected to registers with an asynchronous reset. This is preventing the possibility of merging these registers in to the DSP Block since the DSP block registers only possess synchronous reset capability.  It is suggested to recode or change these registers to remove the reset or use a synchronous reset to get the best optimization for performance, power and area.
Related violations: <none>

DPIR-1#168 Warning
Asynchronous driver check  
DSP MULTIPLY/y_product0__0 input pin MULTIPLY/y_product0__0/A[5] is connected to registers with an asynchronous reset. This is preventing the possibility of merging these registers in to the DSP Block since the DSP block registers only possess synchronous reset capability.  It is suggested to recode or change these registers to remove the reset or use a synchronous reset to get the best optimization for performance, power and area.
Related violations: <none>

DPIR-1#169 Warning
Asynchronous driver check  
DSP MULTIPLY/y_product0__0 input pin MULTIPLY/y_product0__0/A[6] is connected to registers with an asynchronous reset. This is preventing the possibility of merging these registers in to the DSP Block since the DSP block registers only possess synchronous reset capability.  It is suggested to recode or change these registers to remove the reset or use a synchronous reset to get the best optimization for performance, power and area.
Related violations: <none>

DPIR-1#170 Warning
Asynchronous driver check  
DSP MULTIPLY/y_product0__0 input pin MULTIPLY/y_product0__0/A[7] is connected to registers with an asynchronous reset. This is preventing the possibility of merging these registers in to the DSP Block since the DSP block registers only possess synchronous reset capability.  It is suggested to recode or change these registers to remove the reset or use a synchronous reset to get the best optimization for performance, power and area.
Related violations: <none>

DPIR-1#171 Warning
Asynchronous driver check  
DSP MULTIPLY/y_product0__0 input pin MULTIPLY/y_product0__0/A[8] is connected to registers with an asynchronous reset. This is preventing the possibility of merging these registers in to the DSP Block since the DSP block registers only possess synchronous reset capability.  It is suggested to recode or change these registers to remove the reset or use a synchronous reset to get the best optimization for performance, power and area.
Related violations: <none>

DPIR-1#172 Warning
Asynchronous driver check  
DSP MULTIPLY/y_product0__0 input pin MULTIPLY/y_product0__0/A[9] is connected to registers with an asynchronous reset. This is preventing the possibility of merging these registers in to the DSP Block since the DSP block registers only possess synchronous reset capability.  It is suggested to recode or change these registers to remove the reset or use a synchronous reset to get the best optimization for performance, power and area.
Related violations: <none>

DPIR-1#173 Warning
Asynchronous driver check  
DSP MULTIPLY/y_product0__0 input pin MULTIPLY/y_product0__0/B[0] is connected to registers with an asynchronous reset. This is preventing the possibility of merging these registers in to the DSP Block since the DSP block registers only possess synchronous reset capability.  It is suggested to recode or change these registers to remove the reset or use a synchronous reset to get the best optimization for performance, power and area.
Related violations: <none>

DPIR-1#174 Warning
Asynchronous driver check  
DSP MULTIPLY/y_product0__0 input pin MULTIPLY/y_product0__0/B[10] is connected to registers with an asynchronous reset. This is preventing the possibility of merging these registers in to the DSP Block since the DSP block registers only possess synchronous reset capability.  It is suggested to recode or change these registers to remove the reset or use a synchronous reset to get the best optimization for performance, power and area.
Related violations: <none>

DPIR-1#175 Warning
Asynchronous driver check  
DSP MULTIPLY/y_product0__0 input pin MULTIPLY/y_product0__0/B[11] is connected to registers with an asynchronous reset. This is preventing the possibility of merging these registers in to the DSP Block since the DSP block registers only possess synchronous reset capability.  It is suggested to recode or change these registers to remove the reset or use a synchronous reset to get the best optimization for performance, power and area.
Related violations: <none>

DPIR-1#176 Warning
Asynchronous driver check  
DSP MULTIPLY/y_product0__0 input pin MULTIPLY/y_product0__0/B[12] is connected to registers with an asynchronous reset. This is preventing the possibility of merging these registers in to the DSP Block since the DSP block registers only possess synchronous reset capability.  It is suggested to recode or change these registers to remove the reset or use a synchronous reset to get the best optimization for performance, power and area.
Related violations: <none>

DPIR-1#177 Warning
Asynchronous driver check  
DSP MULTIPLY/y_product0__0 input pin MULTIPLY/y_product0__0/B[13] is connected to registers with an asynchronous reset. This is preventing the possibility of merging these registers in to the DSP Block since the DSP block registers only possess synchronous reset capability.  It is suggested to recode or change these registers to remove the reset or use a synchronous reset to get the best optimization for performance, power and area.
Related violations: <none>

DPIR-1#178 Warning
Asynchronous driver check  
DSP MULTIPLY/y_product0__0 input pin MULTIPLY/y_product0__0/B[14] is connected to registers with an asynchronous reset. This is preventing the possibility of merging these registers in to the DSP Block since the DSP block registers only possess synchronous reset capability.  It is suggested to recode or change these registers to remove the reset or use a synchronous reset to get the best optimization for performance, power and area.
Related violations: <none>

DPIR-1#179 Warning
Asynchronous driver check  
DSP MULTIPLY/y_product0__0 input pin MULTIPLY/y_product0__0/B[15] is connected to registers with an asynchronous reset. This is preventing the possibility of merging these registers in to the DSP Block since the DSP block registers only possess synchronous reset capability.  It is suggested to recode or change these registers to remove the reset or use a synchronous reset to get the best optimization for performance, power and area.
Related violations: <none>

DPIR-1#180 Warning
Asynchronous driver check  
DSP MULTIPLY/y_product0__0 input pin MULTIPLY/y_product0__0/B[16] is connected to registers with an asynchronous reset. This is preventing the possibility of merging these registers in to the DSP Block since the DSP block registers only possess synchronous reset capability.  It is suggested to recode or change these registers to remove the reset or use a synchronous reset to get the best optimization for performance, power and area.
Related violations: <none>

DPIR-1#181 Warning
Asynchronous driver check  
DSP MULTIPLY/y_product0__0 input pin MULTIPLY/y_product0__0/B[17] is connected to registers with an asynchronous reset. This is preventing the possibility of merging these registers in to the DSP Block since the DSP block registers only possess synchronous reset capability.  It is suggested to recode or change these registers to remove the reset or use a synchronous reset to get the best optimization for performance, power and area.
Related violations: <none>

DPIR-1#182 Warning
Asynchronous driver check  
DSP MULTIPLY/y_product0__0 input pin MULTIPLY/y_product0__0/B[1] is connected to registers with an asynchronous reset. This is preventing the possibility of merging these registers in to the DSP Block since the DSP block registers only possess synchronous reset capability.  It is suggested to recode or change these registers to remove the reset or use a synchronous reset to get the best optimization for performance, power and area.
Related violations: <none>

DPIR-1#183 Warning
Asynchronous driver check  
DSP MULTIPLY/y_product0__0 input pin MULTIPLY/y_product0__0/B[2] is connected to registers with an asynchronous reset. This is preventing the possibility of merging these registers in to the DSP Block since the DSP block registers only possess synchronous reset capability.  It is suggested to recode or change these registers to remove the reset or use a synchronous reset to get the best optimization for performance, power and area.
Related violations: <none>

DPIR-1#184 Warning
Asynchronous driver check  
DSP MULTIPLY/y_product0__0 input pin MULTIPLY/y_product0__0/B[3] is connected to registers with an asynchronous reset. This is preventing the possibility of merging these registers in to the DSP Block since the DSP block registers only possess synchronous reset capability.  It is suggested to recode or change these registers to remove the reset or use a synchronous reset to get the best optimization for performance, power and area.
Related violations: <none>

DPIR-1#185 Warning
Asynchronous driver check  
DSP MULTIPLY/y_product0__0 input pin MULTIPLY/y_product0__0/B[4] is connected to registers with an asynchronous reset. This is preventing the possibility of merging these registers in to the DSP Block since the DSP block registers only possess synchronous reset capability.  It is suggested to recode or change these registers to remove the reset or use a synchronous reset to get the best optimization for performance, power and area.
Related violations: <none>

DPIR-1#186 Warning
Asynchronous driver check  
DSP MULTIPLY/y_product0__0 input pin MULTIPLY/y_product0__0/B[5] is connected to registers with an asynchronous reset. This is preventing the possibility of merging these registers in to the DSP Block since the DSP block registers only possess synchronous reset capability.  It is suggested to recode or change these registers to remove the reset or use a synchronous reset to get the best optimization for performance, power and area.
Related violations: <none>

DPIR-1#187 Warning
Asynchronous driver check  
DSP MULTIPLY/y_product0__0 input pin MULTIPLY/y_product0__0/B[6] is connected to registers with an asynchronous reset. This is preventing the possibility of merging these registers in to the DSP Block since the DSP block registers only possess synchronous reset capability.  It is suggested to recode or change these registers to remove the reset or use a synchronous reset to get the best optimization for performance, power and area.
Related violations: <none>

DPIR-1#188 Warning
Asynchronous driver check  
DSP MULTIPLY/y_product0__0 input pin MULTIPLY/y_product0__0/B[7] is connected to registers with an asynchronous reset. This is preventing the possibility of merging these registers in to the DSP Block since the DSP block registers only possess synchronous reset capability.  It is suggested to recode or change these registers to remove the reset or use a synchronous reset to get the best optimization for performance, power and area.
Related violations: <none>

DPIR-1#189 Warning
Asynchronous driver check  
DSP MULTIPLY/y_product0__0 input pin MULTIPLY/y_product0__0/B[8] is connected to registers with an asynchronous reset. This is preventing the possibility of merging these registers in to the DSP Block since the DSP block registers only possess synchronous reset capability.  It is suggested to recode or change these registers to remove the reset or use a synchronous reset to get the best optimization for performance, power and area.
Related violations: <none>

DPIR-1#190 Warning
Asynchronous driver check  
DSP MULTIPLY/y_product0__0 input pin MULTIPLY/y_product0__0/B[9] is connected to registers with an asynchronous reset. This is preventing the possibility of merging these registers in to the DSP Block since the DSP block registers only possess synchronous reset capability.  It is suggested to recode or change these registers to remove the reset or use a synchronous reset to get the best optimization for performance, power and area.
Related violations: <none>

DPIR-1#191 Warning
Asynchronous driver check  
DSP MULTIPLY/z_product0 input pin MULTIPLY/z_product0/A[0] is connected to registers with an asynchronous reset. This is preventing the possibility of merging these registers in to the DSP Block since the DSP block registers only possess synchronous reset capability.  It is suggested to recode or change these registers to remove the reset or use a synchronous reset to get the best optimization for performance, power and area.
Related violations: <none>

DPIR-1#192 Warning
Asynchronous driver check  
DSP MULTIPLY/z_product0 input pin MULTIPLY/z_product0/A[10] is connected to registers with an asynchronous reset. This is preventing the possibility of merging these registers in to the DSP Block since the DSP block registers only possess synchronous reset capability.  It is suggested to recode or change these registers to remove the reset or use a synchronous reset to get the best optimization for performance, power and area.
Related violations: <none>

DPIR-1#193 Warning
Asynchronous driver check  
DSP MULTIPLY/z_product0 input pin MULTIPLY/z_product0/A[11] is connected to registers with an asynchronous reset. This is preventing the possibility of merging these registers in to the DSP Block since the DSP block registers only possess synchronous reset capability.  It is suggested to recode or change these registers to remove the reset or use a synchronous reset to get the best optimization for performance, power and area.
Related violations: <none>

DPIR-1#194 Warning
Asynchronous driver check  
DSP MULTIPLY/z_product0 input pin MULTIPLY/z_product0/A[12] is connected to registers with an asynchronous reset. This is preventing the possibility of merging these registers in to the DSP Block since the DSP block registers only possess synchronous reset capability.  It is suggested to recode or change these registers to remove the reset or use a synchronous reset to get the best optimization for performance, power and area.
Related violations: <none>

DPIR-1#195 Warning
Asynchronous driver check  
DSP MULTIPLY/z_product0 input pin MULTIPLY/z_product0/A[13] is connected to registers with an asynchronous reset. This is preventing the possibility of merging these registers in to the DSP Block since the DSP block registers only possess synchronous reset capability.  It is suggested to recode or change these registers to remove the reset or use a synchronous reset to get the best optimization for performance, power and area.
Related violations: <none>

DPIR-1#196 Warning
Asynchronous driver check  
DSP MULTIPLY/z_product0 input pin MULTIPLY/z_product0/A[14] is connected to registers with an asynchronous reset. This is preventing the possibility of merging these registers in to the DSP Block since the DSP block registers only possess synchronous reset capability.  It is suggested to recode or change these registers to remove the reset or use a synchronous reset to get the best optimization for performance, power and area.
Related violations: <none>

DPIR-1#197 Warning
Asynchronous driver check  
DSP MULTIPLY/z_product0 input pin MULTIPLY/z_product0/A[15] is connected to registers with an asynchronous reset. This is preventing the possibility of merging these registers in to the DSP Block since the DSP block registers only possess synchronous reset capability.  It is suggested to recode or change these registers to remove the reset or use a synchronous reset to get the best optimization for performance, power and area.
Related violations: <none>

DPIR-1#198 Warning
Asynchronous driver check  
DSP MULTIPLY/z_product0 input pin MULTIPLY/z_product0/A[16] is connected to registers with an asynchronous reset. This is preventing the possibility of merging these registers in to the DSP Block since the DSP block registers only possess synchronous reset capability.  It is suggested to recode or change these registers to remove the reset or use a synchronous reset to get the best optimization for performance, power and area.
Related violations: <none>

DPIR-1#199 Warning
Asynchronous driver check  
DSP MULTIPLY/z_product0 input pin MULTIPLY/z_product0/A[17] is connected to registers with an asynchronous reset. This is preventing the possibility of merging these registers in to the DSP Block since the DSP block registers only possess synchronous reset capability.  It is suggested to recode or change these registers to remove the reset or use a synchronous reset to get the best optimization for performance, power and area.
Related violations: <none>

DPIR-1#200 Warning
Asynchronous driver check  
DSP MULTIPLY/z_product0 input pin MULTIPLY/z_product0/A[18] is connected to registers with an asynchronous reset. This is preventing the possibility of merging these registers in to the DSP Block since the DSP block registers only possess synchronous reset capability.  It is suggested to recode or change these registers to remove the reset or use a synchronous reset to get the best optimization for performance, power and area.
Related violations: <none>

DPIR-1#201 Warning
Asynchronous driver check  
DSP MULTIPLY/z_product0 input pin MULTIPLY/z_product0/A[19] is connected to registers with an asynchronous reset. This is preventing the possibility of merging these registers in to the DSP Block since the DSP block registers only possess synchronous reset capability.  It is suggested to recode or change these registers to remove the reset or use a synchronous reset to get the best optimization for performance, power and area.
Related violations: <none>

DPIR-1#202 Warning
Asynchronous driver check  
DSP MULTIPLY/z_product0 input pin MULTIPLY/z_product0/A[1] is connected to registers with an asynchronous reset. This is preventing the possibility of merging these registers in to the DSP Block since the DSP block registers only possess synchronous reset capability.  It is suggested to recode or change these registers to remove the reset or use a synchronous reset to get the best optimization for performance, power and area.
Related violations: <none>

DPIR-1#203 Warning
Asynchronous driver check  
DSP MULTIPLY/z_product0 input pin MULTIPLY/z_product0/A[20] is connected to registers with an asynchronous reset. This is preventing the possibility of merging these registers in to the DSP Block since the DSP block registers only possess synchronous reset capability.  It is suggested to recode or change these registers to remove the reset or use a synchronous reset to get the best optimization for performance, power and area.
Related violations: <none>

DPIR-1#204 Warning
Asynchronous driver check  
DSP MULTIPLY/z_product0 input pin MULTIPLY/z_product0/A[21] is connected to registers with an asynchronous reset. This is preventing the possibility of merging these registers in to the DSP Block since the DSP block registers only possess synchronous reset capability.  It is suggested to recode or change these registers to remove the reset or use a synchronous reset to get the best optimization for performance, power and area.
Related violations: <none>

DPIR-1#205 Warning
Asynchronous driver check  
DSP MULTIPLY/z_product0 input pin MULTIPLY/z_product0/A[22] is connected to registers with an asynchronous reset. This is preventing the possibility of merging these registers in to the DSP Block since the DSP block registers only possess synchronous reset capability.  It is suggested to recode or change these registers to remove the reset or use a synchronous reset to get the best optimization for performance, power and area.
Related violations: <none>

DPIR-1#206 Warning
Asynchronous driver check  
DSP MULTIPLY/z_product0 input pin MULTIPLY/z_product0/A[23] is connected to registers with an asynchronous reset. This is preventing the possibility of merging these registers in to the DSP Block since the DSP block registers only possess synchronous reset capability.  It is suggested to recode or change these registers to remove the reset or use a synchronous reset to get the best optimization for performance, power and area.
Related violations: <none>

DPIR-1#207 Warning
Asynchronous driver check  
DSP MULTIPLY/z_product0 input pin MULTIPLY/z_product0/A[24] is connected to registers with an asynchronous reset. This is preventing the possibility of merging these registers in to the DSP Block since the DSP block registers only possess synchronous reset capability.  It is suggested to recode or change these registers to remove the reset or use a synchronous reset to get the best optimization for performance, power and area.
Related violations: <none>

DPIR-1#208 Warning
Asynchronous driver check  
DSP MULTIPLY/z_product0 input pin MULTIPLY/z_product0/A[25] is connected to registers with an asynchronous reset. This is preventing the possibility of merging these registers in to the DSP Block since the DSP block registers only possess synchronous reset capability.  It is suggested to recode or change these registers to remove the reset or use a synchronous reset to get the best optimization for performance, power and area.
Related violations: <none>

DPIR-1#209 Warning
Asynchronous driver check  
DSP MULTIPLY/z_product0 input pin MULTIPLY/z_product0/A[26] is connected to registers with an asynchronous reset. This is preventing the possibility of merging these registers in to the DSP Block since the DSP block registers only possess synchronous reset capability.  It is suggested to recode or change these registers to remove the reset or use a synchronous reset to get the best optimization for performance, power and area.
Related violations: <none>

DPIR-1#210 Warning
Asynchronous driver check  
DSP MULTIPLY/z_product0 input pin MULTIPLY/z_product0/A[27] is connected to registers with an asynchronous reset. This is preventing the possibility of merging these registers in to the DSP Block since the DSP block registers only possess synchronous reset capability.  It is suggested to recode or change these registers to remove the reset or use a synchronous reset to get the best optimization for performance, power and area.
Related violations: <none>

DPIR-1#211 Warning
Asynchronous driver check  
DSP MULTIPLY/z_product0 input pin MULTIPLY/z_product0/A[28] is connected to registers with an asynchronous reset. This is preventing the possibility of merging these registers in to the DSP Block since the DSP block registers only possess synchronous reset capability.  It is suggested to recode or change these registers to remove the reset or use a synchronous reset to get the best optimization for performance, power and area.
Related violations: <none>

DPIR-1#212 Warning
Asynchronous driver check  
DSP MULTIPLY/z_product0 input pin MULTIPLY/z_product0/A[29] is connected to registers with an asynchronous reset. This is preventing the possibility of merging these registers in to the DSP Block since the DSP block registers only possess synchronous reset capability.  It is suggested to recode or change these registers to remove the reset or use a synchronous reset to get the best optimization for performance, power and area.
Related violations: <none>

DPIR-1#213 Warning
Asynchronous driver check  
DSP MULTIPLY/z_product0 input pin MULTIPLY/z_product0/A[2] is connected to registers with an asynchronous reset. This is preventing the possibility of merging these registers in to the DSP Block since the DSP block registers only possess synchronous reset capability.  It is suggested to recode or change these registers to remove the reset or use a synchronous reset to get the best optimization for performance, power and area.
Related violations: <none>

DPIR-1#214 Warning
Asynchronous driver check  
DSP MULTIPLY/z_product0 input pin MULTIPLY/z_product0/A[3] is connected to registers with an asynchronous reset. This is preventing the possibility of merging these registers in to the DSP Block since the DSP block registers only possess synchronous reset capability.  It is suggested to recode or change these registers to remove the reset or use a synchronous reset to get the best optimization for performance, power and area.
Related violations: <none>

DPIR-1#215 Warning
Asynchronous driver check  
DSP MULTIPLY/z_product0 input pin MULTIPLY/z_product0/A[4] is connected to registers with an asynchronous reset. This is preventing the possibility of merging these registers in to the DSP Block since the DSP block registers only possess synchronous reset capability.  It is suggested to recode or change these registers to remove the reset or use a synchronous reset to get the best optimization for performance, power and area.
Related violations: <none>

DPIR-1#216 Warning
Asynchronous driver check  
DSP MULTIPLY/z_product0 input pin MULTIPLY/z_product0/A[5] is connected to registers with an asynchronous reset. This is preventing the possibility of merging these registers in to the DSP Block since the DSP block registers only possess synchronous reset capability.  It is suggested to recode or change these registers to remove the reset or use a synchronous reset to get the best optimization for performance, power and area.
Related violations: <none>

DPIR-1#217 Warning
Asynchronous driver check  
DSP MULTIPLY/z_product0 input pin MULTIPLY/z_product0/A[6] is connected to registers with an asynchronous reset. This is preventing the possibility of merging these registers in to the DSP Block since the DSP block registers only possess synchronous reset capability.  It is suggested to recode or change these registers to remove the reset or use a synchronous reset to get the best optimization for performance, power and area.
Related violations: <none>

DPIR-1#218 Warning
Asynchronous driver check  
DSP MULTIPLY/z_product0 input pin MULTIPLY/z_product0/A[7] is connected to registers with an asynchronous reset. This is preventing the possibility of merging these registers in to the DSP Block since the DSP block registers only possess synchronous reset capability.  It is suggested to recode or change these registers to remove the reset or use a synchronous reset to get the best optimization for performance, power and area.
Related violations: <none>

DPIR-1#219 Warning
Asynchronous driver check  
DSP MULTIPLY/z_product0 input pin MULTIPLY/z_product0/A[8] is connected to registers with an asynchronous reset. This is preventing the possibility of merging these registers in to the DSP Block since the DSP block registers only possess synchronous reset capability.  It is suggested to recode or change these registers to remove the reset or use a synchronous reset to get the best optimization for performance, power and area.
Related violations: <none>

DPIR-1#220 Warning
Asynchronous driver check  
DSP MULTIPLY/z_product0 input pin MULTIPLY/z_product0/A[9] is connected to registers with an asynchronous reset. This is preventing the possibility of merging these registers in to the DSP Block since the DSP block registers only possess synchronous reset capability.  It is suggested to recode or change these registers to remove the reset or use a synchronous reset to get the best optimization for performance, power and area.
Related violations: <none>

DPIR-1#221 Warning
Asynchronous driver check  
DSP MULTIPLY/z_product0 input pin MULTIPLY/z_product0/B[0] is connected to registers with an asynchronous reset. This is preventing the possibility of merging these registers in to the DSP Block since the DSP block registers only possess synchronous reset capability.  It is suggested to recode or change these registers to remove the reset or use a synchronous reset to get the best optimization for performance, power and area.
Related violations: <none>

DPIR-1#222 Warning
Asynchronous driver check  
DSP MULTIPLY/z_product0 input pin MULTIPLY/z_product0/B[10] is connected to registers with an asynchronous reset. This is preventing the possibility of merging these registers in to the DSP Block since the DSP block registers only possess synchronous reset capability.  It is suggested to recode or change these registers to remove the reset or use a synchronous reset to get the best optimization for performance, power and area.
Related violations: <none>

DPIR-1#223 Warning
Asynchronous driver check  
DSP MULTIPLY/z_product0 input pin MULTIPLY/z_product0/B[11] is connected to registers with an asynchronous reset. This is preventing the possibility of merging these registers in to the DSP Block since the DSP block registers only possess synchronous reset capability.  It is suggested to recode or change these registers to remove the reset or use a synchronous reset to get the best optimization for performance, power and area.
Related violations: <none>

DPIR-1#224 Warning
Asynchronous driver check  
DSP MULTIPLY/z_product0 input pin MULTIPLY/z_product0/B[12] is connected to registers with an asynchronous reset. This is preventing the possibility of merging these registers in to the DSP Block since the DSP block registers only possess synchronous reset capability.  It is suggested to recode or change these registers to remove the reset or use a synchronous reset to get the best optimization for performance, power and area.
Related violations: <none>

DPIR-1#225 Warning
Asynchronous driver check  
DSP MULTIPLY/z_product0 input pin MULTIPLY/z_product0/B[13] is connected to registers with an asynchronous reset. This is preventing the possibility of merging these registers in to the DSP Block since the DSP block registers only possess synchronous reset capability.  It is suggested to recode or change these registers to remove the reset or use a synchronous reset to get the best optimization for performance, power and area.
Related violations: <none>

DPIR-1#226 Warning
Asynchronous driver check  
DSP MULTIPLY/z_product0 input pin MULTIPLY/z_product0/B[14] is connected to registers with an asynchronous reset. This is preventing the possibility of merging these registers in to the DSP Block since the DSP block registers only possess synchronous reset capability.  It is suggested to recode or change these registers to remove the reset or use a synchronous reset to get the best optimization for performance, power and area.
Related violations: <none>

DPIR-1#227 Warning
Asynchronous driver check  
DSP MULTIPLY/z_product0 input pin MULTIPLY/z_product0/B[15] is connected to registers with an asynchronous reset. This is preventing the possibility of merging these registers in to the DSP Block since the DSP block registers only possess synchronous reset capability.  It is suggested to recode or change these registers to remove the reset or use a synchronous reset to get the best optimization for performance, power and area.
Related violations: <none>

DPIR-1#228 Warning
Asynchronous driver check  
DSP MULTIPLY/z_product0 input pin MULTIPLY/z_product0/B[16] is connected to registers with an asynchronous reset. This is preventing the possibility of merging these registers in to the DSP Block since the DSP block registers only possess synchronous reset capability.  It is suggested to recode or change these registers to remove the reset or use a synchronous reset to get the best optimization for performance, power and area.
Related violations: <none>

DPIR-1#229 Warning
Asynchronous driver check  
DSP MULTIPLY/z_product0 input pin MULTIPLY/z_product0/B[1] is connected to registers with an asynchronous reset. This is preventing the possibility of merging these registers in to the DSP Block since the DSP block registers only possess synchronous reset capability.  It is suggested to recode or change these registers to remove the reset or use a synchronous reset to get the best optimization for performance, power and area.
Related violations: <none>

DPIR-1#230 Warning
Asynchronous driver check  
DSP MULTIPLY/z_product0 input pin MULTIPLY/z_product0/B[2] is connected to registers with an asynchronous reset. This is preventing the possibility of merging these registers in to the DSP Block since the DSP block registers only possess synchronous reset capability.  It is suggested to recode or change these registers to remove the reset or use a synchronous reset to get the best optimization for performance, power and area.
Related violations: <none>

DPIR-1#231 Warning
Asynchronous driver check  
DSP MULTIPLY/z_product0 input pin MULTIPLY/z_product0/B[3] is connected to registers with an asynchronous reset. This is preventing the possibility of merging these registers in to the DSP Block since the DSP block registers only possess synchronous reset capability.  It is suggested to recode or change these registers to remove the reset or use a synchronous reset to get the best optimization for performance, power and area.
Related violations: <none>

DPIR-1#232 Warning
Asynchronous driver check  
DSP MULTIPLY/z_product0 input pin MULTIPLY/z_product0/B[4] is connected to registers with an asynchronous reset. This is preventing the possibility of merging these registers in to the DSP Block since the DSP block registers only possess synchronous reset capability.  It is suggested to recode or change these registers to remove the reset or use a synchronous reset to get the best optimization for performance, power and area.
Related violations: <none>

DPIR-1#233 Warning
Asynchronous driver check  
DSP MULTIPLY/z_product0 input pin MULTIPLY/z_product0/B[5] is connected to registers with an asynchronous reset. This is preventing the possibility of merging these registers in to the DSP Block since the DSP block registers only possess synchronous reset capability.  It is suggested to recode or change these registers to remove the reset or use a synchronous reset to get the best optimization for performance, power and area.
Related violations: <none>

DPIR-1#234 Warning
Asynchronous driver check  
DSP MULTIPLY/z_product0 input pin MULTIPLY/z_product0/B[6] is connected to registers with an asynchronous reset. This is preventing the possibility of merging these registers in to the DSP Block since the DSP block registers only possess synchronous reset capability.  It is suggested to recode or change these registers to remove the reset or use a synchronous reset to get the best optimization for performance, power and area.
Related violations: <none>

DPIR-1#235 Warning
Asynchronous driver check  
DSP MULTIPLY/z_product0 input pin MULTIPLY/z_product0/B[7] is connected to registers with an asynchronous reset. This is preventing the possibility of merging these registers in to the DSP Block since the DSP block registers only possess synchronous reset capability.  It is suggested to recode or change these registers to remove the reset or use a synchronous reset to get the best optimization for performance, power and area.
Related violations: <none>

DPIR-1#236 Warning
Asynchronous driver check  
DSP MULTIPLY/z_product0 input pin MULTIPLY/z_product0/B[8] is connected to registers with an asynchronous reset. This is preventing the possibility of merging these registers in to the DSP Block since the DSP block registers only possess synchronous reset capability.  It is suggested to recode or change these registers to remove the reset or use a synchronous reset to get the best optimization for performance, power and area.
Related violations: <none>

DPIR-1#237 Warning
Asynchronous driver check  
DSP MULTIPLY/z_product0 input pin MULTIPLY/z_product0/B[9] is connected to registers with an asynchronous reset. This is preventing the possibility of merging these registers in to the DSP Block since the DSP block registers only possess synchronous reset capability.  It is suggested to recode or change these registers to remove the reset or use a synchronous reset to get the best optimization for performance, power and area.
Related violations: <none>

DPIR-1#238 Warning
Asynchronous driver check  
DSP MULTIPLY/z_product0__0 input pin MULTIPLY/z_product0__0/A[0] is connected to registers with an asynchronous reset. This is preventing the possibility of merging these registers in to the DSP Block since the DSP block registers only possess synchronous reset capability.  It is suggested to recode or change these registers to remove the reset or use a synchronous reset to get the best optimization for performance, power and area.
Related violations: <none>

DPIR-1#239 Warning
Asynchronous driver check  
DSP MULTIPLY/z_product0__0 input pin MULTIPLY/z_product0__0/A[10] is connected to registers with an asynchronous reset. This is preventing the possibility of merging these registers in to the DSP Block since the DSP block registers only possess synchronous reset capability.  It is suggested to recode or change these registers to remove the reset or use a synchronous reset to get the best optimization for performance, power and area.
Related violations: <none>

DPIR-1#240 Warning
Asynchronous driver check  
DSP MULTIPLY/z_product0__0 input pin MULTIPLY/z_product0__0/A[11] is connected to registers with an asynchronous reset. This is preventing the possibility of merging these registers in to the DSP Block since the DSP block registers only possess synchronous reset capability.  It is suggested to recode or change these registers to remove the reset or use a synchronous reset to get the best optimization for performance, power and area.
Related violations: <none>

DPIR-1#241 Warning
Asynchronous driver check  
DSP MULTIPLY/z_product0__0 input pin MULTIPLY/z_product0__0/A[12] is connected to registers with an asynchronous reset. This is preventing the possibility of merging these registers in to the DSP Block since the DSP block registers only possess synchronous reset capability.  It is suggested to recode or change these registers to remove the reset or use a synchronous reset to get the best optimization for performance, power and area.
Related violations: <none>

DPIR-1#242 Warning
Asynchronous driver check  
DSP MULTIPLY/z_product0__0 input pin MULTIPLY/z_product0__0/A[13] is connected to registers with an asynchronous reset. This is preventing the possibility of merging these registers in to the DSP Block since the DSP block registers only possess synchronous reset capability.  It is suggested to recode or change these registers to remove the reset or use a synchronous reset to get the best optimization for performance, power and area.
Related violations: <none>

DPIR-1#243 Warning
Asynchronous driver check  
DSP MULTIPLY/z_product0__0 input pin MULTIPLY/z_product0__0/A[14] is connected to registers with an asynchronous reset. This is preventing the possibility of merging these registers in to the DSP Block since the DSP block registers only possess synchronous reset capability.  It is suggested to recode or change these registers to remove the reset or use a synchronous reset to get the best optimization for performance, power and area.
Related violations: <none>

DPIR-1#244 Warning
Asynchronous driver check  
DSP MULTIPLY/z_product0__0 input pin MULTIPLY/z_product0__0/A[15] is connected to registers with an asynchronous reset. This is preventing the possibility of merging these registers in to the DSP Block since the DSP block registers only possess synchronous reset capability.  It is suggested to recode or change these registers to remove the reset or use a synchronous reset to get the best optimization for performance, power and area.
Related violations: <none>

DPIR-1#245 Warning
Asynchronous driver check  
DSP MULTIPLY/z_product0__0 input pin MULTIPLY/z_product0__0/A[16] is connected to registers with an asynchronous reset. This is preventing the possibility of merging these registers in to the DSP Block since the DSP block registers only possess synchronous reset capability.  It is suggested to recode or change these registers to remove the reset or use a synchronous reset to get the best optimization for performance, power and area.
Related violations: <none>

DPIR-1#246 Warning
Asynchronous driver check  
DSP MULTIPLY/z_product0__0 input pin MULTIPLY/z_product0__0/A[17] is connected to registers with an asynchronous reset. This is preventing the possibility of merging these registers in to the DSP Block since the DSP block registers only possess synchronous reset capability.  It is suggested to recode or change these registers to remove the reset or use a synchronous reset to get the best optimization for performance, power and area.
Related violations: <none>

DPIR-1#247 Warning
Asynchronous driver check  
DSP MULTIPLY/z_product0__0 input pin MULTIPLY/z_product0__0/A[18] is connected to registers with an asynchronous reset. This is preventing the possibility of merging these registers in to the DSP Block since the DSP block registers only possess synchronous reset capability.  It is suggested to recode or change these registers to remove the reset or use a synchronous reset to get the best optimization for performance, power and area.
Related violations: <none>

DPIR-1#248 Warning
Asynchronous driver check  
DSP MULTIPLY/z_product0__0 input pin MULTIPLY/z_product0__0/A[19] is connected to registers with an asynchronous reset. This is preventing the possibility of merging these registers in to the DSP Block since the DSP block registers only possess synchronous reset capability.  It is suggested to recode or change these registers to remove the reset or use a synchronous reset to get the best optimization for performance, power and area.
Related violations: <none>

DPIR-1#249 Warning
Asynchronous driver check  
DSP MULTIPLY/z_product0__0 input pin MULTIPLY/z_product0__0/A[1] is connected to registers with an asynchronous reset. This is preventing the possibility of merging these registers in to the DSP Block since the DSP block registers only possess synchronous reset capability.  It is suggested to recode or change these registers to remove the reset or use a synchronous reset to get the best optimization for performance, power and area.
Related violations: <none>

DPIR-1#250 Warning
Asynchronous driver check  
DSP MULTIPLY/z_product0__0 input pin MULTIPLY/z_product0__0/A[20] is connected to registers with an asynchronous reset. This is preventing the possibility of merging these registers in to the DSP Block since the DSP block registers only possess synchronous reset capability.  It is suggested to recode or change these registers to remove the reset or use a synchronous reset to get the best optimization for performance, power and area.
Related violations: <none>

DPIR-1#251 Warning
Asynchronous driver check  
DSP MULTIPLY/z_product0__0 input pin MULTIPLY/z_product0__0/A[21] is connected to registers with an asynchronous reset. This is preventing the possibility of merging these registers in to the DSP Block since the DSP block registers only possess synchronous reset capability.  It is suggested to recode or change these registers to remove the reset or use a synchronous reset to get the best optimization for performance, power and area.
Related violations: <none>

DPIR-1#252 Warning
Asynchronous driver check  
DSP MULTIPLY/z_product0__0 input pin MULTIPLY/z_product0__0/A[22] is connected to registers with an asynchronous reset. This is preventing the possibility of merging these registers in to the DSP Block since the DSP block registers only possess synchronous reset capability.  It is suggested to recode or change these registers to remove the reset or use a synchronous reset to get the best optimization for performance, power and area.
Related violations: <none>

DPIR-1#253 Warning
Asynchronous driver check  
DSP MULTIPLY/z_product0__0 input pin MULTIPLY/z_product0__0/A[23] is connected to registers with an asynchronous reset. This is preventing the possibility of merging these registers in to the DSP Block since the DSP block registers only possess synchronous reset capability.  It is suggested to recode or change these registers to remove the reset or use a synchronous reset to get the best optimization for performance, power and area.
Related violations: <none>

DPIR-1#254 Warning
Asynchronous driver check  
DSP MULTIPLY/z_product0__0 input pin MULTIPLY/z_product0__0/A[24] is connected to registers with an asynchronous reset. This is preventing the possibility of merging these registers in to the DSP Block since the DSP block registers only possess synchronous reset capability.  It is suggested to recode or change these registers to remove the reset or use a synchronous reset to get the best optimization for performance, power and area.
Related violations: <none>

DPIR-1#255 Warning
Asynchronous driver check  
DSP MULTIPLY/z_product0__0 input pin MULTIPLY/z_product0__0/A[25] is connected to registers with an asynchronous reset. This is preventing the possibility of merging these registers in to the DSP Block since the DSP block registers only possess synchronous reset capability.  It is suggested to recode or change these registers to remove the reset or use a synchronous reset to get the best optimization for performance, power and area.
Related violations: <none>

DPIR-1#256 Warning
Asynchronous driver check  
DSP MULTIPLY/z_product0__0 input pin MULTIPLY/z_product0__0/A[26] is connected to registers with an asynchronous reset. This is preventing the possibility of merging these registers in to the DSP Block since the DSP block registers only possess synchronous reset capability.  It is suggested to recode or change these registers to remove the reset or use a synchronous reset to get the best optimization for performance, power and area.
Related violations: <none>

DPIR-1#257 Warning
Asynchronous driver check  
DSP MULTIPLY/z_product0__0 input pin MULTIPLY/z_product0__0/A[27] is connected to registers with an asynchronous reset. This is preventing the possibility of merging these registers in to the DSP Block since the DSP block registers only possess synchronous reset capability.  It is suggested to recode or change these registers to remove the reset or use a synchronous reset to get the best optimization for performance, power and area.
Related violations: <none>

DPIR-1#258 Warning
Asynchronous driver check  
DSP MULTIPLY/z_product0__0 input pin MULTIPLY/z_product0__0/A[28] is connected to registers with an asynchronous reset. This is preventing the possibility of merging these registers in to the DSP Block since the DSP block registers only possess synchronous reset capability.  It is suggested to recode or change these registers to remove the reset or use a synchronous reset to get the best optimization for performance, power and area.
Related violations: <none>

DPIR-1#259 Warning
Asynchronous driver check  
DSP MULTIPLY/z_product0__0 input pin MULTIPLY/z_product0__0/A[29] is connected to registers with an asynchronous reset. This is preventing the possibility of merging these registers in to the DSP Block since the DSP block registers only possess synchronous reset capability.  It is suggested to recode or change these registers to remove the reset or use a synchronous reset to get the best optimization for performance, power and area.
Related violations: <none>

DPIR-1#260 Warning
Asynchronous driver check  
DSP MULTIPLY/z_product0__0 input pin MULTIPLY/z_product0__0/A[2] is connected to registers with an asynchronous reset. This is preventing the possibility of merging these registers in to the DSP Block since the DSP block registers only possess synchronous reset capability.  It is suggested to recode or change these registers to remove the reset or use a synchronous reset to get the best optimization for performance, power and area.
Related violations: <none>

DPIR-1#261 Warning
Asynchronous driver check  
DSP MULTIPLY/z_product0__0 input pin MULTIPLY/z_product0__0/A[3] is connected to registers with an asynchronous reset. This is preventing the possibility of merging these registers in to the DSP Block since the DSP block registers only possess synchronous reset capability.  It is suggested to recode or change these registers to remove the reset or use a synchronous reset to get the best optimization for performance, power and area.
Related violations: <none>

DPIR-1#262 Warning
Asynchronous driver check  
DSP MULTIPLY/z_product0__0 input pin MULTIPLY/z_product0__0/A[4] is connected to registers with an asynchronous reset. This is preventing the possibility of merging these registers in to the DSP Block since the DSP block registers only possess synchronous reset capability.  It is suggested to recode or change these registers to remove the reset or use a synchronous reset to get the best optimization for performance, power and area.
Related violations: <none>

DPIR-1#263 Warning
Asynchronous driver check  
DSP MULTIPLY/z_product0__0 input pin MULTIPLY/z_product0__0/A[5] is connected to registers with an asynchronous reset. This is preventing the possibility of merging these registers in to the DSP Block since the DSP block registers only possess synchronous reset capability.  It is suggested to recode or change these registers to remove the reset or use a synchronous reset to get the best optimization for performance, power and area.
Related violations: <none>

DPIR-1#264 Warning
Asynchronous driver check  
DSP MULTIPLY/z_product0__0 input pin MULTIPLY/z_product0__0/A[6] is connected to registers with an asynchronous reset. This is preventing the possibility of merging these registers in to the DSP Block since the DSP block registers only possess synchronous reset capability.  It is suggested to recode or change these registers to remove the reset or use a synchronous reset to get the best optimization for performance, power and area.
Related violations: <none>

DPIR-1#265 Warning
Asynchronous driver check  
DSP MULTIPLY/z_product0__0 input pin MULTIPLY/z_product0__0/A[7] is connected to registers with an asynchronous reset. This is preventing the possibility of merging these registers in to the DSP Block since the DSP block registers only possess synchronous reset capability.  It is suggested to recode or change these registers to remove the reset or use a synchronous reset to get the best optimization for performance, power and area.
Related violations: <none>

DPIR-1#266 Warning
Asynchronous driver check  
DSP MULTIPLY/z_product0__0 input pin MULTIPLY/z_product0__0/A[8] is connected to registers with an asynchronous reset. This is preventing the possibility of merging these registers in to the DSP Block since the DSP block registers only possess synchronous reset capability.  It is suggested to recode or change these registers to remove the reset or use a synchronous reset to get the best optimization for performance, power and area.
Related violations: <none>

DPIR-1#267 Warning
Asynchronous driver check  
DSP MULTIPLY/z_product0__0 input pin MULTIPLY/z_product0__0/A[9] is connected to registers with an asynchronous reset. This is preventing the possibility of merging these registers in to the DSP Block since the DSP block registers only possess synchronous reset capability.  It is suggested to recode or change these registers to remove the reset or use a synchronous reset to get the best optimization for performance, power and area.
Related violations: <none>

DPIR-1#268 Warning
Asynchronous driver check  
DSP MULTIPLY/z_product0__0 input pin MULTIPLY/z_product0__0/B[0] is connected to registers with an asynchronous reset. This is preventing the possibility of merging these registers in to the DSP Block since the DSP block registers only possess synchronous reset capability.  It is suggested to recode or change these registers to remove the reset or use a synchronous reset to get the best optimization for performance, power and area.
Related violations: <none>

DPIR-1#269 Warning
Asynchronous driver check  
DSP MULTIPLY/z_product0__0 input pin MULTIPLY/z_product0__0/B[10] is connected to registers with an asynchronous reset. This is preventing the possibility of merging these registers in to the DSP Block since the DSP block registers only possess synchronous reset capability.  It is suggested to recode or change these registers to remove the reset or use a synchronous reset to get the best optimization for performance, power and area.
Related violations: <none>

DPIR-1#270 Warning
Asynchronous driver check  
DSP MULTIPLY/z_product0__0 input pin MULTIPLY/z_product0__0/B[11] is connected to registers with an asynchronous reset. This is preventing the possibility of merging these registers in to the DSP Block since the DSP block registers only possess synchronous reset capability.  It is suggested to recode or change these registers to remove the reset or use a synchronous reset to get the best optimization for performance, power and area.
Related violations: <none>

DPIR-1#271 Warning
Asynchronous driver check  
DSP MULTIPLY/z_product0__0 input pin MULTIPLY/z_product0__0/B[12] is connected to registers with an asynchronous reset. This is preventing the possibility of merging these registers in to the DSP Block since the DSP block registers only possess synchronous reset capability.  It is suggested to recode or change these registers to remove the reset or use a synchronous reset to get the best optimization for performance, power and area.
Related violations: <none>

DPIR-1#272 Warning
Asynchronous driver check  
DSP MULTIPLY/z_product0__0 input pin MULTIPLY/z_product0__0/B[13] is connected to registers with an asynchronous reset. This is preventing the possibility of merging these registers in to the DSP Block since the DSP block registers only possess synchronous reset capability.  It is suggested to recode or change these registers to remove the reset or use a synchronous reset to get the best optimization for performance, power and area.
Related violations: <none>

DPIR-1#273 Warning
Asynchronous driver check  
DSP MULTIPLY/z_product0__0 input pin MULTIPLY/z_product0__0/B[14] is connected to registers with an asynchronous reset. This is preventing the possibility of merging these registers in to the DSP Block since the DSP block registers only possess synchronous reset capability.  It is suggested to recode or change these registers to remove the reset or use a synchronous reset to get the best optimization for performance, power and area.
Related violations: <none>

DPIR-1#274 Warning
Asynchronous driver check  
DSP MULTIPLY/z_product0__0 input pin MULTIPLY/z_product0__0/B[15] is connected to registers with an asynchronous reset. This is preventing the possibility of merging these registers in to the DSP Block since the DSP block registers only possess synchronous reset capability.  It is suggested to recode or change these registers to remove the reset or use a synchronous reset to get the best optimization for performance, power and area.
Related violations: <none>

DPIR-1#275 Warning
Asynchronous driver check  
DSP MULTIPLY/z_product0__0 input pin MULTIPLY/z_product0__0/B[16] is connected to registers with an asynchronous reset. This is preventing the possibility of merging these registers in to the DSP Block since the DSP block registers only possess synchronous reset capability.  It is suggested to recode or change these registers to remove the reset or use a synchronous reset to get the best optimization for performance, power and area.
Related violations: <none>

DPIR-1#276 Warning
Asynchronous driver check  
DSP MULTIPLY/z_product0__0 input pin MULTIPLY/z_product0__0/B[17] is connected to registers with an asynchronous reset. This is preventing the possibility of merging these registers in to the DSP Block since the DSP block registers only possess synchronous reset capability.  It is suggested to recode or change these registers to remove the reset or use a synchronous reset to get the best optimization for performance, power and area.
Related violations: <none>

DPIR-1#277 Warning
Asynchronous driver check  
DSP MULTIPLY/z_product0__0 input pin MULTIPLY/z_product0__0/B[1] is connected to registers with an asynchronous reset. This is preventing the possibility of merging these registers in to the DSP Block since the DSP block registers only possess synchronous reset capability.  It is suggested to recode or change these registers to remove the reset or use a synchronous reset to get the best optimization for performance, power and area.
Related violations: <none>

DPIR-1#278 Warning
Asynchronous driver check  
DSP MULTIPLY/z_product0__0 input pin MULTIPLY/z_product0__0/B[2] is connected to registers with an asynchronous reset. This is preventing the possibility of merging these registers in to the DSP Block since the DSP block registers only possess synchronous reset capability.  It is suggested to recode or change these registers to remove the reset or use a synchronous reset to get the best optimization for performance, power and area.
Related violations: <none>

DPIR-1#279 Warning
Asynchronous driver check  
DSP MULTIPLY/z_product0__0 input pin MULTIPLY/z_product0__0/B[3] is connected to registers with an asynchronous reset. This is preventing the possibility of merging these registers in to the DSP Block since the DSP block registers only possess synchronous reset capability.  It is suggested to recode or change these registers to remove the reset or use a synchronous reset to get the best optimization for performance, power and area.
Related violations: <none>

DPIR-1#280 Warning
Asynchronous driver check  
DSP MULTIPLY/z_product0__0 input pin MULTIPLY/z_product0__0/B[4] is connected to registers with an asynchronous reset. This is preventing the possibility of merging these registers in to the DSP Block since the DSP block registers only possess synchronous reset capability.  It is suggested to recode or change these registers to remove the reset or use a synchronous reset to get the best optimization for performance, power and area.
Related violations: <none>

DPIR-1#281 Warning
Asynchronous driver check  
DSP MULTIPLY/z_product0__0 input pin MULTIPLY/z_product0__0/B[5] is connected to registers with an asynchronous reset. This is preventing the possibility of merging these registers in to the DSP Block since the DSP block registers only possess synchronous reset capability.  It is suggested to recode or change these registers to remove the reset or use a synchronous reset to get the best optimization for performance, power and area.
Related violations: <none>

DPIR-1#282 Warning
Asynchronous driver check  
DSP MULTIPLY/z_product0__0 input pin MULTIPLY/z_product0__0/B[6] is connected to registers with an asynchronous reset. This is preventing the possibility of merging these registers in to the DSP Block since the DSP block registers only possess synchronous reset capability.  It is suggested to recode or change these registers to remove the reset or use a synchronous reset to get the best optimization for performance, power and area.
Related violations: <none>

DPIR-1#283 Warning
Asynchronous driver check  
DSP MULTIPLY/z_product0__0 input pin MULTIPLY/z_product0__0/B[7] is connected to registers with an asynchronous reset. This is preventing the possibility of merging these registers in to the DSP Block since the DSP block registers only possess synchronous reset capability.  It is suggested to recode or change these registers to remove the reset or use a synchronous reset to get the best optimization for performance, power and area.
Related violations: <none>

DPIR-1#284 Warning
Asynchronous driver check  
DSP MULTIPLY/z_product0__0 input pin MULTIPLY/z_product0__0/B[8] is connected to registers with an asynchronous reset. This is preventing the possibility of merging these registers in to the DSP Block since the DSP block registers only possess synchronous reset capability.  It is suggested to recode or change these registers to remove the reset or use a synchronous reset to get the best optimization for performance, power and area.
Related violations: <none>

DPIR-1#285 Warning
Asynchronous driver check  
DSP MULTIPLY/z_product0__0 input pin MULTIPLY/z_product0__0/B[9] is connected to registers with an asynchronous reset. This is preventing the possibility of merging these registers in to the DSP Block since the DSP block registers only possess synchronous reset capability.  It is suggested to recode or change these registers to remove the reset or use a synchronous reset to get the best optimization for performance, power and area.
Related violations: <none>

DPIR-1#286 Warning
Asynchronous driver check  
DSP RECIPROCAL/FIRST_ITERATION/FIRST_MULTIPLY/high_product0 input pin RECIPROCAL/FIRST_ITERATION/FIRST_MULTIPLY/high_product0/A[0] is connected to registers with an asynchronous reset. This is preventing the possibility of merging these registers in to the DSP Block since the DSP block registers only possess synchronous reset capability.  It is suggested to recode or change these registers to remove the reset or use a synchronous reset to get the best optimization for performance, power and area.
Related violations: <none>

DPIR-1#287 Warning
Asynchronous driver check  
DSP RECIPROCAL/FIRST_ITERATION/FIRST_MULTIPLY/high_product0 input pin RECIPROCAL/FIRST_ITERATION/FIRST_MULTIPLY/high_product0/A[10] is connected to registers with an asynchronous reset. This is preventing the possibility of merging these registers in to the DSP Block since the DSP block registers only possess synchronous reset capability.  It is suggested to recode or change these registers to remove the reset or use a synchronous reset to get the best optimization for performance, power and area.
Related violations: <none>

DPIR-1#288 Warning
Asynchronous driver check  
DSP RECIPROCAL/FIRST_ITERATION/FIRST_MULTIPLY/high_product0 input pin RECIPROCAL/FIRST_ITERATION/FIRST_MULTIPLY/high_product0/A[11] is connected to registers with an asynchronous reset. This is preventing the possibility of merging these registers in to the DSP Block since the DSP block registers only possess synchronous reset capability.  It is suggested to recode or change these registers to remove the reset or use a synchronous reset to get the best optimization for performance, power and area.
Related violations: <none>

DPIR-1#289 Warning
Asynchronous driver check  
DSP RECIPROCAL/FIRST_ITERATION/FIRST_MULTIPLY/high_product0 input pin RECIPROCAL/FIRST_ITERATION/FIRST_MULTIPLY/high_product0/A[12] is connected to registers with an asynchronous reset. This is preventing the possibility of merging these registers in to the DSP Block since the DSP block registers only possess synchronous reset capability.  It is suggested to recode or change these registers to remove the reset or use a synchronous reset to get the best optimization for performance, power and area.
Related violations: <none>

DPIR-1#290 Warning
Asynchronous driver check  
DSP RECIPROCAL/FIRST_ITERATION/FIRST_MULTIPLY/high_product0 input pin RECIPROCAL/FIRST_ITERATION/FIRST_MULTIPLY/high_product0/A[13] is connected to registers with an asynchronous reset. This is preventing the possibility of merging these registers in to the DSP Block since the DSP block registers only possess synchronous reset capability.  It is suggested to recode or change these registers to remove the reset or use a synchronous reset to get the best optimization for performance, power and area.
Related violations: <none>

DPIR-1#291 Warning
Asynchronous driver check  
DSP RECIPROCAL/FIRST_ITERATION/FIRST_MULTIPLY/high_product0 input pin RECIPROCAL/FIRST_ITERATION/FIRST_MULTIPLY/high_product0/A[14] is connected to registers with an asynchronous reset. This is preventing the possibility of merging these registers in to the DSP Block since the DSP block registers only possess synchronous reset capability.  It is suggested to recode or change these registers to remove the reset or use a synchronous reset to get the best optimization for performance, power and area.
Related violations: <none>

DPIR-1#292 Warning
Asynchronous driver check  
DSP RECIPROCAL/FIRST_ITERATION/FIRST_MULTIPLY/high_product0 input pin RECIPROCAL/FIRST_ITERATION/FIRST_MULTIPLY/high_product0/A[15] is connected to registers with an asynchronous reset. This is preventing the possibility of merging these registers in to the DSP Block since the DSP block registers only possess synchronous reset capability.  It is suggested to recode or change these registers to remove the reset or use a synchronous reset to get the best optimization for performance, power and area.
Related violations: <none>

DPIR-1#293 Warning
Asynchronous driver check  
DSP RECIPROCAL/FIRST_ITERATION/FIRST_MULTIPLY/high_product0 input pin RECIPROCAL/FIRST_ITERATION/FIRST_MULTIPLY/high_product0/A[16] is connected to registers with an asynchronous reset. This is preventing the possibility of merging these registers in to the DSP Block since the DSP block registers only possess synchronous reset capability.  It is suggested to recode or change these registers to remove the reset or use a synchronous reset to get the best optimization for performance, power and area.
Related violations: <none>

DPIR-1#294 Warning
Asynchronous driver check  
DSP RECIPROCAL/FIRST_ITERATION/FIRST_MULTIPLY/high_product0 input pin RECIPROCAL/FIRST_ITERATION/FIRST_MULTIPLY/high_product0/A[17] is connected to registers with an asynchronous reset. This is preventing the possibility of merging these registers in to the DSP Block since the DSP block registers only possess synchronous reset capability.  It is suggested to recode or change these registers to remove the reset or use a synchronous reset to get the best optimization for performance, power and area.
Related violations: <none>

DPIR-1#295 Warning
Asynchronous driver check  
DSP RECIPROCAL/FIRST_ITERATION/FIRST_MULTIPLY/high_product0 input pin RECIPROCAL/FIRST_ITERATION/FIRST_MULTIPLY/high_product0/A[18] is connected to registers with an asynchronous reset. This is preventing the possibility of merging these registers in to the DSP Block since the DSP block registers only possess synchronous reset capability.  It is suggested to recode or change these registers to remove the reset or use a synchronous reset to get the best optimization for performance, power and area.
Related violations: <none>

DPIR-1#296 Warning
Asynchronous driver check  
DSP RECIPROCAL/FIRST_ITERATION/FIRST_MULTIPLY/high_product0 input pin RECIPROCAL/FIRST_ITERATION/FIRST_MULTIPLY/high_product0/A[19] is connected to registers with an asynchronous reset. This is preventing the possibility of merging these registers in to the DSP Block since the DSP block registers only possess synchronous reset capability.  It is suggested to recode or change these registers to remove the reset or use a synchronous reset to get the best optimization for performance, power and area.
Related violations: <none>

DPIR-1#297 Warning
Asynchronous driver check  
DSP RECIPROCAL/FIRST_ITERATION/FIRST_MULTIPLY/high_product0 input pin RECIPROCAL/FIRST_ITERATION/FIRST_MULTIPLY/high_product0/A[1] is connected to registers with an asynchronous reset. This is preventing the possibility of merging these registers in to the DSP Block since the DSP block registers only possess synchronous reset capability.  It is suggested to recode or change these registers to remove the reset or use a synchronous reset to get the best optimization for performance, power and area.
Related violations: <none>

DPIR-1#298 Warning
Asynchronous driver check  
DSP RECIPROCAL/FIRST_ITERATION/FIRST_MULTIPLY/high_product0 input pin RECIPROCAL/FIRST_ITERATION/FIRST_MULTIPLY/high_product0/A[20] is connected to registers with an asynchronous reset. This is preventing the possibility of merging these registers in to the DSP Block since the DSP block registers only possess synchronous reset capability.  It is suggested to recode or change these registers to remove the reset or use a synchronous reset to get the best optimization for performance, power and area.
Related violations: <none>

DPIR-1#299 Warning
Asynchronous driver check  
DSP RECIPROCAL/FIRST_ITERATION/FIRST_MULTIPLY/high_product0 input pin RECIPROCAL/FIRST_ITERATION/FIRST_MULTIPLY/high_product0/A[21] is connected to registers with an asynchronous reset. This is preventing the possibility of merging these registers in to the DSP Block since the DSP block registers only possess synchronous reset capability.  It is suggested to recode or change these registers to remove the reset or use a synchronous reset to get the best optimization for performance, power and area.
Related violations: <none>

DPIR-1#300 Warning
Asynchronous driver check  
DSP RECIPROCAL/FIRST_ITERATION/FIRST_MULTIPLY/high_product0 input pin RECIPROCAL/FIRST_ITERATION/FIRST_MULTIPLY/high_product0/A[22] is connected to registers with an asynchronous reset. This is preventing the possibility of merging these registers in to the DSP Block since the DSP block registers only possess synchronous reset capability.  It is suggested to recode or change these registers to remove the reset or use a synchronous reset to get the best optimization for performance, power and area.
Related violations: <none>

DPIR-1#301 Warning
Asynchronous driver check  
DSP RECIPROCAL/FIRST_ITERATION/FIRST_MULTIPLY/high_product0 input pin RECIPROCAL/FIRST_ITERATION/FIRST_MULTIPLY/high_product0/A[23] is connected to registers with an asynchronous reset. This is preventing the possibility of merging these registers in to the DSP Block since the DSP block registers only possess synchronous reset capability.  It is suggested to recode or change these registers to remove the reset or use a synchronous reset to get the best optimization for performance, power and area.
Related violations: <none>

DPIR-1#302 Warning
Asynchronous driver check  
DSP RECIPROCAL/FIRST_ITERATION/FIRST_MULTIPLY/high_product0 input pin RECIPROCAL/FIRST_ITERATION/FIRST_MULTIPLY/high_product0/A[2] is connected to registers with an asynchronous reset. This is preventing the possibility of merging these registers in to the DSP Block since the DSP block registers only possess synchronous reset capability.  It is suggested to recode or change these registers to remove the reset or use a synchronous reset to get the best optimization for performance, power and area.
Related violations: <none>

DPIR-1#303 Warning
Asynchronous driver check  
DSP RECIPROCAL/FIRST_ITERATION/FIRST_MULTIPLY/high_product0 input pin RECIPROCAL/FIRST_ITERATION/FIRST_MULTIPLY/high_product0/A[3] is connected to registers with an asynchronous reset. This is preventing the possibility of merging these registers in to the DSP Block since the DSP block registers only possess synchronous reset capability.  It is suggested to recode or change these registers to remove the reset or use a synchronous reset to get the best optimization for performance, power and area.
Related violations: <none>

DPIR-1#304 Warning
Asynchronous driver check  
DSP RECIPROCAL/FIRST_ITERATION/FIRST_MULTIPLY/high_product0 input pin RECIPROCAL/FIRST_ITERATION/FIRST_MULTIPLY/high_product0/A[4] is connected to registers with an asynchronous reset. This is preventing the possibility of merging these registers in to the DSP Block since the DSP block registers only possess synchronous reset capability.  It is suggested to recode or change these registers to remove the reset or use a synchronous reset to get the best optimization for performance, power and area.
Related violations: <none>

DPIR-1#305 Warning
Asynchronous driver check  
DSP RECIPROCAL/FIRST_ITERATION/FIRST_MULTIPLY/high_product0 input pin RECIPROCAL/FIRST_ITERATION/FIRST_MULTIPLY/high_product0/A[5] is connected to registers with an asynchronous reset. This is preventing the possibility of merging these registers in to the DSP Block since the DSP block registers only possess synchronous reset capability.  It is suggested to recode or change these registers to remove the reset or use a synchronous reset to get the best optimization for performance, power and area.
Related violations: <none>

DPIR-1#306 Warning
Asynchronous driver check  
DSP RECIPROCAL/FIRST_ITERATION/FIRST_MULTIPLY/high_product0 input pin RECIPROCAL/FIRST_ITERATION/FIRST_MULTIPLY/high_product0/A[6] is connected to registers with an asynchronous reset. This is preventing the possibility of merging these registers in to the DSP Block since the DSP block registers only possess synchronous reset capability.  It is suggested to recode or change these registers to remove the reset or use a synchronous reset to get the best optimization for performance, power and area.
Related violations: <none>

DPIR-1#307 Warning
Asynchronous driver check  
DSP RECIPROCAL/FIRST_ITERATION/FIRST_MULTIPLY/high_product0 input pin RECIPROCAL/FIRST_ITERATION/FIRST_MULTIPLY/high_product0/A[7] is connected to registers with an asynchronous reset. This is preventing the possibility of merging these registers in to the DSP Block since the DSP block registers only possess synchronous reset capability.  It is suggested to recode or change these registers to remove the reset or use a synchronous reset to get the best optimization for performance, power and area.
Related violations: <none>

DPIR-1#308 Warning
Asynchronous driver check  
DSP RECIPROCAL/FIRST_ITERATION/FIRST_MULTIPLY/high_product0 input pin RECIPROCAL/FIRST_ITERATION/FIRST_MULTIPLY/high_product0/A[8] is connected to registers with an asynchronous reset. This is preventing the possibility of merging these registers in to the DSP Block since the DSP block registers only possess synchronous reset capability.  It is suggested to recode or change these registers to remove the reset or use a synchronous reset to get the best optimization for performance, power and area.
Related violations: <none>

DPIR-1#309 Warning
Asynchronous driver check  
DSP RECIPROCAL/FIRST_ITERATION/FIRST_MULTIPLY/high_product0 input pin RECIPROCAL/FIRST_ITERATION/FIRST_MULTIPLY/high_product0/A[9] is connected to registers with an asynchronous reset. This is preventing the possibility of merging these registers in to the DSP Block since the DSP block registers only possess synchronous reset capability.  It is suggested to recode or change these registers to remove the reset or use a synchronous reset to get the best optimization for performance, power and area.
Related violations: <none>

DPIR-1#310 Warning
Asynchronous driver check  
DSP RECIPROCAL/FIRST_ITERATION/FIRST_MULTIPLY/high_product0 input pin RECIPROCAL/FIRST_ITERATION/FIRST_MULTIPLY/high_product0/B[0] is connected to registers with an asynchronous reset. This is preventing the possibility of merging these registers in to the DSP Block since the DSP block registers only possess synchronous reset capability.  It is suggested to recode or change these registers to remove the reset or use a synchronous reset to get the best optimization for performance, power and area.
Related violations: <none>

DPIR-1#311 Warning
Asynchronous driver check  
DSP RECIPROCAL/FIRST_ITERATION/FIRST_MULTIPLY/high_product0 input pin RECIPROCAL/FIRST_ITERATION/FIRST_MULTIPLY/high_product0/B[1] is connected to registers with an asynchronous reset. This is preventing the possibility of merging these registers in to the DSP Block since the DSP block registers only possess synchronous reset capability.  It is suggested to recode or change these registers to remove the reset or use a synchronous reset to get the best optimization for performance, power and area.
Related violations: <none>

DPIR-1#312 Warning
Asynchronous driver check  
DSP RECIPROCAL/FIRST_ITERATION/FIRST_MULTIPLY/high_product0 input pin RECIPROCAL/FIRST_ITERATION/FIRST_MULTIPLY/high_product0/B[2] is connected to registers with an asynchronous reset. This is preventing the possibility of merging these registers in to the DSP Block since the DSP block registers only possess synchronous reset capability.  It is suggested to recode or change these registers to remove the reset or use a synchronous reset to get the best optimization for performance, power and area.
Related violations: <none>

DPIR-1#313 Warning
Asynchronous driver check  
DSP RECIPROCAL/FIRST_ITERATION/FIRST_MULTIPLY/high_product0 input pin RECIPROCAL/FIRST_ITERATION/FIRST_MULTIPLY/high_product0/B[3] is connected to registers with an asynchronous reset. This is preventing the possibility of merging these registers in to the DSP Block since the DSP block registers only possess synchronous reset capability.  It is suggested to recode or change these registers to remove the reset or use a synchronous reset to get the best optimization for performance, power and area.
Related violations: <none>

DPIR-1#314 Warning
Asynchronous driver check  
DSP RECIPROCAL/FIRST_ITERATION/FIRST_MULTIPLY/high_product0 input pin RECIPROCAL/FIRST_ITERATION/FIRST_MULTIPLY/high_product0/B[4] is connected to registers with an asynchronous reset. This is preventing the possibility of merging these registers in to the DSP Block since the DSP block registers only possess synchronous reset capability.  It is suggested to recode or change these registers to remove the reset or use a synchronous reset to get the best optimization for performance, power and area.
Related violations: <none>

DPIR-1#315 Warning
Asynchronous driver check  
DSP RECIPROCAL/FIRST_ITERATION/FIRST_MULTIPLY/low_product0 input pin RECIPROCAL/FIRST_ITERATION/FIRST_MULTIPLY/low_product0/A[0] is connected to registers with an asynchronous reset. This is preventing the possibility of merging these registers in to the DSP Block since the DSP block registers only possess synchronous reset capability.  It is suggested to recode or change these registers to remove the reset or use a synchronous reset to get the best optimization for performance, power and area.
Related violations: <none>

DPIR-1#316 Warning
Asynchronous driver check  
DSP RECIPROCAL/FIRST_ITERATION/FIRST_MULTIPLY/low_product0 input pin RECIPROCAL/FIRST_ITERATION/FIRST_MULTIPLY/low_product0/A[10] is connected to registers with an asynchronous reset. This is preventing the possibility of merging these registers in to the DSP Block since the DSP block registers only possess synchronous reset capability.  It is suggested to recode or change these registers to remove the reset or use a synchronous reset to get the best optimization for performance, power and area.
Related violations: <none>

DPIR-1#317 Warning
Asynchronous driver check  
DSP RECIPROCAL/FIRST_ITERATION/FIRST_MULTIPLY/low_product0 input pin RECIPROCAL/FIRST_ITERATION/FIRST_MULTIPLY/low_product0/A[11] is connected to registers with an asynchronous reset. This is preventing the possibility of merging these registers in to the DSP Block since the DSP block registers only possess synchronous reset capability.  It is suggested to recode or change these registers to remove the reset or use a synchronous reset to get the best optimization for performance, power and area.
Related violations: <none>

DPIR-1#318 Warning
Asynchronous driver check  
DSP RECIPROCAL/FIRST_ITERATION/FIRST_MULTIPLY/low_product0 input pin RECIPROCAL/FIRST_ITERATION/FIRST_MULTIPLY/low_product0/A[12] is connected to registers with an asynchronous reset. This is preventing the possibility of merging these registers in to the DSP Block since the DSP block registers only possess synchronous reset capability.  It is suggested to recode or change these registers to remove the reset or use a synchronous reset to get the best optimization for performance, power and area.
Related violations: <none>

DPIR-1#319 Warning
Asynchronous driver check  
DSP RECIPROCAL/FIRST_ITERATION/FIRST_MULTIPLY/low_product0 input pin RECIPROCAL/FIRST_ITERATION/FIRST_MULTIPLY/low_product0/A[13] is connected to registers with an asynchronous reset. This is preventing the possibility of merging these registers in to the DSP Block since the DSP block registers only possess synchronous reset capability.  It is suggested to recode or change these registers to remove the reset or use a synchronous reset to get the best optimization for performance, power and area.
Related violations: <none>

DPIR-1#320 Warning
Asynchronous driver check  
DSP RECIPROCAL/FIRST_ITERATION/FIRST_MULTIPLY/low_product0 input pin RECIPROCAL/FIRST_ITERATION/FIRST_MULTIPLY/low_product0/A[14] is connected to registers with an asynchronous reset. This is preventing the possibility of merging these registers in to the DSP Block since the DSP block registers only possess synchronous reset capability.  It is suggested to recode or change these registers to remove the reset or use a synchronous reset to get the best optimization for performance, power and area.
Related violations: <none>

DPIR-1#321 Warning
Asynchronous driver check  
DSP RECIPROCAL/FIRST_ITERATION/FIRST_MULTIPLY/low_product0 input pin RECIPROCAL/FIRST_ITERATION/FIRST_MULTIPLY/low_product0/A[15] is connected to registers with an asynchronous reset. This is preventing the possibility of merging these registers in to the DSP Block since the DSP block registers only possess synchronous reset capability.  It is suggested to recode or change these registers to remove the reset or use a synchronous reset to get the best optimization for performance, power and area.
Related violations: <none>

DPIR-1#322 Warning
Asynchronous driver check  
DSP RECIPROCAL/FIRST_ITERATION/FIRST_MULTIPLY/low_product0 input pin RECIPROCAL/FIRST_ITERATION/FIRST_MULTIPLY/low_product0/A[16] is connected to registers with an asynchronous reset. This is preventing the possibility of merging these registers in to the DSP Block since the DSP block registers only possess synchronous reset capability.  It is suggested to recode or change these registers to remove the reset or use a synchronous reset to get the best optimization for performance, power and area.
Related violations: <none>

DPIR-1#323 Warning
Asynchronous driver check  
DSP RECIPROCAL/FIRST_ITERATION/FIRST_MULTIPLY/low_product0 input pin RECIPROCAL/FIRST_ITERATION/FIRST_MULTIPLY/low_product0/A[17] is connected to registers with an asynchronous reset. This is preventing the possibility of merging these registers in to the DSP Block since the DSP block registers only possess synchronous reset capability.  It is suggested to recode or change these registers to remove the reset or use a synchronous reset to get the best optimization for performance, power and area.
Related violations: <none>

DPIR-1#324 Warning
Asynchronous driver check  
DSP RECIPROCAL/FIRST_ITERATION/FIRST_MULTIPLY/low_product0 input pin RECIPROCAL/FIRST_ITERATION/FIRST_MULTIPLY/low_product0/A[18] is connected to registers with an asynchronous reset. This is preventing the possibility of merging these registers in to the DSP Block since the DSP block registers only possess synchronous reset capability.  It is suggested to recode or change these registers to remove the reset or use a synchronous reset to get the best optimization for performance, power and area.
Related violations: <none>

DPIR-1#325 Warning
Asynchronous driver check  
DSP RECIPROCAL/FIRST_ITERATION/FIRST_MULTIPLY/low_product0 input pin RECIPROCAL/FIRST_ITERATION/FIRST_MULTIPLY/low_product0/A[19] is connected to registers with an asynchronous reset. This is preventing the possibility of merging these registers in to the DSP Block since the DSP block registers only possess synchronous reset capability.  It is suggested to recode or change these registers to remove the reset or use a synchronous reset to get the best optimization for performance, power and area.
Related violations: <none>

DPIR-1#326 Warning
Asynchronous driver check  
DSP RECIPROCAL/FIRST_ITERATION/FIRST_MULTIPLY/low_product0 input pin RECIPROCAL/FIRST_ITERATION/FIRST_MULTIPLY/low_product0/A[1] is connected to registers with an asynchronous reset. This is preventing the possibility of merging these registers in to the DSP Block since the DSP block registers only possess synchronous reset capability.  It is suggested to recode or change these registers to remove the reset or use a synchronous reset to get the best optimization for performance, power and area.
Related violations: <none>

DPIR-1#327 Warning
Asynchronous driver check  
DSP RECIPROCAL/FIRST_ITERATION/FIRST_MULTIPLY/low_product0 input pin RECIPROCAL/FIRST_ITERATION/FIRST_MULTIPLY/low_product0/A[20] is connected to registers with an asynchronous reset. This is preventing the possibility of merging these registers in to the DSP Block since the DSP block registers only possess synchronous reset capability.  It is suggested to recode or change these registers to remove the reset or use a synchronous reset to get the best optimization for performance, power and area.
Related violations: <none>

DPIR-1#328 Warning
Asynchronous driver check  
DSP RECIPROCAL/FIRST_ITERATION/FIRST_MULTIPLY/low_product0 input pin RECIPROCAL/FIRST_ITERATION/FIRST_MULTIPLY/low_product0/A[21] is connected to registers with an asynchronous reset. This is preventing the possibility of merging these registers in to the DSP Block since the DSP block registers only possess synchronous reset capability.  It is suggested to recode or change these registers to remove the reset or use a synchronous reset to get the best optimization for performance, power and area.
Related violations: <none>

DPIR-1#329 Warning
Asynchronous driver check  
DSP RECIPROCAL/FIRST_ITERATION/FIRST_MULTIPLY/low_product0 input pin RECIPROCAL/FIRST_ITERATION/FIRST_MULTIPLY/low_product0/A[22] is connected to registers with an asynchronous reset. This is preventing the possibility of merging these registers in to the DSP Block since the DSP block registers only possess synchronous reset capability.  It is suggested to recode or change these registers to remove the reset or use a synchronous reset to get the best optimization for performance, power and area.
Related violations: <none>

DPIR-1#330 Warning
Asynchronous driver check  
DSP RECIPROCAL/FIRST_ITERATION/FIRST_MULTIPLY/low_product0 input pin RECIPROCAL/FIRST_ITERATION/FIRST_MULTIPLY/low_product0/A[23] is connected to registers with an asynchronous reset. This is preventing the possibility of merging these registers in to the DSP Block since the DSP block registers only possess synchronous reset capability.  It is suggested to recode or change these registers to remove the reset or use a synchronous reset to get the best optimization for performance, power and area.
Related violations: <none>

DPIR-1#331 Warning
Asynchronous driver check  
DSP RECIPROCAL/FIRST_ITERATION/FIRST_MULTIPLY/low_product0 input pin RECIPROCAL/FIRST_ITERATION/FIRST_MULTIPLY/low_product0/A[2] is connected to registers with an asynchronous reset. This is preventing the possibility of merging these registers in to the DSP Block since the DSP block registers only possess synchronous reset capability.  It is suggested to recode or change these registers to remove the reset or use a synchronous reset to get the best optimization for performance, power and area.
Related violations: <none>

DPIR-1#332 Warning
Asynchronous driver check  
DSP RECIPROCAL/FIRST_ITERATION/FIRST_MULTIPLY/low_product0 input pin RECIPROCAL/FIRST_ITERATION/FIRST_MULTIPLY/low_product0/A[3] is connected to registers with an asynchronous reset. This is preventing the possibility of merging these registers in to the DSP Block since the DSP block registers only possess synchronous reset capability.  It is suggested to recode or change these registers to remove the reset or use a synchronous reset to get the best optimization for performance, power and area.
Related violations: <none>

DPIR-1#333 Warning
Asynchronous driver check  
DSP RECIPROCAL/FIRST_ITERATION/FIRST_MULTIPLY/low_product0 input pin RECIPROCAL/FIRST_ITERATION/FIRST_MULTIPLY/low_product0/A[4] is connected to registers with an asynchronous reset. This is preventing the possibility of merging these registers in to the DSP Block since the DSP block registers only possess synchronous reset capability.  It is suggested to recode or change these registers to remove the reset or use a synchronous reset to get the best optimization for performance, power and area.
Related violations: <none>

DPIR-1#334 Warning
Asynchronous driver check  
DSP RECIPROCAL/FIRST_ITERATION/FIRST_MULTIPLY/low_product0 input pin RECIPROCAL/FIRST_ITERATION/FIRST_MULTIPLY/low_product0/A[5] is connected to registers with an asynchronous reset. This is preventing the possibility of merging these registers in to the DSP Block since the DSP block registers only possess synchronous reset capability.  It is suggested to recode or change these registers to remove the reset or use a synchronous reset to get the best optimization for performance, power and area.
Related violations: <none>

DPIR-1#335 Warning
Asynchronous driver check  
DSP RECIPROCAL/FIRST_ITERATION/FIRST_MULTIPLY/low_product0 input pin RECIPROCAL/FIRST_ITERATION/FIRST_MULTIPLY/low_product0/A[6] is connected to registers with an asynchronous reset. This is preventing the possibility of merging these registers in to the DSP Block since the DSP block registers only possess synchronous reset capability.  It is suggested to recode or change these registers to remove the reset or use a synchronous reset to get the best optimization for performance, power and area.
Related violations: <none>

DPIR-1#336 Warning
Asynchronous driver check  
DSP RECIPROCAL/FIRST_ITERATION/FIRST_MULTIPLY/low_product0 input pin RECIPROCAL/FIRST_ITERATION/FIRST_MULTIPLY/low_product0/A[7] is connected to registers with an asynchronous reset. This is preventing the possibility of merging these registers in to the DSP Block since the DSP block registers only possess synchronous reset capability.  It is suggested to recode or change these registers to remove the reset or use a synchronous reset to get the best optimization for performance, power and area.
Related violations: <none>

DPIR-1#337 Warning
Asynchronous driver check  
DSP RECIPROCAL/FIRST_ITERATION/FIRST_MULTIPLY/low_product0 input pin RECIPROCAL/FIRST_ITERATION/FIRST_MULTIPLY/low_product0/A[8] is connected to registers with an asynchronous reset. This is preventing the possibility of merging these registers in to the DSP Block since the DSP block registers only possess synchronous reset capability.  It is suggested to recode or change these registers to remove the reset or use a synchronous reset to get the best optimization for performance, power and area.
Related violations: <none>

DPIR-1#338 Warning
Asynchronous driver check  
DSP RECIPROCAL/FIRST_ITERATION/FIRST_MULTIPLY/low_product0 input pin RECIPROCAL/FIRST_ITERATION/FIRST_MULTIPLY/low_product0/A[9] is connected to registers with an asynchronous reset. This is preventing the possibility of merging these registers in to the DSP Block since the DSP block registers only possess synchronous reset capability.  It is suggested to recode or change these registers to remove the reset or use a synchronous reset to get the best optimization for performance, power and area.
Related violations: <none>

DPIR-1#339 Warning
Asynchronous driver check  
DSP RECIPROCAL/FIRST_ITERATION/FIRST_MULTIPLY/low_product0 input pin RECIPROCAL/FIRST_ITERATION/FIRST_MULTIPLY/low_product0/B[0] is connected to registers with an asynchronous reset. This is preventing the possibility of merging these registers in to the DSP Block since the DSP block registers only possess synchronous reset capability.  It is suggested to recode or change these registers to remove the reset or use a synchronous reset to get the best optimization for performance, power and area.
Related violations: <none>

DPIR-1#340 Warning
Asynchronous driver check  
DSP RECIPROCAL/FIRST_ITERATION/FIRST_MULTIPLY/low_product0 input pin RECIPROCAL/FIRST_ITERATION/FIRST_MULTIPLY/low_product0/B[10] is connected to registers with an asynchronous reset. This is preventing the possibility of merging these registers in to the DSP Block since the DSP block registers only possess synchronous reset capability.  It is suggested to recode or change these registers to remove the reset or use a synchronous reset to get the best optimization for performance, power and area.
Related violations: <none>

DPIR-1#341 Warning
Asynchronous driver check  
DSP RECIPROCAL/FIRST_ITERATION/FIRST_MULTIPLY/low_product0 input pin RECIPROCAL/FIRST_ITERATION/FIRST_MULTIPLY/low_product0/B[11] is connected to registers with an asynchronous reset. This is preventing the possibility of merging these registers in to the DSP Block since the DSP block registers only possess synchronous reset capability.  It is suggested to recode or change these registers to remove the reset or use a synchronous reset to get the best optimization for performance, power and area.
Related violations: <none>

DPIR-1#342 Warning
Asynchronous driver check  
DSP RECIPROCAL/FIRST_ITERATION/FIRST_MULTIPLY/low_product0 input pin RECIPROCAL/FIRST_ITERATION/FIRST_MULTIPLY/low_product0/B[12] is connected to registers with an asynchronous reset. This is preventing the possibility of merging these registers in to the DSP Block since the DSP block registers only possess synchronous reset capability.  It is suggested to recode or change these registers to remove the reset or use a synchronous reset to get the best optimization for performance, power and area.
Related violations: <none>

DPIR-1#343 Warning
Asynchronous driver check  
DSP RECIPROCAL/FIRST_ITERATION/FIRST_MULTIPLY/low_product0 input pin RECIPROCAL/FIRST_ITERATION/FIRST_MULTIPLY/low_product0/B[13] is connected to registers with an asynchronous reset. This is preventing the possibility of merging these registers in to the DSP Block since the DSP block registers only possess synchronous reset capability.  It is suggested to recode or change these registers to remove the reset or use a synchronous reset to get the best optimization for performance, power and area.
Related violations: <none>

DPIR-1#344 Warning
Asynchronous driver check  
DSP RECIPROCAL/FIRST_ITERATION/FIRST_MULTIPLY/low_product0 input pin RECIPROCAL/FIRST_ITERATION/FIRST_MULTIPLY/low_product0/B[14] is connected to registers with an asynchronous reset. This is preventing the possibility of merging these registers in to the DSP Block since the DSP block registers only possess synchronous reset capability.  It is suggested to recode or change these registers to remove the reset or use a synchronous reset to get the best optimization for performance, power and area.
Related violations: <none>

DPIR-1#345 Warning
Asynchronous driver check  
DSP RECIPROCAL/FIRST_ITERATION/FIRST_MULTIPLY/low_product0 input pin RECIPROCAL/FIRST_ITERATION/FIRST_MULTIPLY/low_product0/B[15] is connected to registers with an asynchronous reset. This is preventing the possibility of merging these registers in to the DSP Block since the DSP block registers only possess synchronous reset capability.  It is suggested to recode or change these registers to remove the reset or use a synchronous reset to get the best optimization for performance, power and area.
Related violations: <none>

DPIR-1#346 Warning
Asynchronous driver check  
DSP RECIPROCAL/FIRST_ITERATION/FIRST_MULTIPLY/low_product0 input pin RECIPROCAL/FIRST_ITERATION/FIRST_MULTIPLY/low_product0/B[16] is connected to registers with an asynchronous reset. This is preventing the possibility of merging these registers in to the DSP Block since the DSP block registers only possess synchronous reset capability.  It is suggested to recode or change these registers to remove the reset or use a synchronous reset to get the best optimization for performance, power and area.
Related violations: <none>

DPIR-1#347 Warning
Asynchronous driver check  
DSP RECIPROCAL/FIRST_ITERATION/FIRST_MULTIPLY/low_product0 input pin RECIPROCAL/FIRST_ITERATION/FIRST_MULTIPLY/low_product0/B[1] is connected to registers with an asynchronous reset. This is preventing the possibility of merging these registers in to the DSP Block since the DSP block registers only possess synchronous reset capability.  It is suggested to recode or change these registers to remove the reset or use a synchronous reset to get the best optimization for performance, power and area.
Related violations: <none>

DPIR-1#348 Warning
Asynchronous driver check  
DSP RECIPROCAL/FIRST_ITERATION/FIRST_MULTIPLY/low_product0 input pin RECIPROCAL/FIRST_ITERATION/FIRST_MULTIPLY/low_product0/B[2] is connected to registers with an asynchronous reset. This is preventing the possibility of merging these registers in to the DSP Block since the DSP block registers only possess synchronous reset capability.  It is suggested to recode or change these registers to remove the reset or use a synchronous reset to get the best optimization for performance, power and area.
Related violations: <none>

DPIR-1#349 Warning
Asynchronous driver check  
DSP RECIPROCAL/FIRST_ITERATION/FIRST_MULTIPLY/low_product0 input pin RECIPROCAL/FIRST_ITERATION/FIRST_MULTIPLY/low_product0/B[3] is connected to registers with an asynchronous reset. This is preventing the possibility of merging these registers in to the DSP Block since the DSP block registers only possess synchronous reset capability.  It is suggested to recode or change these registers to remove the reset or use a synchronous reset to get the best optimization for performance, power and area.
Related violations: <none>

DPIR-1#350 Warning
Asynchronous driver check  
DSP RECIPROCAL/FIRST_ITERATION/FIRST_MULTIPLY/low_product0 input pin RECIPROCAL/FIRST_ITERATION/FIRST_MULTIPLY/low_product0/B[4] is connected to registers with an asynchronous reset. This is preventing the possibility of merging these registers in to the DSP Block since the DSP block registers only possess synchronous reset capability.  It is suggested to recode or change these registers to remove the reset or use a synchronous reset to get the best optimization for performance, power and area.
Related violations: <none>

DPIR-1#351 Warning
Asynchronous driver check  
DSP RECIPROCAL/FIRST_ITERATION/FIRST_MULTIPLY/low_product0 input pin RECIPROCAL/FIRST_ITERATION/FIRST_MULTIPLY/low_product0/B[5] is connected to registers with an asynchronous reset. This is preventing the possibility of merging these registers in to the DSP Block since the DSP block registers only possess synchronous reset capability.  It is suggested to recode or change these registers to remove the reset or use a synchronous reset to get the best optimization for performance, power and area.
Related violations: <none>

DPIR-1#352 Warning
Asynchronous driver check  
DSP RECIPROCAL/FIRST_ITERATION/FIRST_MULTIPLY/low_product0 input pin RECIPROCAL/FIRST_ITERATION/FIRST_MULTIPLY/low_product0/B[6] is connected to registers with an asynchronous reset. This is preventing the possibility of merging these registers in to the DSP Block since the DSP block registers only possess synchronous reset capability.  It is suggested to recode or change these registers to remove the reset or use a synchronous reset to get the best optimization for performance, power and area.
Related violations: <none>

DPIR-1#353 Warning
Asynchronous driver check  
DSP RECIPROCAL/FIRST_ITERATION/FIRST_MULTIPLY/low_product0 input pin RECIPROCAL/FIRST_ITERATION/FIRST_MULTIPLY/low_product0/B[7] is connected to registers with an asynchronous reset. This is preventing the possibility of merging these registers in to the DSP Block since the DSP block registers only possess synchronous reset capability.  It is suggested to recode or change these registers to remove the reset or use a synchronous reset to get the best optimization for performance, power and area.
Related violations: <none>

DPIR-1#354 Warning
Asynchronous driver check  
DSP RECIPROCAL/FIRST_ITERATION/FIRST_MULTIPLY/low_product0 input pin RECIPROCAL/FIRST_ITERATION/FIRST_MULTIPLY/low_product0/B[8] is connected to registers with an asynchronous reset. This is preventing the possibility of merging these registers in to the DSP Block since the DSP block registers only possess synchronous reset capability.  It is suggested to recode or change these registers to remove the reset or use a synchronous reset to get the best optimization for performance, power and area.
Related violations: <none>

DPIR-1#355 Warning
Asynchronous driver check  
DSP RECIPROCAL/FIRST_ITERATION/FIRST_MULTIPLY/low_product0 input pin RECIPROCAL/FIRST_ITERATION/FIRST_MULTIPLY/low_product0/B[9] is connected to registers with an asynchronous reset. This is preventing the possibility of merging these registers in to the DSP Block since the DSP block registers only possess synchronous reset capability.  It is suggested to recode or change these registers to remove the reset or use a synchronous reset to get the best optimization for performance, power and area.
Related violations: <none>

DPIR-1#356 Warning
Asynchronous driver check  
DSP RECIPROCAL/FIRST_ITERATION/FIRST_MULTIPLY/low_product0 input pin RECIPROCAL/FIRST_ITERATION/FIRST_MULTIPLY/low_product0/C[17] is connected to registers with an asynchronous reset. This is preventing the possibility of merging these registers in to the DSP Block since the DSP block registers only possess synchronous reset capability.  It is suggested to recode or change these registers to remove the reset or use a synchronous reset to get the best optimization for performance, power and area.
Related violations: <none>

DPIR-1#357 Warning
Asynchronous driver check  
DSP RECIPROCAL/FIRST_ITERATION/FIRST_MULTIPLY/low_product0 input pin RECIPROCAL/FIRST_ITERATION/FIRST_MULTIPLY/low_product0/C[18] is connected to registers with an asynchronous reset. This is preventing the possibility of merging these registers in to the DSP Block since the DSP block registers only possess synchronous reset capability.  It is suggested to recode or change these registers to remove the reset or use a synchronous reset to get the best optimization for performance, power and area.
Related violations: <none>

DPIR-1#358 Warning
Asynchronous driver check  
DSP RECIPROCAL/FIRST_ITERATION/FIRST_MULTIPLY/low_product0 input pin RECIPROCAL/FIRST_ITERATION/FIRST_MULTIPLY/low_product0/C[19] is connected to registers with an asynchronous reset. This is preventing the possibility of merging these registers in to the DSP Block since the DSP block registers only possess synchronous reset capability.  It is suggested to recode or change these registers to remove the reset or use a synchronous reset to get the best optimization for performance, power and area.
Related violations: <none>

DPIR-1#359 Warning
Asynchronous driver check  
DSP RECIPROCAL/FIRST_ITERATION/FIRST_MULTIPLY/low_product0 input pin RECIPROCAL/FIRST_ITERATION/FIRST_MULTIPLY/low_product0/C[20] is connected to registers with an asynchronous reset. This is preventing the possibility of merging these registers in to the DSP Block since the DSP block registers only possess synchronous reset capability.  It is suggested to recode or change these registers to remove the reset or use a synchronous reset to get the best optimization for performance, power and area.
Related violations: <none>

DPIR-1#360 Warning
Asynchronous driver check  
DSP RECIPROCAL/FIRST_ITERATION/FIRST_MULTIPLY/low_product0 input pin RECIPROCAL/FIRST_ITERATION/FIRST_MULTIPLY/low_product0/C[21] is connected to registers with an asynchronous reset. This is preventing the possibility of merging these registers in to the DSP Block since the DSP block registers only possess synchronous reset capability.  It is suggested to recode or change these registers to remove the reset or use a synchronous reset to get the best optimization for performance, power and area.
Related violations: <none>

DPIR-1#361 Warning
Asynchronous driver check  
DSP RECIPROCAL/FIRST_ITERATION/FIRST_MULTIPLY/low_product0 input pin RECIPROCAL/FIRST_ITERATION/FIRST_MULTIPLY/low_product0/C[22] is connected to registers with an asynchronous reset. This is preventing the possibility of merging these registers in to the DSP Block since the DSP block registers only possess synchronous reset capability.  It is suggested to recode or change these registers to remove the reset or use a synchronous reset to get the best optimization for performance, power and area.
Related violations: <none>

DPIR-1#362 Warning
Asynchronous driver check  
DSP RECIPROCAL/FIRST_ITERATION/FIRST_MULTIPLY/low_product0 input pin RECIPROCAL/FIRST_ITERATION/FIRST_MULTIPLY/low_product0/C[23] is connected to registers with an asynchronous reset. This is preventing the possibility of merging these registers in to the DSP Block since the DSP block registers only possess synchronous reset capability.  It is suggested to recode or change these registers to remove the reset or use a synchronous reset to get the best optimization for performance, power and area.
Related violations: <none>

DPIR-1#363 Warning
Asynchronous driver check  
DSP RECIPROCAL/FIRST_ITERATION/FIRST_MULTIPLY/low_product0 input pin RECIPROCAL/FIRST_ITERATION/FIRST_MULTIPLY/low_product0/C[24] is connected to registers with an asynchronous reset. This is preventing the possibility of merging these registers in to the DSP Block since the DSP block registers only possess synchronous reset capability.  It is suggested to recode or change these registers to remove the reset or use a synchronous reset to get the best optimization for performance, power and area.
Related violations: <none>

DPIR-1#364 Warning
Asynchronous driver check  
DSP RECIPROCAL/FIRST_ITERATION/FIRST_MULTIPLY/low_product0 input pin RECIPROCAL/FIRST_ITERATION/FIRST_MULTIPLY/low_product0/C[25] is connected to registers with an asynchronous reset. This is preventing the possibility of merging these registers in to the DSP Block since the DSP block registers only possess synchronous reset capability.  It is suggested to recode or change these registers to remove the reset or use a synchronous reset to get the best optimization for performance, power and area.
Related violations: <none>

DPIR-1#365 Warning
Asynchronous driver check  
DSP RECIPROCAL/FIRST_ITERATION/FIRST_MULTIPLY/low_product0 input pin RECIPROCAL/FIRST_ITERATION/FIRST_MULTIPLY/low_product0/C[26] is connected to registers with an asynchronous reset. This is preventing the possibility of merging these registers in to the DSP Block since the DSP block registers only possess synchronous reset capability.  It is suggested to recode or change these registers to remove the reset or use a synchronous reset to get the best optimization for performance, power and area.
Related violations: <none>

DPIR-1#366 Warning
Asynchronous driver check  
DSP RECIPROCAL/FIRST_ITERATION/FIRST_MULTIPLY/low_product0 input pin RECIPROCAL/FIRST_ITERATION/FIRST_MULTIPLY/low_product0/C[27] is connected to registers with an asynchronous reset. This is preventing the possibility of merging these registers in to the DSP Block since the DSP block registers only possess synchronous reset capability.  It is suggested to recode or change these registers to remove the reset or use a synchronous reset to get the best optimization for performance, power and area.
Related violations: <none>

DPIR-1#367 Warning
Asynchronous driver check  
DSP RECIPROCAL/FIRST_ITERATION/FIRST_MULTIPLY/low_product0 input pin RECIPROCAL/FIRST_ITERATION/FIRST_MULTIPLY/low_product0/C[28] is connected to registers with an asynchronous reset. This is preventing the possibility of merging these registers in to the DSP Block since the DSP block registers only possess synchronous reset capability.  It is suggested to recode or change these registers to remove the reset or use a synchronous reset to get the best optimization for performance, power and area.
Related violations: <none>

DPIR-1#368 Warning
Asynchronous driver check  
DSP RECIPROCAL/FIRST_ITERATION/FIRST_MULTIPLY/low_product0 input pin RECIPROCAL/FIRST_ITERATION/FIRST_MULTIPLY/low_product0/C[29] is connected to registers with an asynchronous reset. This is preventing the possibility of merging these registers in to the DSP Block since the DSP block registers only possess synchronous reset capability.  It is suggested to recode or change these registers to remove the reset or use a synchronous reset to get the best optimization for performance, power and area.
Related violations: <none>

DPIR-1#369 Warning
Asynchronous driver check  
DSP RECIPROCAL/FIRST_ITERATION/FIRST_MULTIPLY/low_product0 input pin RECIPROCAL/FIRST_ITERATION/FIRST_MULTIPLY/low_product0/C[30] is connected to registers with an asynchronous reset. This is preventing the possibility of merging these registers in to the DSP Block since the DSP block registers only possess synchronous reset capability.  It is suggested to recode or change these registers to remove the reset or use a synchronous reset to get the best optimization for performance, power and area.
Related violations: <none>

DPIR-1#370 Warning
Asynchronous driver check  
DSP RECIPROCAL/FIRST_ITERATION/FIRST_MULTIPLY/low_product0 input pin RECIPROCAL/FIRST_ITERATION/FIRST_MULTIPLY/low_product0/C[31] is connected to registers with an asynchronous reset. This is preventing the possibility of merging these registers in to the DSP Block since the DSP block registers only possess synchronous reset capability.  It is suggested to recode or change these registers to remove the reset or use a synchronous reset to get the best optimization for performance, power and area.
Related violations: <none>

DPIR-1#371 Warning
Asynchronous driver check  
DSP RECIPROCAL/FIRST_ITERATION/FIRST_MULTIPLY/low_product0 input pin RECIPROCAL/FIRST_ITERATION/FIRST_MULTIPLY/low_product0/C[32] is connected to registers with an asynchronous reset. This is preventing the possibility of merging these registers in to the DSP Block since the DSP block registers only possess synchronous reset capability.  It is suggested to recode or change these registers to remove the reset or use a synchronous reset to get the best optimization for performance, power and area.
Related violations: <none>

DPIR-1#372 Warning
Asynchronous driver check  
DSP RECIPROCAL/FIRST_ITERATION/FIRST_MULTIPLY/low_product0 input pin RECIPROCAL/FIRST_ITERATION/FIRST_MULTIPLY/low_product0/C[33] is connected to registers with an asynchronous reset. This is preventing the possibility of merging these registers in to the DSP Block since the DSP block registers only possess synchronous reset capability.  It is suggested to recode or change these registers to remove the reset or use a synchronous reset to get the best optimization for performance, power and area.
Related violations: <none>

DPIR-1#373 Warning
Asynchronous driver check  
DSP RECIPROCAL/FIRST_ITERATION/FIRST_MULTIPLY/low_product0 input pin RECIPROCAL/FIRST_ITERATION/FIRST_MULTIPLY/low_product0/C[34] is connected to registers with an asynchronous reset. This is preventing the possibility of merging these registers in to the DSP Block since the DSP block registers only possess synchronous reset capability.  It is suggested to recode or change these registers to remove the reset or use a synchronous reset to get the best optimization for performance, power and area.
Related violations: <none>

DPIR-1#374 Warning
Asynchronous driver check  
DSP RECIPROCAL/FIRST_ITERATION/FIRST_MULTIPLY/low_product0 input pin RECIPROCAL/FIRST_ITERATION/FIRST_MULTIPLY/low_product0/C[35] is connected to registers with an asynchronous reset. This is preventing the possibility of merging these registers in to the DSP Block since the DSP block registers only possess synchronous reset capability.  It is suggested to recode or change these registers to remove the reset or use a synchronous reset to get the best optimization for performance, power and area.
Related violations: <none>

DPIR-1#375 Warning
Asynchronous driver check  
DSP RECIPROCAL/FIRST_ITERATION/FIRST_MULTIPLY/low_product0 input pin RECIPROCAL/FIRST_ITERATION/FIRST_MULTIPLY/low_product0/C[36] is connected to registers with an asynchronous reset. This is preventing the possibility of merging these registers in to the DSP Block since the DSP block registers only possess synchronous reset capability.  It is suggested to recode or change these registers to remove the reset or use a synchronous reset to get the best optimization for performance, power and area.
Related violations: <none>

DPIR-1#376 Warning
Asynchronous driver check  
DSP RECIPROCAL/FIRST_ITERATION/FIRST_MULTIPLY/low_product0 input pin RECIPROCAL/FIRST_ITERATION/FIRST_MULTIPLY/low_product0/C[37] is connected to registers with an asynchronous reset. This is preventing the possibility of merging these registers in to the DSP Block since the DSP block registers only possess synchronous reset capability.  It is suggested to recode or change these registers to remove the reset or use a synchronous reset to get the best optimization for performance, power and area.
Related violations: <none>

DPIR-1#377 Warning
Asynchronous driver check  
DSP RECIPROCAL/FIRST_ITERATION/FIRST_MULTIPLY/low_product0 input pin RECIPROCAL/FIRST_ITERATION/FIRST_MULTIPLY/low_product0/C[38] is connected to registers with an asynchronous reset. This is preventing the possibility of merging these registers in to the DSP Block since the DSP block registers only possess synchronous reset capability.  It is suggested to recode or change these registers to remove the reset or use a synchronous reset to get the best optimization for performance, power and area.
Related violations: <none>

DPIR-1#378 Warning
Asynchronous driver check  
DSP RECIPROCAL/FIRST_ITERATION/FIRST_MULTIPLY/low_product0 input pin RECIPROCAL/FIRST_ITERATION/FIRST_MULTIPLY/low_product0/C[39] is connected to registers with an asynchronous reset. This is preventing the possibility of merging these registers in to the DSP Block since the DSP block registers only possess synchronous reset capability.  It is suggested to recode or change these registers to remove the reset or use a synchronous reset to get the best optimization for performance, power and area.
Related violations: <none>

DPIR-1#379 Warning
Asynchronous driver check  
DSP RECIPROCAL/FIRST_ITERATION/FIRST_MULTIPLY/low_product0 input pin RECIPROCAL/FIRST_ITERATION/FIRST_MULTIPLY/low_product0/C[40] is connected to registers with an asynchronous reset. This is preventing the possibility of merging these registers in to the DSP Block since the DSP block registers only possess synchronous reset capability.  It is suggested to recode or change these registers to remove the reset or use a synchronous reset to get the best optimization for performance, power and area.
Related violations: <none>

DPIR-1#380 Warning
Asynchronous driver check  
DSP RECIPROCAL/FIRST_ITERATION/SECOND_MULTIPLY/high_product0 input pin RECIPROCAL/FIRST_ITERATION/SECOND_MULTIPLY/high_product0/A[0] is connected to registers with an asynchronous reset. This is preventing the possibility of merging these registers in to the DSP Block since the DSP block registers only possess synchronous reset capability.  It is suggested to recode or change these registers to remove the reset or use a synchronous reset to get the best optimization for performance, power and area.
Related violations: <none>

DPIR-1#381 Warning
Asynchronous driver check  
DSP RECIPROCAL/FIRST_ITERATION/SECOND_MULTIPLY/high_product0 input pin RECIPROCAL/FIRST_ITERATION/SECOND_MULTIPLY/high_product0/A[10] is connected to registers with an asynchronous reset. This is preventing the possibility of merging these registers in to the DSP Block since the DSP block registers only possess synchronous reset capability.  It is suggested to recode or change these registers to remove the reset or use a synchronous reset to get the best optimization for performance, power and area.
Related violations: <none>

DPIR-1#382 Warning
Asynchronous driver check  
DSP RECIPROCAL/FIRST_ITERATION/SECOND_MULTIPLY/high_product0 input pin RECIPROCAL/FIRST_ITERATION/SECOND_MULTIPLY/high_product0/A[11] is connected to registers with an asynchronous reset. This is preventing the possibility of merging these registers in to the DSP Block since the DSP block registers only possess synchronous reset capability.  It is suggested to recode or change these registers to remove the reset or use a synchronous reset to get the best optimization for performance, power and area.
Related violations: <none>

DPIR-1#383 Warning
Asynchronous driver check  
DSP RECIPROCAL/FIRST_ITERATION/SECOND_MULTIPLY/high_product0 input pin RECIPROCAL/FIRST_ITERATION/SECOND_MULTIPLY/high_product0/A[12] is connected to registers with an asynchronous reset. This is preventing the possibility of merging these registers in to the DSP Block since the DSP block registers only possess synchronous reset capability.  It is suggested to recode or change these registers to remove the reset or use a synchronous reset to get the best optimization for performance, power and area.
Related violations: <none>

DPIR-1#384 Warning
Asynchronous driver check  
DSP RECIPROCAL/FIRST_ITERATION/SECOND_MULTIPLY/high_product0 input pin RECIPROCAL/FIRST_ITERATION/SECOND_MULTIPLY/high_product0/A[13] is connected to registers with an asynchronous reset. This is preventing the possibility of merging these registers in to the DSP Block since the DSP block registers only possess synchronous reset capability.  It is suggested to recode or change these registers to remove the reset or use a synchronous reset to get the best optimization for performance, power and area.
Related violations: <none>

DPIR-1#385 Warning
Asynchronous driver check  
DSP RECIPROCAL/FIRST_ITERATION/SECOND_MULTIPLY/high_product0 input pin RECIPROCAL/FIRST_ITERATION/SECOND_MULTIPLY/high_product0/A[14] is connected to registers with an asynchronous reset. This is preventing the possibility of merging these registers in to the DSP Block since the DSP block registers only possess synchronous reset capability.  It is suggested to recode or change these registers to remove the reset or use a synchronous reset to get the best optimization for performance, power and area.
Related violations: <none>

DPIR-1#386 Warning
Asynchronous driver check  
DSP RECIPROCAL/FIRST_ITERATION/SECOND_MULTIPLY/high_product0 input pin RECIPROCAL/FIRST_ITERATION/SECOND_MULTIPLY/high_product0/A[15] is connected to registers with an asynchronous reset. This is preventing the possibility of merging these registers in to the DSP Block since the DSP block registers only possess synchronous reset capability.  It is suggested to recode or change these registers to remove the reset or use a synchronous reset to get the best optimization for performance, power and area.
Related violations: <none>

DPIR-1#387 Warning
Asynchronous driver check  
DSP RECIPROCAL/FIRST_ITERATION/SECOND_MULTIPLY/high_product0 input pin RECIPROCAL/FIRST_ITERATION/SECOND_MULTIPLY/high_product0/A[16] is connected to registers with an asynchronous reset. This is preventing the possibility of merging these registers in to the DSP Block since the DSP block registers only possess synchronous reset capability.  It is suggested to recode or change these registers to remove the reset or use a synchronous reset to get the best optimization for performance, power and area.
Related violations: <none>

DPIR-1#388 Warning
Asynchronous driver check  
DSP RECIPROCAL/FIRST_ITERATION/SECOND_MULTIPLY/high_product0 input pin RECIPROCAL/FIRST_ITERATION/SECOND_MULTIPLY/high_product0/A[17] is connected to registers with an asynchronous reset. This is preventing the possibility of merging these registers in to the DSP Block since the DSP block registers only possess synchronous reset capability.  It is suggested to recode or change these registers to remove the reset or use a synchronous reset to get the best optimization for performance, power and area.
Related violations: <none>

DPIR-1#389 Warning
Asynchronous driver check  
DSP RECIPROCAL/FIRST_ITERATION/SECOND_MULTIPLY/high_product0 input pin RECIPROCAL/FIRST_ITERATION/SECOND_MULTIPLY/high_product0/A[18] is connected to registers with an asynchronous reset. This is preventing the possibility of merging these registers in to the DSP Block since the DSP block registers only possess synchronous reset capability.  It is suggested to recode or change these registers to remove the reset or use a synchronous reset to get the best optimization for performance, power and area.
Related violations: <none>

DPIR-1#390 Warning
Asynchronous driver check  
DSP RECIPROCAL/FIRST_ITERATION/SECOND_MULTIPLY/high_product0 input pin RECIPROCAL/FIRST_ITERATION/SECOND_MULTIPLY/high_product0/A[19] is connected to registers with an asynchronous reset. This is preventing the possibility of merging these registers in to the DSP Block since the DSP block registers only possess synchronous reset capability.  It is suggested to recode or change these registers to remove the reset or use a synchronous reset to get the best optimization for performance, power and area.
Related violations: <none>

DPIR-1#391 Warning
Asynchronous driver check  
DSP RECIPROCAL/FIRST_ITERATION/SECOND_MULTIPLY/high_product0 input pin RECIPROCAL/FIRST_ITERATION/SECOND_MULTIPLY/high_product0/A[1] is connected to registers with an asynchronous reset. This is preventing the possibility of merging these registers in to the DSP Block since the DSP block registers only possess synchronous reset capability.  It is suggested to recode or change these registers to remove the reset or use a synchronous reset to get the best optimization for performance, power and area.
Related violations: <none>

DPIR-1#392 Warning
Asynchronous driver check  
DSP RECIPROCAL/FIRST_ITERATION/SECOND_MULTIPLY/high_product0 input pin RECIPROCAL/FIRST_ITERATION/SECOND_MULTIPLY/high_product0/A[20] is connected to registers with an asynchronous reset. This is preventing the possibility of merging these registers in to the DSP Block since the DSP block registers only possess synchronous reset capability.  It is suggested to recode or change these registers to remove the reset or use a synchronous reset to get the best optimization for performance, power and area.
Related violations: <none>

DPIR-1#393 Warning
Asynchronous driver check  
DSP RECIPROCAL/FIRST_ITERATION/SECOND_MULTIPLY/high_product0 input pin RECIPROCAL/FIRST_ITERATION/SECOND_MULTIPLY/high_product0/A[21] is connected to registers with an asynchronous reset. This is preventing the possibility of merging these registers in to the DSP Block since the DSP block registers only possess synchronous reset capability.  It is suggested to recode or change these registers to remove the reset or use a synchronous reset to get the best optimization for performance, power and area.
Related violations: <none>

DPIR-1#394 Warning
Asynchronous driver check  
DSP RECIPROCAL/FIRST_ITERATION/SECOND_MULTIPLY/high_product0 input pin RECIPROCAL/FIRST_ITERATION/SECOND_MULTIPLY/high_product0/A[22] is connected to registers with an asynchronous reset. This is preventing the possibility of merging these registers in to the DSP Block since the DSP block registers only possess synchronous reset capability.  It is suggested to recode or change these registers to remove the reset or use a synchronous reset to get the best optimization for performance, power and area.
Related violations: <none>

DPIR-1#395 Warning
Asynchronous driver check  
DSP RECIPROCAL/FIRST_ITERATION/SECOND_MULTIPLY/high_product0 input pin RECIPROCAL/FIRST_ITERATION/SECOND_MULTIPLY/high_product0/A[2] is connected to registers with an asynchronous reset. This is preventing the possibility of merging these registers in to the DSP Block since the DSP block registers only possess synchronous reset capability.  It is suggested to recode or change these registers to remove the reset or use a synchronous reset to get the best optimization for performance, power and area.
Related violations: <none>

DPIR-1#396 Warning
Asynchronous driver check  
DSP RECIPROCAL/FIRST_ITERATION/SECOND_MULTIPLY/high_product0 input pin RECIPROCAL/FIRST_ITERATION/SECOND_MULTIPLY/high_product0/A[3] is connected to registers with an asynchronous reset. This is preventing the possibility of merging these registers in to the DSP Block since the DSP block registers only possess synchronous reset capability.  It is suggested to recode or change these registers to remove the reset or use a synchronous reset to get the best optimization for performance, power and area.
Related violations: <none>

DPIR-1#397 Warning
Asynchronous driver check  
DSP RECIPROCAL/FIRST_ITERATION/SECOND_MULTIPLY/high_product0 input pin RECIPROCAL/FIRST_ITERATION/SECOND_MULTIPLY/high_product0/A[4] is connected to registers with an asynchronous reset. This is preventing the possibility of merging these registers in to the DSP Block since the DSP block registers only possess synchronous reset capability.  It is suggested to recode or change these registers to remove the reset or use a synchronous reset to get the best optimization for performance, power and area.
Related violations: <none>

DPIR-1#398 Warning
Asynchronous driver check  
DSP RECIPROCAL/FIRST_ITERATION/SECOND_MULTIPLY/high_product0 input pin RECIPROCAL/FIRST_ITERATION/SECOND_MULTIPLY/high_product0/A[5] is connected to registers with an asynchronous reset. This is preventing the possibility of merging these registers in to the DSP Block since the DSP block registers only possess synchronous reset capability.  It is suggested to recode or change these registers to remove the reset or use a synchronous reset to get the best optimization for performance, power and area.
Related violations: <none>

DPIR-1#399 Warning
Asynchronous driver check  
DSP RECIPROCAL/FIRST_ITERATION/SECOND_MULTIPLY/high_product0 input pin RECIPROCAL/FIRST_ITERATION/SECOND_MULTIPLY/high_product0/A[6] is connected to registers with an asynchronous reset. This is preventing the possibility of merging these registers in to the DSP Block since the DSP block registers only possess synchronous reset capability.  It is suggested to recode or change these registers to remove the reset or use a synchronous reset to get the best optimization for performance, power and area.
Related violations: <none>

DPIR-1#400 Warning
Asynchronous driver check  
DSP RECIPROCAL/FIRST_ITERATION/SECOND_MULTIPLY/high_product0 input pin RECIPROCAL/FIRST_ITERATION/SECOND_MULTIPLY/high_product0/A[7] is connected to registers with an asynchronous reset. This is preventing the possibility of merging these registers in to the DSP Block since the DSP block registers only possess synchronous reset capability.  It is suggested to recode or change these registers to remove the reset or use a synchronous reset to get the best optimization for performance, power and area.
Related violations: <none>

DPIR-1#401 Warning
Asynchronous driver check  
DSP RECIPROCAL/FIRST_ITERATION/SECOND_MULTIPLY/high_product0 input pin RECIPROCAL/FIRST_ITERATION/SECOND_MULTIPLY/high_product0/A[8] is connected to registers with an asynchronous reset. This is preventing the possibility of merging these registers in to the DSP Block since the DSP block registers only possess synchronous reset capability.  It is suggested to recode or change these registers to remove the reset or use a synchronous reset to get the best optimization for performance, power and area.
Related violations: <none>

DPIR-1#402 Warning
Asynchronous driver check  
DSP RECIPROCAL/FIRST_ITERATION/SECOND_MULTIPLY/high_product0 input pin RECIPROCAL/FIRST_ITERATION/SECOND_MULTIPLY/high_product0/A[9] is connected to registers with an asynchronous reset. This is preventing the possibility of merging these registers in to the DSP Block since the DSP block registers only possess synchronous reset capability.  It is suggested to recode or change these registers to remove the reset or use a synchronous reset to get the best optimization for performance, power and area.
Related violations: <none>

DPIR-1#403 Warning
Asynchronous driver check  
DSP RECIPROCAL/FIRST_ITERATION/SECOND_MULTIPLY/low_product0 input pin RECIPROCAL/FIRST_ITERATION/SECOND_MULTIPLY/low_product0/A[0] is connected to registers with an asynchronous reset. This is preventing the possibility of merging these registers in to the DSP Block since the DSP block registers only possess synchronous reset capability.  It is suggested to recode or change these registers to remove the reset or use a synchronous reset to get the best optimization for performance, power and area.
Related violations: <none>

DPIR-1#404 Warning
Asynchronous driver check  
DSP RECIPROCAL/FIRST_ITERATION/SECOND_MULTIPLY/low_product0 input pin RECIPROCAL/FIRST_ITERATION/SECOND_MULTIPLY/low_product0/A[10] is connected to registers with an asynchronous reset. This is preventing the possibility of merging these registers in to the DSP Block since the DSP block registers only possess synchronous reset capability.  It is suggested to recode or change these registers to remove the reset or use a synchronous reset to get the best optimization for performance, power and area.
Related violations: <none>

DPIR-1#405 Warning
Asynchronous driver check  
DSP RECIPROCAL/FIRST_ITERATION/SECOND_MULTIPLY/low_product0 input pin RECIPROCAL/FIRST_ITERATION/SECOND_MULTIPLY/low_product0/A[11] is connected to registers with an asynchronous reset. This is preventing the possibility of merging these registers in to the DSP Block since the DSP block registers only possess synchronous reset capability.  It is suggested to recode or change these registers to remove the reset or use a synchronous reset to get the best optimization for performance, power and area.
Related violations: <none>

DPIR-1#406 Warning
Asynchronous driver check  
DSP RECIPROCAL/FIRST_ITERATION/SECOND_MULTIPLY/low_product0 input pin RECIPROCAL/FIRST_ITERATION/SECOND_MULTIPLY/low_product0/A[12] is connected to registers with an asynchronous reset. This is preventing the possibility of merging these registers in to the DSP Block since the DSP block registers only possess synchronous reset capability.  It is suggested to recode or change these registers to remove the reset or use a synchronous reset to get the best optimization for performance, power and area.
Related violations: <none>

DPIR-1#407 Warning
Asynchronous driver check  
DSP RECIPROCAL/FIRST_ITERATION/SECOND_MULTIPLY/low_product0 input pin RECIPROCAL/FIRST_ITERATION/SECOND_MULTIPLY/low_product0/A[13] is connected to registers with an asynchronous reset. This is preventing the possibility of merging these registers in to the DSP Block since the DSP block registers only possess synchronous reset capability.  It is suggested to recode or change these registers to remove the reset or use a synchronous reset to get the best optimization for performance, power and area.
Related violations: <none>

DPIR-1#408 Warning
Asynchronous driver check  
DSP RECIPROCAL/FIRST_ITERATION/SECOND_MULTIPLY/low_product0 input pin RECIPROCAL/FIRST_ITERATION/SECOND_MULTIPLY/low_product0/A[14] is connected to registers with an asynchronous reset. This is preventing the possibility of merging these registers in to the DSP Block since the DSP block registers only possess synchronous reset capability.  It is suggested to recode or change these registers to remove the reset or use a synchronous reset to get the best optimization for performance, power and area.
Related violations: <none>

DPIR-1#409 Warning
Asynchronous driver check  
DSP RECIPROCAL/FIRST_ITERATION/SECOND_MULTIPLY/low_product0 input pin RECIPROCAL/FIRST_ITERATION/SECOND_MULTIPLY/low_product0/A[15] is connected to registers with an asynchronous reset. This is preventing the possibility of merging these registers in to the DSP Block since the DSP block registers only possess synchronous reset capability.  It is suggested to recode or change these registers to remove the reset or use a synchronous reset to get the best optimization for performance, power and area.
Related violations: <none>

DPIR-1#410 Warning
Asynchronous driver check  
DSP RECIPROCAL/FIRST_ITERATION/SECOND_MULTIPLY/low_product0 input pin RECIPROCAL/FIRST_ITERATION/SECOND_MULTIPLY/low_product0/A[16] is connected to registers with an asynchronous reset. This is preventing the possibility of merging these registers in to the DSP Block since the DSP block registers only possess synchronous reset capability.  It is suggested to recode or change these registers to remove the reset or use a synchronous reset to get the best optimization for performance, power and area.
Related violations: <none>

DPIR-1#411 Warning
Asynchronous driver check  
DSP RECIPROCAL/FIRST_ITERATION/SECOND_MULTIPLY/low_product0 input pin RECIPROCAL/FIRST_ITERATION/SECOND_MULTIPLY/low_product0/A[17] is connected to registers with an asynchronous reset. This is preventing the possibility of merging these registers in to the DSP Block since the DSP block registers only possess synchronous reset capability.  It is suggested to recode or change these registers to remove the reset or use a synchronous reset to get the best optimization for performance, power and area.
Related violations: <none>

DPIR-1#412 Warning
Asynchronous driver check  
DSP RECIPROCAL/FIRST_ITERATION/SECOND_MULTIPLY/low_product0 input pin RECIPROCAL/FIRST_ITERATION/SECOND_MULTIPLY/low_product0/A[18] is connected to registers with an asynchronous reset. This is preventing the possibility of merging these registers in to the DSP Block since the DSP block registers only possess synchronous reset capability.  It is suggested to recode or change these registers to remove the reset or use a synchronous reset to get the best optimization for performance, power and area.
Related violations: <none>

DPIR-1#413 Warning
Asynchronous driver check  
DSP RECIPROCAL/FIRST_ITERATION/SECOND_MULTIPLY/low_product0 input pin RECIPROCAL/FIRST_ITERATION/SECOND_MULTIPLY/low_product0/A[19] is connected to registers with an asynchronous reset. This is preventing the possibility of merging these registers in to the DSP Block since the DSP block registers only possess synchronous reset capability.  It is suggested to recode or change these registers to remove the reset or use a synchronous reset to get the best optimization for performance, power and area.
Related violations: <none>

DPIR-1#414 Warning
Asynchronous driver check  
DSP RECIPROCAL/FIRST_ITERATION/SECOND_MULTIPLY/low_product0 input pin RECIPROCAL/FIRST_ITERATION/SECOND_MULTIPLY/low_product0/A[1] is connected to registers with an asynchronous reset. This is preventing the possibility of merging these registers in to the DSP Block since the DSP block registers only possess synchronous reset capability.  It is suggested to recode or change these registers to remove the reset or use a synchronous reset to get the best optimization for performance, power and area.
Related violations: <none>

DPIR-1#415 Warning
Asynchronous driver check  
DSP RECIPROCAL/FIRST_ITERATION/SECOND_MULTIPLY/low_product0 input pin RECIPROCAL/FIRST_ITERATION/SECOND_MULTIPLY/low_product0/A[20] is connected to registers with an asynchronous reset. This is preventing the possibility of merging these registers in to the DSP Block since the DSP block registers only possess synchronous reset capability.  It is suggested to recode or change these registers to remove the reset or use a synchronous reset to get the best optimization for performance, power and area.
Related violations: <none>

DPIR-1#416 Warning
Asynchronous driver check  
DSP RECIPROCAL/FIRST_ITERATION/SECOND_MULTIPLY/low_product0 input pin RECIPROCAL/FIRST_ITERATION/SECOND_MULTIPLY/low_product0/A[21] is connected to registers with an asynchronous reset. This is preventing the possibility of merging these registers in to the DSP Block since the DSP block registers only possess synchronous reset capability.  It is suggested to recode or change these registers to remove the reset or use a synchronous reset to get the best optimization for performance, power and area.
Related violations: <none>

DPIR-1#417 Warning
Asynchronous driver check  
DSP RECIPROCAL/FIRST_ITERATION/SECOND_MULTIPLY/low_product0 input pin RECIPROCAL/FIRST_ITERATION/SECOND_MULTIPLY/low_product0/A[22] is connected to registers with an asynchronous reset. This is preventing the possibility of merging these registers in to the DSP Block since the DSP block registers only possess synchronous reset capability.  It is suggested to recode or change these registers to remove the reset or use a synchronous reset to get the best optimization for performance, power and area.
Related violations: <none>

DPIR-1#418 Warning
Asynchronous driver check  
DSP RECIPROCAL/FIRST_ITERATION/SECOND_MULTIPLY/low_product0 input pin RECIPROCAL/FIRST_ITERATION/SECOND_MULTIPLY/low_product0/A[2] is connected to registers with an asynchronous reset. This is preventing the possibility of merging these registers in to the DSP Block since the DSP block registers only possess synchronous reset capability.  It is suggested to recode or change these registers to remove the reset or use a synchronous reset to get the best optimization for performance, power and area.
Related violations: <none>

DPIR-1#419 Warning
Asynchronous driver check  
DSP RECIPROCAL/FIRST_ITERATION/SECOND_MULTIPLY/low_product0 input pin RECIPROCAL/FIRST_ITERATION/SECOND_MULTIPLY/low_product0/A[3] is connected to registers with an asynchronous reset. This is preventing the possibility of merging these registers in to the DSP Block since the DSP block registers only possess synchronous reset capability.  It is suggested to recode or change these registers to remove the reset or use a synchronous reset to get the best optimization for performance, power and area.
Related violations: <none>

DPIR-1#420 Warning
Asynchronous driver check  
DSP RECIPROCAL/FIRST_ITERATION/SECOND_MULTIPLY/low_product0 input pin RECIPROCAL/FIRST_ITERATION/SECOND_MULTIPLY/low_product0/A[4] is connected to registers with an asynchronous reset. This is preventing the possibility of merging these registers in to the DSP Block since the DSP block registers only possess synchronous reset capability.  It is suggested to recode or change these registers to remove the reset or use a synchronous reset to get the best optimization for performance, power and area.
Related violations: <none>

DPIR-1#421 Warning
Asynchronous driver check  
DSP RECIPROCAL/FIRST_ITERATION/SECOND_MULTIPLY/low_product0 input pin RECIPROCAL/FIRST_ITERATION/SECOND_MULTIPLY/low_product0/A[5] is connected to registers with an asynchronous reset. This is preventing the possibility of merging these registers in to the DSP Block since the DSP block registers only possess synchronous reset capability.  It is suggested to recode or change these registers to remove the reset or use a synchronous reset to get the best optimization for performance, power and area.
Related violations: <none>

DPIR-1#422 Warning
Asynchronous driver check  
DSP RECIPROCAL/FIRST_ITERATION/SECOND_MULTIPLY/low_product0 input pin RECIPROCAL/FIRST_ITERATION/SECOND_MULTIPLY/low_product0/A[6] is connected to registers with an asynchronous reset. This is preventing the possibility of merging these registers in to the DSP Block since the DSP block registers only possess synchronous reset capability.  It is suggested to recode or change these registers to remove the reset or use a synchronous reset to get the best optimization for performance, power and area.
Related violations: <none>

DPIR-1#423 Warning
Asynchronous driver check  
DSP RECIPROCAL/FIRST_ITERATION/SECOND_MULTIPLY/low_product0 input pin RECIPROCAL/FIRST_ITERATION/SECOND_MULTIPLY/low_product0/A[7] is connected to registers with an asynchronous reset. This is preventing the possibility of merging these registers in to the DSP Block since the DSP block registers only possess synchronous reset capability.  It is suggested to recode or change these registers to remove the reset or use a synchronous reset to get the best optimization for performance, power and area.
Related violations: <none>

DPIR-1#424 Warning
Asynchronous driver check  
DSP RECIPROCAL/FIRST_ITERATION/SECOND_MULTIPLY/low_product0 input pin RECIPROCAL/FIRST_ITERATION/SECOND_MULTIPLY/low_product0/A[8] is connected to registers with an asynchronous reset. This is preventing the possibility of merging these registers in to the DSP Block since the DSP block registers only possess synchronous reset capability.  It is suggested to recode or change these registers to remove the reset or use a synchronous reset to get the best optimization for performance, power and area.
Related violations: <none>

DPIR-1#425 Warning
Asynchronous driver check  
DSP RECIPROCAL/FIRST_ITERATION/SECOND_MULTIPLY/low_product0 input pin RECIPROCAL/FIRST_ITERATION/SECOND_MULTIPLY/low_product0/A[9] is connected to registers with an asynchronous reset. This is preventing the possibility of merging these registers in to the DSP Block since the DSP block registers only possess synchronous reset capability.  It is suggested to recode or change these registers to remove the reset or use a synchronous reset to get the best optimization for performance, power and area.
Related violations: <none>

DPIR-1#426 Warning
Asynchronous driver check  
DSP RECIPROCAL/FIRST_ITERATION/SECOND_MULTIPLY/low_product0 input pin RECIPROCAL/FIRST_ITERATION/SECOND_MULTIPLY/low_product0/B[0] is connected to registers with an asynchronous reset. This is preventing the possibility of merging these registers in to the DSP Block since the DSP block registers only possess synchronous reset capability.  It is suggested to recode or change these registers to remove the reset or use a synchronous reset to get the best optimization for performance, power and area.
Related violations: <none>

DPIR-1#427 Warning
Asynchronous driver check  
DSP RECIPROCAL/FIRST_ITERATION/SECOND_MULTIPLY/low_product0 input pin RECIPROCAL/FIRST_ITERATION/SECOND_MULTIPLY/low_product0/C[17] is connected to registers with an asynchronous reset. This is preventing the possibility of merging these registers in to the DSP Block since the DSP block registers only possess synchronous reset capability.  It is suggested to recode or change these registers to remove the reset or use a synchronous reset to get the best optimization for performance, power and area.
Related violations: <none>

DPIR-1#428 Warning
Asynchronous driver check  
DSP RECIPROCAL/FIRST_ITERATION/SECOND_MULTIPLY/low_product0 input pin RECIPROCAL/FIRST_ITERATION/SECOND_MULTIPLY/low_product0/C[18] is connected to registers with an asynchronous reset. This is preventing the possibility of merging these registers in to the DSP Block since the DSP block registers only possess synchronous reset capability.  It is suggested to recode or change these registers to remove the reset or use a synchronous reset to get the best optimization for performance, power and area.
Related violations: <none>

DPIR-1#429 Warning
Asynchronous driver check  
DSP RECIPROCAL/FIRST_ITERATION/SECOND_MULTIPLY/low_product0 input pin RECIPROCAL/FIRST_ITERATION/SECOND_MULTIPLY/low_product0/C[19] is connected to registers with an asynchronous reset. This is preventing the possibility of merging these registers in to the DSP Block since the DSP block registers only possess synchronous reset capability.  It is suggested to recode or change these registers to remove the reset or use a synchronous reset to get the best optimization for performance, power and area.
Related violations: <none>

DPIR-1#430 Warning
Asynchronous driver check  
DSP RECIPROCAL/FIRST_ITERATION/SECOND_MULTIPLY/low_product0 input pin RECIPROCAL/FIRST_ITERATION/SECOND_MULTIPLY/low_product0/C[20] is connected to registers with an asynchronous reset. This is preventing the possibility of merging these registers in to the DSP Block since the DSP block registers only possess synchronous reset capability.  It is suggested to recode or change these registers to remove the reset or use a synchronous reset to get the best optimization for performance, power and area.
Related violations: <none>

DPIR-1#431 Warning
Asynchronous driver check  
DSP RECIPROCAL/FIRST_ITERATION/SECOND_MULTIPLY/low_product0 input pin RECIPROCAL/FIRST_ITERATION/SECOND_MULTIPLY/low_product0/C[21] is connected to registers with an asynchronous reset. This is preventing the possibility of merging these registers in to the DSP Block since the DSP block registers only possess synchronous reset capability.  It is suggested to recode or change these registers to remove the reset or use a synchronous reset to get the best optimization for performance, power and area.
Related violations: <none>

DPIR-1#432 Warning
Asynchronous driver check  
DSP RECIPROCAL/FIRST_ITERATION/SECOND_MULTIPLY/low_product0 input pin RECIPROCAL/FIRST_ITERATION/SECOND_MULTIPLY/low_product0/C[22] is connected to registers with an asynchronous reset. This is preventing the possibility of merging these registers in to the DSP Block since the DSP block registers only possess synchronous reset capability.  It is suggested to recode or change these registers to remove the reset or use a synchronous reset to get the best optimization for performance, power and area.
Related violations: <none>

DPIR-1#433 Warning
Asynchronous driver check  
DSP RECIPROCAL/FIRST_ITERATION/SECOND_MULTIPLY/low_product0 input pin RECIPROCAL/FIRST_ITERATION/SECOND_MULTIPLY/low_product0/C[23] is connected to registers with an asynchronous reset. This is preventing the possibility of merging these registers in to the DSP Block since the DSP block registers only possess synchronous reset capability.  It is suggested to recode or change these registers to remove the reset or use a synchronous reset to get the best optimization for performance, power and area.
Related violations: <none>

DPIR-1#434 Warning
Asynchronous driver check  
DSP RECIPROCAL/FIRST_ITERATION/SECOND_MULTIPLY/low_product0 input pin RECIPROCAL/FIRST_ITERATION/SECOND_MULTIPLY/low_product0/C[24] is connected to registers with an asynchronous reset. This is preventing the possibility of merging these registers in to the DSP Block since the DSP block registers only possess synchronous reset capability.  It is suggested to recode or change these registers to remove the reset or use a synchronous reset to get the best optimization for performance, power and area.
Related violations: <none>

DPIR-1#435 Warning
Asynchronous driver check  
DSP RECIPROCAL/FIRST_ITERATION/SECOND_MULTIPLY/low_product0 input pin RECIPROCAL/FIRST_ITERATION/SECOND_MULTIPLY/low_product0/C[25] is connected to registers with an asynchronous reset. This is preventing the possibility of merging these registers in to the DSP Block since the DSP block registers only possess synchronous reset capability.  It is suggested to recode or change these registers to remove the reset or use a synchronous reset to get the best optimization for performance, power and area.
Related violations: <none>

DPIR-1#436 Warning
Asynchronous driver check  
DSP RECIPROCAL/FIRST_ITERATION/SECOND_MULTIPLY/low_product0 input pin RECIPROCAL/FIRST_ITERATION/SECOND_MULTIPLY/low_product0/C[26] is connected to registers with an asynchronous reset. This is preventing the possibility of merging these registers in to the DSP Block since the DSP block registers only possess synchronous reset capability.  It is suggested to recode or change these registers to remove the reset or use a synchronous reset to get the best optimization for performance, power and area.
Related violations: <none>

DPIR-1#437 Warning
Asynchronous driver check  
DSP RECIPROCAL/FIRST_ITERATION/SECOND_MULTIPLY/low_product0 input pin RECIPROCAL/FIRST_ITERATION/SECOND_MULTIPLY/low_product0/C[27] is connected to registers with an asynchronous reset. This is preventing the possibility of merging these registers in to the DSP Block since the DSP block registers only possess synchronous reset capability.  It is suggested to recode or change these registers to remove the reset or use a synchronous reset to get the best optimization for performance, power and area.
Related violations: <none>

DPIR-1#438 Warning
Asynchronous driver check  
DSP RECIPROCAL/FIRST_ITERATION/SECOND_MULTIPLY/low_product0 input pin RECIPROCAL/FIRST_ITERATION/SECOND_MULTIPLY/low_product0/C[28] is connected to registers with an asynchronous reset. This is preventing the possibility of merging these registers in to the DSP Block since the DSP block registers only possess synchronous reset capability.  It is suggested to recode or change these registers to remove the reset or use a synchronous reset to get the best optimization for performance, power and area.
Related violations: <none>

DPIR-1#439 Warning
Asynchronous driver check  
DSP RECIPROCAL/FIRST_ITERATION/SECOND_MULTIPLY/low_product0 input pin RECIPROCAL/FIRST_ITERATION/SECOND_MULTIPLY/low_product0/C[29] is connected to registers with an asynchronous reset. This is preventing the possibility of merging these registers in to the DSP Block since the DSP block registers only possess synchronous reset capability.  It is suggested to recode or change these registers to remove the reset or use a synchronous reset to get the best optimization for performance, power and area.
Related violations: <none>

DPIR-1#440 Warning
Asynchronous driver check  
DSP RECIPROCAL/FIRST_ITERATION/SECOND_MULTIPLY/low_product0 input pin RECIPROCAL/FIRST_ITERATION/SECOND_MULTIPLY/low_product0/C[30] is connected to registers with an asynchronous reset. This is preventing the possibility of merging these registers in to the DSP Block since the DSP block registers only possess synchronous reset capability.  It is suggested to recode or change these registers to remove the reset or use a synchronous reset to get the best optimization for performance, power and area.
Related violations: <none>

DPIR-1#441 Warning
Asynchronous driver check  
DSP RECIPROCAL/FIRST_ITERATION/SECOND_MULTIPLY/low_product0 input pin RECIPROCAL/FIRST_ITERATION/SECOND_MULTIPLY/low_product0/C[31] is connected to registers with an asynchronous reset. This is preventing the possibility of merging these registers in to the DSP Block since the DSP block registers only possess synchronous reset capability.  It is suggested to recode or change these registers to remove the reset or use a synchronous reset to get the best optimization for performance, power and area.
Related violations: <none>

DPIR-1#442 Warning
Asynchronous driver check  
DSP RECIPROCAL/FIRST_ITERATION/SECOND_MULTIPLY/low_product0 input pin RECIPROCAL/FIRST_ITERATION/SECOND_MULTIPLY/low_product0/C[32] is connected to registers with an asynchronous reset. This is preventing the possibility of merging these registers in to the DSP Block since the DSP block registers only possess synchronous reset capability.  It is suggested to recode or change these registers to remove the reset or use a synchronous reset to get the best optimization for performance, power and area.
Related violations: <none>

DPIR-1#443 Warning
Asynchronous driver check  
DSP RECIPROCAL/FIRST_ITERATION/SECOND_MULTIPLY/low_product0 input pin RECIPROCAL/FIRST_ITERATION/SECOND_MULTIPLY/low_product0/C[33] is connected to registers with an asynchronous reset. This is preventing the possibility of merging these registers in to the DSP Block since the DSP block registers only possess synchronous reset capability.  It is suggested to recode or change these registers to remove the reset or use a synchronous reset to get the best optimization for performance, power and area.
Related violations: <none>

DPIR-1#444 Warning
Asynchronous driver check  
DSP RECIPROCAL/FIRST_ITERATION/SECOND_MULTIPLY/low_product0 input pin RECIPROCAL/FIRST_ITERATION/SECOND_MULTIPLY/low_product0/C[34] is connected to registers with an asynchronous reset. This is preventing the possibility of merging these registers in to the DSP Block since the DSP block registers only possess synchronous reset capability.  It is suggested to recode or change these registers to remove the reset or use a synchronous reset to get the best optimization for performance, power and area.
Related violations: <none>

DPIR-1#445 Warning
Asynchronous driver check  
DSP RECIPROCAL/FIRST_ITERATION/SECOND_MULTIPLY/low_product0 input pin RECIPROCAL/FIRST_ITERATION/SECOND_MULTIPLY/low_product0/C[35] is connected to registers with an asynchronous reset. This is preventing the possibility of merging these registers in to the DSP Block since the DSP block registers only possess synchronous reset capability.  It is suggested to recode or change these registers to remove the reset or use a synchronous reset to get the best optimization for performance, power and area.
Related violations: <none>

DPIR-1#446 Warning
Asynchronous driver check  
DSP RECIPROCAL/FIRST_ITERATION/SECOND_MULTIPLY/low_product0 input pin RECIPROCAL/FIRST_ITERATION/SECOND_MULTIPLY/low_product0/C[36] is connected to registers with an asynchronous reset. This is preventing the possibility of merging these registers in to the DSP Block since the DSP block registers only possess synchronous reset capability.  It is suggested to recode or change these registers to remove the reset or use a synchronous reset to get the best optimization for performance, power and area.
Related violations: <none>

DPIR-1#447 Warning
Asynchronous driver check  
DSP RECIPROCAL/FIRST_ITERATION/SECOND_MULTIPLY/low_product0 input pin RECIPROCAL/FIRST_ITERATION/SECOND_MULTIPLY/low_product0/C[37] is connected to registers with an asynchronous reset. This is preventing the possibility of merging these registers in to the DSP Block since the DSP block registers only possess synchronous reset capability.  It is suggested to recode or change these registers to remove the reset or use a synchronous reset to get the best optimization for performance, power and area.
Related violations: <none>

DPIR-1#448 Warning
Asynchronous driver check  
DSP RECIPROCAL/FIRST_ITERATION/SECOND_MULTIPLY/low_product0 input pin RECIPROCAL/FIRST_ITERATION/SECOND_MULTIPLY/low_product0/C[38] is connected to registers with an asynchronous reset. This is preventing the possibility of merging these registers in to the DSP Block since the DSP block registers only possess synchronous reset capability.  It is suggested to recode or change these registers to remove the reset or use a synchronous reset to get the best optimization for performance, power and area.
Related violations: <none>

DPIR-1#449 Warning
Asynchronous driver check  
DSP RECIPROCAL/FIRST_ITERATION/SECOND_MULTIPLY/low_product0 input pin RECIPROCAL/FIRST_ITERATION/SECOND_MULTIPLY/low_product0/C[39] is connected to registers with an asynchronous reset. This is preventing the possibility of merging these registers in to the DSP Block since the DSP block registers only possess synchronous reset capability.  It is suggested to recode or change these registers to remove the reset or use a synchronous reset to get the best optimization for performance, power and area.
Related violations: <none>

DPIR-1#450 Warning
Asynchronous driver check  
DSP RECIPROCAL/SECOND_ITERATION/FIRST_MULTIPLY/high_product0 input pin RECIPROCAL/SECOND_ITERATION/FIRST_MULTIPLY/high_product0/A[0] is connected to registers with an asynchronous reset. This is preventing the possibility of merging these registers in to the DSP Block since the DSP block registers only possess synchronous reset capability.  It is suggested to recode or change these registers to remove the reset or use a synchronous reset to get the best optimization for performance, power and area.
Related violations: <none>

DPIR-1#451 Warning
Asynchronous driver check  
DSP RECIPROCAL/SECOND_ITERATION/FIRST_MULTIPLY/high_product0 input pin RECIPROCAL/SECOND_ITERATION/FIRST_MULTIPLY/high_product0/A[10] is connected to registers with an asynchronous reset. This is preventing the possibility of merging these registers in to the DSP Block since the DSP block registers only possess synchronous reset capability.  It is suggested to recode or change these registers to remove the reset or use a synchronous reset to get the best optimization for performance, power and area.
Related violations: <none>

DPIR-1#452 Warning
Asynchronous driver check  
DSP RECIPROCAL/SECOND_ITERATION/FIRST_MULTIPLY/high_product0 input pin RECIPROCAL/SECOND_ITERATION/FIRST_MULTIPLY/high_product0/A[11] is connected to registers with an asynchronous reset. This is preventing the possibility of merging these registers in to the DSP Block since the DSP block registers only possess synchronous reset capability.  It is suggested to recode or change these registers to remove the reset or use a synchronous reset to get the best optimization for performance, power and area.
Related violations: <none>

DPIR-1#453 Warning
Asynchronous driver check  
DSP RECIPROCAL/SECOND_ITERATION/FIRST_MULTIPLY/high_product0 input pin RECIPROCAL/SECOND_ITERATION/FIRST_MULTIPLY/high_product0/A[12] is connected to registers with an asynchronous reset. This is preventing the possibility of merging these registers in to the DSP Block since the DSP block registers only possess synchronous reset capability.  It is suggested to recode or change these registers to remove the reset or use a synchronous reset to get the best optimization for performance, power and area.
Related violations: <none>

DPIR-1#454 Warning
Asynchronous driver check  
DSP RECIPROCAL/SECOND_ITERATION/FIRST_MULTIPLY/high_product0 input pin RECIPROCAL/SECOND_ITERATION/FIRST_MULTIPLY/high_product0/A[13] is connected to registers with an asynchronous reset. This is preventing the possibility of merging these registers in to the DSP Block since the DSP block registers only possess synchronous reset capability.  It is suggested to recode or change these registers to remove the reset or use a synchronous reset to get the best optimization for performance, power and area.
Related violations: <none>

DPIR-1#455 Warning
Asynchronous driver check  
DSP RECIPROCAL/SECOND_ITERATION/FIRST_MULTIPLY/high_product0 input pin RECIPROCAL/SECOND_ITERATION/FIRST_MULTIPLY/high_product0/A[14] is connected to registers with an asynchronous reset. This is preventing the possibility of merging these registers in to the DSP Block since the DSP block registers only possess synchronous reset capability.  It is suggested to recode or change these registers to remove the reset or use a synchronous reset to get the best optimization for performance, power and area.
Related violations: <none>

DPIR-1#456 Warning
Asynchronous driver check  
DSP RECIPROCAL/SECOND_ITERATION/FIRST_MULTIPLY/high_product0 input pin RECIPROCAL/SECOND_ITERATION/FIRST_MULTIPLY/high_product0/A[15] is connected to registers with an asynchronous reset. This is preventing the possibility of merging these registers in to the DSP Block since the DSP block registers only possess synchronous reset capability.  It is suggested to recode or change these registers to remove the reset or use a synchronous reset to get the best optimization for performance, power and area.
Related violations: <none>

DPIR-1#457 Warning
Asynchronous driver check  
DSP RECIPROCAL/SECOND_ITERATION/FIRST_MULTIPLY/high_product0 input pin RECIPROCAL/SECOND_ITERATION/FIRST_MULTIPLY/high_product0/A[16] is connected to registers with an asynchronous reset. This is preventing the possibility of merging these registers in to the DSP Block since the DSP block registers only possess synchronous reset capability.  It is suggested to recode or change these registers to remove the reset or use a synchronous reset to get the best optimization for performance, power and area.
Related violations: <none>

DPIR-1#458 Warning
Asynchronous driver check  
DSP RECIPROCAL/SECOND_ITERATION/FIRST_MULTIPLY/high_product0 input pin RECIPROCAL/SECOND_ITERATION/FIRST_MULTIPLY/high_product0/A[17] is connected to registers with an asynchronous reset. This is preventing the possibility of merging these registers in to the DSP Block since the DSP block registers only possess synchronous reset capability.  It is suggested to recode or change these registers to remove the reset or use a synchronous reset to get the best optimization for performance, power and area.
Related violations: <none>

DPIR-1#459 Warning
Asynchronous driver check  
DSP RECIPROCAL/SECOND_ITERATION/FIRST_MULTIPLY/high_product0 input pin RECIPROCAL/SECOND_ITERATION/FIRST_MULTIPLY/high_product0/A[18] is connected to registers with an asynchronous reset. This is preventing the possibility of merging these registers in to the DSP Block since the DSP block registers only possess synchronous reset capability.  It is suggested to recode or change these registers to remove the reset or use a synchronous reset to get the best optimization for performance, power and area.
Related violations: <none>

DPIR-1#460 Warning
Asynchronous driver check  
DSP RECIPROCAL/SECOND_ITERATION/FIRST_MULTIPLY/high_product0 input pin RECIPROCAL/SECOND_ITERATION/FIRST_MULTIPLY/high_product0/A[19] is connected to registers with an asynchronous reset. This is preventing the possibility of merging these registers in to the DSP Block since the DSP block registers only possess synchronous reset capability.  It is suggested to recode or change these registers to remove the reset or use a synchronous reset to get the best optimization for performance, power and area.
Related violations: <none>

DPIR-1#461 Warning
Asynchronous driver check  
DSP RECIPROCAL/SECOND_ITERATION/FIRST_MULTIPLY/high_product0 input pin RECIPROCAL/SECOND_ITERATION/FIRST_MULTIPLY/high_product0/A[1] is connected to registers with an asynchronous reset. This is preventing the possibility of merging these registers in to the DSP Block since the DSP block registers only possess synchronous reset capability.  It is suggested to recode or change these registers to remove the reset or use a synchronous reset to get the best optimization for performance, power and area.
Related violations: <none>

DPIR-1#462 Warning
Asynchronous driver check  
DSP RECIPROCAL/SECOND_ITERATION/FIRST_MULTIPLY/high_product0 input pin RECIPROCAL/SECOND_ITERATION/FIRST_MULTIPLY/high_product0/A[20] is connected to registers with an asynchronous reset. This is preventing the possibility of merging these registers in to the DSP Block since the DSP block registers only possess synchronous reset capability.  It is suggested to recode or change these registers to remove the reset or use a synchronous reset to get the best optimization for performance, power and area.
Related violations: <none>

DPIR-1#463 Warning
Asynchronous driver check  
DSP RECIPROCAL/SECOND_ITERATION/FIRST_MULTIPLY/high_product0 input pin RECIPROCAL/SECOND_ITERATION/FIRST_MULTIPLY/high_product0/A[21] is connected to registers with an asynchronous reset. This is preventing the possibility of merging these registers in to the DSP Block since the DSP block registers only possess synchronous reset capability.  It is suggested to recode or change these registers to remove the reset or use a synchronous reset to get the best optimization for performance, power and area.
Related violations: <none>

DPIR-1#464 Warning
Asynchronous driver check  
DSP RECIPROCAL/SECOND_ITERATION/FIRST_MULTIPLY/high_product0 input pin RECIPROCAL/SECOND_ITERATION/FIRST_MULTIPLY/high_product0/A[22] is connected to registers with an asynchronous reset. This is preventing the possibility of merging these registers in to the DSP Block since the DSP block registers only possess synchronous reset capability.  It is suggested to recode or change these registers to remove the reset or use a synchronous reset to get the best optimization for performance, power and area.
Related violations: <none>

DPIR-1#465 Warning
Asynchronous driver check  
DSP RECIPROCAL/SECOND_ITERATION/FIRST_MULTIPLY/high_product0 input pin RECIPROCAL/SECOND_ITERATION/FIRST_MULTIPLY/high_product0/A[23] is connected to registers with an asynchronous reset. This is preventing the possibility of merging these registers in to the DSP Block since the DSP block registers only possess synchronous reset capability.  It is suggested to recode or change these registers to remove the reset or use a synchronous reset to get the best optimization for performance, power and area.
Related violations: <none>

DPIR-1#466 Warning
Asynchronous driver check  
DSP RECIPROCAL/SECOND_ITERATION/FIRST_MULTIPLY/high_product0 input pin RECIPROCAL/SECOND_ITERATION/FIRST_MULTIPLY/high_product0/A[2] is connected to registers with an asynchronous reset. This is preventing the possibility of merging these registers in to the DSP Block since the DSP block registers only possess synchronous reset capability.  It is suggested to recode or change these registers to remove the reset or use a synchronous reset to get the best optimization for performance, power and area.
Related violations: <none>

DPIR-1#467 Warning
Asynchronous driver check  
DSP RECIPROCAL/SECOND_ITERATION/FIRST_MULTIPLY/high_product0 input pin RECIPROCAL/SECOND_ITERATION/FIRST_MULTIPLY/high_product0/A[3] is connected to registers with an asynchronous reset. This is preventing the possibility of merging these registers in to the DSP Block since the DSP block registers only possess synchronous reset capability.  It is suggested to recode or change these registers to remove the reset or use a synchronous reset to get the best optimization for performance, power and area.
Related violations: <none>

DPIR-1#468 Warning
Asynchronous driver check  
DSP RECIPROCAL/SECOND_ITERATION/FIRST_MULTIPLY/high_product0 input pin RECIPROCAL/SECOND_ITERATION/FIRST_MULTIPLY/high_product0/A[4] is connected to registers with an asynchronous reset. This is preventing the possibility of merging these registers in to the DSP Block since the DSP block registers only possess synchronous reset capability.  It is suggested to recode or change these registers to remove the reset or use a synchronous reset to get the best optimization for performance, power and area.
Related violations: <none>

DPIR-1#469 Warning
Asynchronous driver check  
DSP RECIPROCAL/SECOND_ITERATION/FIRST_MULTIPLY/high_product0 input pin RECIPROCAL/SECOND_ITERATION/FIRST_MULTIPLY/high_product0/A[5] is connected to registers with an asynchronous reset. This is preventing the possibility of merging these registers in to the DSP Block since the DSP block registers only possess synchronous reset capability.  It is suggested to recode or change these registers to remove the reset or use a synchronous reset to get the best optimization for performance, power and area.
Related violations: <none>

DPIR-1#470 Warning
Asynchronous driver check  
DSP RECIPROCAL/SECOND_ITERATION/FIRST_MULTIPLY/high_product0 input pin RECIPROCAL/SECOND_ITERATION/FIRST_MULTIPLY/high_product0/A[6] is connected to registers with an asynchronous reset. This is preventing the possibility of merging these registers in to the DSP Block since the DSP block registers only possess synchronous reset capability.  It is suggested to recode or change these registers to remove the reset or use a synchronous reset to get the best optimization for performance, power and area.
Related violations: <none>

DPIR-1#471 Warning
Asynchronous driver check  
DSP RECIPROCAL/SECOND_ITERATION/FIRST_MULTIPLY/high_product0 input pin RECIPROCAL/SECOND_ITERATION/FIRST_MULTIPLY/high_product0/A[7] is connected to registers with an asynchronous reset. This is preventing the possibility of merging these registers in to the DSP Block since the DSP block registers only possess synchronous reset capability.  It is suggested to recode or change these registers to remove the reset or use a synchronous reset to get the best optimization for performance, power and area.
Related violations: <none>

DPIR-1#472 Warning
Asynchronous driver check  
DSP RECIPROCAL/SECOND_ITERATION/FIRST_MULTIPLY/high_product0 input pin RECIPROCAL/SECOND_ITERATION/FIRST_MULTIPLY/high_product0/A[8] is connected to registers with an asynchronous reset. This is preventing the possibility of merging these registers in to the DSP Block since the DSP block registers only possess synchronous reset capability.  It is suggested to recode or change these registers to remove the reset or use a synchronous reset to get the best optimization for performance, power and area.
Related violations: <none>

DPIR-1#473 Warning
Asynchronous driver check  
DSP RECIPROCAL/SECOND_ITERATION/FIRST_MULTIPLY/high_product0 input pin RECIPROCAL/SECOND_ITERATION/FIRST_MULTIPLY/high_product0/A[9] is connected to registers with an asynchronous reset. This is preventing the possibility of merging these registers in to the DSP Block since the DSP block registers only possess synchronous reset capability.  It is suggested to recode or change these registers to remove the reset or use a synchronous reset to get the best optimization for performance, power and area.
Related violations: <none>

DPIR-1#474 Warning
Asynchronous driver check  
DSP RECIPROCAL/SECOND_ITERATION/FIRST_MULTIPLY/high_product0 input pin RECIPROCAL/SECOND_ITERATION/FIRST_MULTIPLY/high_product0/B[0] is connected to registers with an asynchronous reset. This is preventing the possibility of merging these registers in to the DSP Block since the DSP block registers only possess synchronous reset capability.  It is suggested to recode or change these registers to remove the reset or use a synchronous reset to get the best optimization for performance, power and area.
Related violations: <none>

DPIR-1#475 Warning
Asynchronous driver check  
DSP RECIPROCAL/SECOND_ITERATION/FIRST_MULTIPLY/high_product0 input pin RECIPROCAL/SECOND_ITERATION/FIRST_MULTIPLY/high_product0/B[1] is connected to registers with an asynchronous reset. This is preventing the possibility of merging these registers in to the DSP Block since the DSP block registers only possess synchronous reset capability.  It is suggested to recode or change these registers to remove the reset or use a synchronous reset to get the best optimization for performance, power and area.
Related violations: <none>

DPIR-1#476 Warning
Asynchronous driver check  
DSP RECIPROCAL/SECOND_ITERATION/FIRST_MULTIPLY/high_product0 input pin RECIPROCAL/SECOND_ITERATION/FIRST_MULTIPLY/high_product0/B[2] is connected to registers with an asynchronous reset. This is preventing the possibility of merging these registers in to the DSP Block since the DSP block registers only possess synchronous reset capability.  It is suggested to recode or change these registers to remove the reset or use a synchronous reset to get the best optimization for performance, power and area.
Related violations: <none>

DPIR-1#477 Warning
Asynchronous driver check  
DSP RECIPROCAL/SECOND_ITERATION/FIRST_MULTIPLY/high_product0 input pin RECIPROCAL/SECOND_ITERATION/FIRST_MULTIPLY/high_product0/B[3] is connected to registers with an asynchronous reset. This is preventing the possibility of merging these registers in to the DSP Block since the DSP block registers only possess synchronous reset capability.  It is suggested to recode or change these registers to remove the reset or use a synchronous reset to get the best optimization for performance, power and area.
Related violations: <none>

DPIR-1#478 Warning
Asynchronous driver check  
DSP RECIPROCAL/SECOND_ITERATION/FIRST_MULTIPLY/high_product0 input pin RECIPROCAL/SECOND_ITERATION/FIRST_MULTIPLY/high_product0/B[4] is connected to registers with an asynchronous reset. This is preventing the possibility of merging these registers in to the DSP Block since the DSP block registers only possess synchronous reset capability.  It is suggested to recode or change these registers to remove the reset or use a synchronous reset to get the best optimization for performance, power and area.
Related violations: <none>

DPIR-1#479 Warning
Asynchronous driver check  
DSP RECIPROCAL/SECOND_ITERATION/FIRST_MULTIPLY/high_product0 input pin RECIPROCAL/SECOND_ITERATION/FIRST_MULTIPLY/high_product0/B[5] is connected to registers with an asynchronous reset. This is preventing the possibility of merging these registers in to the DSP Block since the DSP block registers only possess synchronous reset capability.  It is suggested to recode or change these registers to remove the reset or use a synchronous reset to get the best optimization for performance, power and area.
Related violations: <none>

DPIR-1#480 Warning
Asynchronous driver check  
DSP RECIPROCAL/SECOND_ITERATION/FIRST_MULTIPLY/low_product0 input pin RECIPROCAL/SECOND_ITERATION/FIRST_MULTIPLY/low_product0/A[0] is connected to registers with an asynchronous reset. This is preventing the possibility of merging these registers in to the DSP Block since the DSP block registers only possess synchronous reset capability.  It is suggested to recode or change these registers to remove the reset or use a synchronous reset to get the best optimization for performance, power and area.
Related violations: <none>

DPIR-1#481 Warning
Asynchronous driver check  
DSP RECIPROCAL/SECOND_ITERATION/FIRST_MULTIPLY/low_product0 input pin RECIPROCAL/SECOND_ITERATION/FIRST_MULTIPLY/low_product0/A[10] is connected to registers with an asynchronous reset. This is preventing the possibility of merging these registers in to the DSP Block since the DSP block registers only possess synchronous reset capability.  It is suggested to recode or change these registers to remove the reset or use a synchronous reset to get the best optimization for performance, power and area.
Related violations: <none>

DPIR-1#482 Warning
Asynchronous driver check  
DSP RECIPROCAL/SECOND_ITERATION/FIRST_MULTIPLY/low_product0 input pin RECIPROCAL/SECOND_ITERATION/FIRST_MULTIPLY/low_product0/A[11] is connected to registers with an asynchronous reset. This is preventing the possibility of merging these registers in to the DSP Block since the DSP block registers only possess synchronous reset capability.  It is suggested to recode or change these registers to remove the reset or use a synchronous reset to get the best optimization for performance, power and area.
Related violations: <none>

DPIR-1#483 Warning
Asynchronous driver check  
DSP RECIPROCAL/SECOND_ITERATION/FIRST_MULTIPLY/low_product0 input pin RECIPROCAL/SECOND_ITERATION/FIRST_MULTIPLY/low_product0/A[12] is connected to registers with an asynchronous reset. This is preventing the possibility of merging these registers in to the DSP Block since the DSP block registers only possess synchronous reset capability.  It is suggested to recode or change these registers to remove the reset or use a synchronous reset to get the best optimization for performance, power and area.
Related violations: <none>

DPIR-1#484 Warning
Asynchronous driver check  
DSP RECIPROCAL/SECOND_ITERATION/FIRST_MULTIPLY/low_product0 input pin RECIPROCAL/SECOND_ITERATION/FIRST_MULTIPLY/low_product0/A[13] is connected to registers with an asynchronous reset. This is preventing the possibility of merging these registers in to the DSP Block since the DSP block registers only possess synchronous reset capability.  It is suggested to recode or change these registers to remove the reset or use a synchronous reset to get the best optimization for performance, power and area.
Related violations: <none>

DPIR-1#485 Warning
Asynchronous driver check  
DSP RECIPROCAL/SECOND_ITERATION/FIRST_MULTIPLY/low_product0 input pin RECIPROCAL/SECOND_ITERATION/FIRST_MULTIPLY/low_product0/A[14] is connected to registers with an asynchronous reset. This is preventing the possibility of merging these registers in to the DSP Block since the DSP block registers only possess synchronous reset capability.  It is suggested to recode or change these registers to remove the reset or use a synchronous reset to get the best optimization for performance, power and area.
Related violations: <none>

DPIR-1#486 Warning
Asynchronous driver check  
DSP RECIPROCAL/SECOND_ITERATION/FIRST_MULTIPLY/low_product0 input pin RECIPROCAL/SECOND_ITERATION/FIRST_MULTIPLY/low_product0/A[15] is connected to registers with an asynchronous reset. This is preventing the possibility of merging these registers in to the DSP Block since the DSP block registers only possess synchronous reset capability.  It is suggested to recode or change these registers to remove the reset or use a synchronous reset to get the best optimization for performance, power and area.
Related violations: <none>

DPIR-1#487 Warning
Asynchronous driver check  
DSP RECIPROCAL/SECOND_ITERATION/FIRST_MULTIPLY/low_product0 input pin RECIPROCAL/SECOND_ITERATION/FIRST_MULTIPLY/low_product0/A[16] is connected to registers with an asynchronous reset. This is preventing the possibility of merging these registers in to the DSP Block since the DSP block registers only possess synchronous reset capability.  It is suggested to recode or change these registers to remove the reset or use a synchronous reset to get the best optimization for performance, power and area.
Related violations: <none>

DPIR-1#488 Warning
Asynchronous driver check  
DSP RECIPROCAL/SECOND_ITERATION/FIRST_MULTIPLY/low_product0 input pin RECIPROCAL/SECOND_ITERATION/FIRST_MULTIPLY/low_product0/A[17] is connected to registers with an asynchronous reset. This is preventing the possibility of merging these registers in to the DSP Block since the DSP block registers only possess synchronous reset capability.  It is suggested to recode or change these registers to remove the reset or use a synchronous reset to get the best optimization for performance, power and area.
Related violations: <none>

DPIR-1#489 Warning
Asynchronous driver check  
DSP RECIPROCAL/SECOND_ITERATION/FIRST_MULTIPLY/low_product0 input pin RECIPROCAL/SECOND_ITERATION/FIRST_MULTIPLY/low_product0/A[18] is connected to registers with an asynchronous reset. This is preventing the possibility of merging these registers in to the DSP Block since the DSP block registers only possess synchronous reset capability.  It is suggested to recode or change these registers to remove the reset or use a synchronous reset to get the best optimization for performance, power and area.
Related violations: <none>

DPIR-1#490 Warning
Asynchronous driver check  
DSP RECIPROCAL/SECOND_ITERATION/FIRST_MULTIPLY/low_product0 input pin RECIPROCAL/SECOND_ITERATION/FIRST_MULTIPLY/low_product0/A[19] is connected to registers with an asynchronous reset. This is preventing the possibility of merging these registers in to the DSP Block since the DSP block registers only possess synchronous reset capability.  It is suggested to recode or change these registers to remove the reset or use a synchronous reset to get the best optimization for performance, power and area.
Related violations: <none>

DPIR-1#491 Warning
Asynchronous driver check  
DSP RECIPROCAL/SECOND_ITERATION/FIRST_MULTIPLY/low_product0 input pin RECIPROCAL/SECOND_ITERATION/FIRST_MULTIPLY/low_product0/A[1] is connected to registers with an asynchronous reset. This is preventing the possibility of merging these registers in to the DSP Block since the DSP block registers only possess synchronous reset capability.  It is suggested to recode or change these registers to remove the reset or use a synchronous reset to get the best optimization for performance, power and area.
Related violations: <none>

DPIR-1#492 Warning
Asynchronous driver check  
DSP RECIPROCAL/SECOND_ITERATION/FIRST_MULTIPLY/low_product0 input pin RECIPROCAL/SECOND_ITERATION/FIRST_MULTIPLY/low_product0/A[20] is connected to registers with an asynchronous reset. This is preventing the possibility of merging these registers in to the DSP Block since the DSP block registers only possess synchronous reset capability.  It is suggested to recode or change these registers to remove the reset or use a synchronous reset to get the best optimization for performance, power and area.
Related violations: <none>

DPIR-1#493 Warning
Asynchronous driver check  
DSP RECIPROCAL/SECOND_ITERATION/FIRST_MULTIPLY/low_product0 input pin RECIPROCAL/SECOND_ITERATION/FIRST_MULTIPLY/low_product0/A[21] is connected to registers with an asynchronous reset. This is preventing the possibility of merging these registers in to the DSP Block since the DSP block registers only possess synchronous reset capability.  It is suggested to recode or change these registers to remove the reset or use a synchronous reset to get the best optimization for performance, power and area.
Related violations: <none>

DPIR-1#494 Warning
Asynchronous driver check  
DSP RECIPROCAL/SECOND_ITERATION/FIRST_MULTIPLY/low_product0 input pin RECIPROCAL/SECOND_ITERATION/FIRST_MULTIPLY/low_product0/A[22] is connected to registers with an asynchronous reset. This is preventing the possibility of merging these registers in to the DSP Block since the DSP block registers only possess synchronous reset capability.  It is suggested to recode or change these registers to remove the reset or use a synchronous reset to get the best optimization for performance, power and area.
Related violations: <none>

DPIR-1#495 Warning
Asynchronous driver check  
DSP RECIPROCAL/SECOND_ITERATION/FIRST_MULTIPLY/low_product0 input pin RECIPROCAL/SECOND_ITERATION/FIRST_MULTIPLY/low_product0/A[23] is connected to registers with an asynchronous reset. This is preventing the possibility of merging these registers in to the DSP Block since the DSP block registers only possess synchronous reset capability.  It is suggested to recode or change these registers to remove the reset or use a synchronous reset to get the best optimization for performance, power and area.
Related violations: <none>

DPIR-1#496 Warning
Asynchronous driver check  
DSP RECIPROCAL/SECOND_ITERATION/FIRST_MULTIPLY/low_product0 input pin RECIPROCAL/SECOND_ITERATION/FIRST_MULTIPLY/low_product0/A[2] is connected to registers with an asynchronous reset. This is preventing the possibility of merging these registers in to the DSP Block since the DSP block registers only possess synchronous reset capability.  It is suggested to recode or change these registers to remove the reset or use a synchronous reset to get the best optimization for performance, power and area.
Related violations: <none>

DPIR-1#497 Warning
Asynchronous driver check  
DSP RECIPROCAL/SECOND_ITERATION/FIRST_MULTIPLY/low_product0 input pin RECIPROCAL/SECOND_ITERATION/FIRST_MULTIPLY/low_product0/A[3] is connected to registers with an asynchronous reset. This is preventing the possibility of merging these registers in to the DSP Block since the DSP block registers only possess synchronous reset capability.  It is suggested to recode or change these registers to remove the reset or use a synchronous reset to get the best optimization for performance, power and area.
Related violations: <none>

DPIR-1#498 Warning
Asynchronous driver check  
DSP RECIPROCAL/SECOND_ITERATION/FIRST_MULTIPLY/low_product0 input pin RECIPROCAL/SECOND_ITERATION/FIRST_MULTIPLY/low_product0/A[4] is connected to registers with an asynchronous reset. This is preventing the possibility of merging these registers in to the DSP Block since the DSP block registers only possess synchronous reset capability.  It is suggested to recode or change these registers to remove the reset or use a synchronous reset to get the best optimization for performance, power and area.
Related violations: <none>

DPIR-1#499 Warning
Asynchronous driver check  
DSP RECIPROCAL/SECOND_ITERATION/FIRST_MULTIPLY/low_product0 input pin RECIPROCAL/SECOND_ITERATION/FIRST_MULTIPLY/low_product0/A[5] is connected to registers with an asynchronous reset. This is preventing the possibility of merging these registers in to the DSP Block since the DSP block registers only possess synchronous reset capability.  It is suggested to recode or change these registers to remove the reset or use a synchronous reset to get the best optimization for performance, power and area.
Related violations: <none>

DPIR-1#500 Warning
Asynchronous driver check  
DSP RECIPROCAL/SECOND_ITERATION/FIRST_MULTIPLY/low_product0 input pin RECIPROCAL/SECOND_ITERATION/FIRST_MULTIPLY/low_product0/A[6] is connected to registers with an asynchronous reset. This is preventing the possibility of merging these registers in to the DSP Block since the DSP block registers only possess synchronous reset capability.  It is suggested to recode or change these registers to remove the reset or use a synchronous reset to get the best optimization for performance, power and area.
Related violations: <none>

DPIR-1#501 Warning
Asynchronous driver check  
DSP RECIPROCAL/SECOND_ITERATION/FIRST_MULTIPLY/low_product0 input pin RECIPROCAL/SECOND_ITERATION/FIRST_MULTIPLY/low_product0/A[7] is connected to registers with an asynchronous reset. This is preventing the possibility of merging these registers in to the DSP Block since the DSP block registers only possess synchronous reset capability.  It is suggested to recode or change these registers to remove the reset or use a synchronous reset to get the best optimization for performance, power and area.
Related violations: <none>

DPIR-1#502 Warning
Asynchronous driver check  
DSP RECIPROCAL/SECOND_ITERATION/FIRST_MULTIPLY/low_product0 input pin RECIPROCAL/SECOND_ITERATION/FIRST_MULTIPLY/low_product0/A[8] is connected to registers with an asynchronous reset. This is preventing the possibility of merging these registers in to the DSP Block since the DSP block registers only possess synchronous reset capability.  It is suggested to recode or change these registers to remove the reset or use a synchronous reset to get the best optimization for performance, power and area.
Related violations: <none>

DPIR-1#503 Warning
Asynchronous driver check  
DSP RECIPROCAL/SECOND_ITERATION/FIRST_MULTIPLY/low_product0 input pin RECIPROCAL/SECOND_ITERATION/FIRST_MULTIPLY/low_product0/A[9] is connected to registers with an asynchronous reset. This is preventing the possibility of merging these registers in to the DSP Block since the DSP block registers only possess synchronous reset capability.  It is suggested to recode or change these registers to remove the reset or use a synchronous reset to get the best optimization for performance, power and area.
Related violations: <none>

DPIR-1#504 Warning
Asynchronous driver check  
DSP RECIPROCAL/SECOND_ITERATION/FIRST_MULTIPLY/low_product0 input pin RECIPROCAL/SECOND_ITERATION/FIRST_MULTIPLY/low_product0/B[0] is connected to registers with an asynchronous reset. This is preventing the possibility of merging these registers in to the DSP Block since the DSP block registers only possess synchronous reset capability.  It is suggested to recode or change these registers to remove the reset or use a synchronous reset to get the best optimization for performance, power and area.
Related violations: <none>

DPIR-1#505 Warning
Asynchronous driver check  
DSP RECIPROCAL/SECOND_ITERATION/FIRST_MULTIPLY/low_product0 input pin RECIPROCAL/SECOND_ITERATION/FIRST_MULTIPLY/low_product0/B[10] is connected to registers with an asynchronous reset. This is preventing the possibility of merging these registers in to the DSP Block since the DSP block registers only possess synchronous reset capability.  It is suggested to recode or change these registers to remove the reset or use a synchronous reset to get the best optimization for performance, power and area.
Related violations: <none>

DPIR-1#506 Warning
Asynchronous driver check  
DSP RECIPROCAL/SECOND_ITERATION/FIRST_MULTIPLY/low_product0 input pin RECIPROCAL/SECOND_ITERATION/FIRST_MULTIPLY/low_product0/B[11] is connected to registers with an asynchronous reset. This is preventing the possibility of merging these registers in to the DSP Block since the DSP block registers only possess synchronous reset capability.  It is suggested to recode or change these registers to remove the reset or use a synchronous reset to get the best optimization for performance, power and area.
Related violations: <none>

DPIR-1#507 Warning
Asynchronous driver check  
DSP RECIPROCAL/SECOND_ITERATION/FIRST_MULTIPLY/low_product0 input pin RECIPROCAL/SECOND_ITERATION/FIRST_MULTIPLY/low_product0/B[12] is connected to registers with an asynchronous reset. This is preventing the possibility of merging these registers in to the DSP Block since the DSP block registers only possess synchronous reset capability.  It is suggested to recode or change these registers to remove the reset or use a synchronous reset to get the best optimization for performance, power and area.
Related violations: <none>

DPIR-1#508 Warning
Asynchronous driver check  
DSP RECIPROCAL/SECOND_ITERATION/FIRST_MULTIPLY/low_product0 input pin RECIPROCAL/SECOND_ITERATION/FIRST_MULTIPLY/low_product0/B[13] is connected to registers with an asynchronous reset. This is preventing the possibility of merging these registers in to the DSP Block since the DSP block registers only possess synchronous reset capability.  It is suggested to recode or change these registers to remove the reset or use a synchronous reset to get the best optimization for performance, power and area.
Related violations: <none>

DPIR-1#509 Warning
Asynchronous driver check  
DSP RECIPROCAL/SECOND_ITERATION/FIRST_MULTIPLY/low_product0 input pin RECIPROCAL/SECOND_ITERATION/FIRST_MULTIPLY/low_product0/B[14] is connected to registers with an asynchronous reset. This is preventing the possibility of merging these registers in to the DSP Block since the DSP block registers only possess synchronous reset capability.  It is suggested to recode or change these registers to remove the reset or use a synchronous reset to get the best optimization for performance, power and area.
Related violations: <none>

DPIR-1#510 Warning
Asynchronous driver check  
DSP RECIPROCAL/SECOND_ITERATION/FIRST_MULTIPLY/low_product0 input pin RECIPROCAL/SECOND_ITERATION/FIRST_MULTIPLY/low_product0/B[15] is connected to registers with an asynchronous reset. This is preventing the possibility of merging these registers in to the DSP Block since the DSP block registers only possess synchronous reset capability.  It is suggested to recode or change these registers to remove the reset or use a synchronous reset to get the best optimization for performance, power and area.
Related violations: <none>

DPIR-1#511 Warning
Asynchronous driver check  
DSP RECIPROCAL/SECOND_ITERATION/FIRST_MULTIPLY/low_product0 input pin RECIPROCAL/SECOND_ITERATION/FIRST_MULTIPLY/low_product0/B[16] is connected to registers with an asynchronous reset. This is preventing the possibility of merging these registers in to the DSP Block since the DSP block registers only possess synchronous reset capability.  It is suggested to recode or change these registers to remove the reset or use a synchronous reset to get the best optimization for performance, power and area.
Related violations: <none>

DPIR-1#512 Warning
Asynchronous driver check  
DSP RECIPROCAL/SECOND_ITERATION/FIRST_MULTIPLY/low_product0 input pin RECIPROCAL/SECOND_ITERATION/FIRST_MULTIPLY/low_product0/B[1] is connected to registers with an asynchronous reset. This is preventing the possibility of merging these registers in to the DSP Block since the DSP block registers only possess synchronous reset capability.  It is suggested to recode or change these registers to remove the reset or use a synchronous reset to get the best optimization for performance, power and area.
Related violations: <none>

DPIR-1#513 Warning
Asynchronous driver check  
DSP RECIPROCAL/SECOND_ITERATION/FIRST_MULTIPLY/low_product0 input pin RECIPROCAL/SECOND_ITERATION/FIRST_MULTIPLY/low_product0/B[2] is connected to registers with an asynchronous reset. This is preventing the possibility of merging these registers in to the DSP Block since the DSP block registers only possess synchronous reset capability.  It is suggested to recode or change these registers to remove the reset or use a synchronous reset to get the best optimization for performance, power and area.
Related violations: <none>

DPIR-1#514 Warning
Asynchronous driver check  
DSP RECIPROCAL/SECOND_ITERATION/FIRST_MULTIPLY/low_product0 input pin RECIPROCAL/SECOND_ITERATION/FIRST_MULTIPLY/low_product0/B[3] is connected to registers with an asynchronous reset. This is preventing the possibility of merging these registers in to the DSP Block since the DSP block registers only possess synchronous reset capability.  It is suggested to recode or change these registers to remove the reset or use a synchronous reset to get the best optimization for performance, power and area.
Related violations: <none>

DPIR-1#515 Warning
Asynchronous driver check  
DSP RECIPROCAL/SECOND_ITERATION/FIRST_MULTIPLY/low_product0 input pin RECIPROCAL/SECOND_ITERATION/FIRST_MULTIPLY/low_product0/B[4] is connected to registers with an asynchronous reset. This is preventing the possibility of merging these registers in to the DSP Block since the DSP block registers only possess synchronous reset capability.  It is suggested to recode or change these registers to remove the reset or use a synchronous reset to get the best optimization for performance, power and area.
Related violations: <none>

DPIR-1#516 Warning
Asynchronous driver check  
DSP RECIPROCAL/SECOND_ITERATION/FIRST_MULTIPLY/low_product0 input pin RECIPROCAL/SECOND_ITERATION/FIRST_MULTIPLY/low_product0/B[5] is connected to registers with an asynchronous reset. This is preventing the possibility of merging these registers in to the DSP Block since the DSP block registers only possess synchronous reset capability.  It is suggested to recode or change these registers to remove the reset or use a synchronous reset to get the best optimization for performance, power and area.
Related violations: <none>

DPIR-1#517 Warning
Asynchronous driver check  
DSP RECIPROCAL/SECOND_ITERATION/FIRST_MULTIPLY/low_product0 input pin RECIPROCAL/SECOND_ITERATION/FIRST_MULTIPLY/low_product0/B[6] is connected to registers with an asynchronous reset. This is preventing the possibility of merging these registers in to the DSP Block since the DSP block registers only possess synchronous reset capability.  It is suggested to recode or change these registers to remove the reset or use a synchronous reset to get the best optimization for performance, power and area.
Related violations: <none>

DPIR-1#518 Warning
Asynchronous driver check  
DSP RECIPROCAL/SECOND_ITERATION/FIRST_MULTIPLY/low_product0 input pin RECIPROCAL/SECOND_ITERATION/FIRST_MULTIPLY/low_product0/B[7] is connected to registers with an asynchronous reset. This is preventing the possibility of merging these registers in to the DSP Block since the DSP block registers only possess synchronous reset capability.  It is suggested to recode or change these registers to remove the reset or use a synchronous reset to get the best optimization for performance, power and area.
Related violations: <none>

DPIR-1#519 Warning
Asynchronous driver check  
DSP RECIPROCAL/SECOND_ITERATION/FIRST_MULTIPLY/low_product0 input pin RECIPROCAL/SECOND_ITERATION/FIRST_MULTIPLY/low_product0/B[8] is connected to registers with an asynchronous reset. This is preventing the possibility of merging these registers in to the DSP Block since the DSP block registers only possess synchronous reset capability.  It is suggested to recode or change these registers to remove the reset or use a synchronous reset to get the best optimization for performance, power and area.
Related violations: <none>

DPIR-1#520 Warning
Asynchronous driver check  
DSP RECIPROCAL/SECOND_ITERATION/FIRST_MULTIPLY/low_product0 input pin RECIPROCAL/SECOND_ITERATION/FIRST_MULTIPLY/low_product0/B[9] is connected to registers with an asynchronous reset. This is preventing the possibility of merging these registers in to the DSP Block since the DSP block registers only possess synchronous reset capability.  It is suggested to recode or change these registers to remove the reset or use a synchronous reset to get the best optimization for performance, power and area.
Related violations: <none>

DPIR-1#521 Warning
Asynchronous driver check  
DSP RECIPROCAL/SECOND_ITERATION/FIRST_MULTIPLY/low_product0 input pin RECIPROCAL/SECOND_ITERATION/FIRST_MULTIPLY/low_product0/C[17] is connected to registers with an asynchronous reset. This is preventing the possibility of merging these registers in to the DSP Block since the DSP block registers only possess synchronous reset capability.  It is suggested to recode or change these registers to remove the reset or use a synchronous reset to get the best optimization for performance, power and area.
Related violations: <none>

DPIR-1#522 Warning
Asynchronous driver check  
DSP RECIPROCAL/SECOND_ITERATION/FIRST_MULTIPLY/low_product0 input pin RECIPROCAL/SECOND_ITERATION/FIRST_MULTIPLY/low_product0/C[18] is connected to registers with an asynchronous reset. This is preventing the possibility of merging these registers in to the DSP Block since the DSP block registers only possess synchronous reset capability.  It is suggested to recode or change these registers to remove the reset or use a synchronous reset to get the best optimization for performance, power and area.
Related violations: <none>

DPIR-1#523 Warning
Asynchronous driver check  
DSP RECIPROCAL/SECOND_ITERATION/FIRST_MULTIPLY/low_product0 input pin RECIPROCAL/SECOND_ITERATION/FIRST_MULTIPLY/low_product0/C[19] is connected to registers with an asynchronous reset. This is preventing the possibility of merging these registers in to the DSP Block since the DSP block registers only possess synchronous reset capability.  It is suggested to recode or change these registers to remove the reset or use a synchronous reset to get the best optimization for performance, power and area.
Related violations: <none>

DPIR-1#524 Warning
Asynchronous driver check  
DSP RECIPROCAL/SECOND_ITERATION/FIRST_MULTIPLY/low_product0 input pin RECIPROCAL/SECOND_ITERATION/FIRST_MULTIPLY/low_product0/C[20] is connected to registers with an asynchronous reset. This is preventing the possibility of merging these registers in to the DSP Block since the DSP block registers only possess synchronous reset capability.  It is suggested to recode or change these registers to remove the reset or use a synchronous reset to get the best optimization for performance, power and area.
Related violations: <none>

DPIR-1#525 Warning
Asynchronous driver check  
DSP RECIPROCAL/SECOND_ITERATION/FIRST_MULTIPLY/low_product0 input pin RECIPROCAL/SECOND_ITERATION/FIRST_MULTIPLY/low_product0/C[21] is connected to registers with an asynchronous reset. This is preventing the possibility of merging these registers in to the DSP Block since the DSP block registers only possess synchronous reset capability.  It is suggested to recode or change these registers to remove the reset or use a synchronous reset to get the best optimization for performance, power and area.
Related violations: <none>

DPIR-1#526 Warning
Asynchronous driver check  
DSP RECIPROCAL/SECOND_ITERATION/FIRST_MULTIPLY/low_product0 input pin RECIPROCAL/SECOND_ITERATION/FIRST_MULTIPLY/low_product0/C[22] is connected to registers with an asynchronous reset. This is preventing the possibility of merging these registers in to the DSP Block since the DSP block registers only possess synchronous reset capability.  It is suggested to recode or change these registers to remove the reset or use a synchronous reset to get the best optimization for performance, power and area.
Related violations: <none>

DPIR-1#527 Warning
Asynchronous driver check  
DSP RECIPROCAL/SECOND_ITERATION/FIRST_MULTIPLY/low_product0 input pin RECIPROCAL/SECOND_ITERATION/FIRST_MULTIPLY/low_product0/C[23] is connected to registers with an asynchronous reset. This is preventing the possibility of merging these registers in to the DSP Block since the DSP block registers only possess synchronous reset capability.  It is suggested to recode or change these registers to remove the reset or use a synchronous reset to get the best optimization for performance, power and area.
Related violations: <none>

DPIR-1#528 Warning
Asynchronous driver check  
DSP RECIPROCAL/SECOND_ITERATION/FIRST_MULTIPLY/low_product0 input pin RECIPROCAL/SECOND_ITERATION/FIRST_MULTIPLY/low_product0/C[24] is connected to registers with an asynchronous reset. This is preventing the possibility of merging these registers in to the DSP Block since the DSP block registers only possess synchronous reset capability.  It is suggested to recode or change these registers to remove the reset or use a synchronous reset to get the best optimization for performance, power and area.
Related violations: <none>

DPIR-1#529 Warning
Asynchronous driver check  
DSP RECIPROCAL/SECOND_ITERATION/FIRST_MULTIPLY/low_product0 input pin RECIPROCAL/SECOND_ITERATION/FIRST_MULTIPLY/low_product0/C[25] is connected to registers with an asynchronous reset. This is preventing the possibility of merging these registers in to the DSP Block since the DSP block registers only possess synchronous reset capability.  It is suggested to recode or change these registers to remove the reset or use a synchronous reset to get the best optimization for performance, power and area.
Related violations: <none>

DPIR-1#530 Warning
Asynchronous driver check  
DSP RECIPROCAL/SECOND_ITERATION/FIRST_MULTIPLY/low_product0 input pin RECIPROCAL/SECOND_ITERATION/FIRST_MULTIPLY/low_product0/C[26] is connected to registers with an asynchronous reset. This is preventing the possibility of merging these registers in to the DSP Block since the DSP block registers only possess synchronous reset capability.  It is suggested to recode or change these registers to remove the reset or use a synchronous reset to get the best optimization for performance, power and area.
Related violations: <none>

DPIR-1#531 Warning
Asynchronous driver check  
DSP RECIPROCAL/SECOND_ITERATION/FIRST_MULTIPLY/low_product0 input pin RECIPROCAL/SECOND_ITERATION/FIRST_MULTIPLY/low_product0/C[27] is connected to registers with an asynchronous reset. This is preventing the possibility of merging these registers in to the DSP Block since the DSP block registers only possess synchronous reset capability.  It is suggested to recode or change these registers to remove the reset or use a synchronous reset to get the best optimization for performance, power and area.
Related violations: <none>

DPIR-1#532 Warning
Asynchronous driver check  
DSP RECIPROCAL/SECOND_ITERATION/FIRST_MULTIPLY/low_product0 input pin RECIPROCAL/SECOND_ITERATION/FIRST_MULTIPLY/low_product0/C[28] is connected to registers with an asynchronous reset. This is preventing the possibility of merging these registers in to the DSP Block since the DSP block registers only possess synchronous reset capability.  It is suggested to recode or change these registers to remove the reset or use a synchronous reset to get the best optimization for performance, power and area.
Related violations: <none>

DPIR-1#533 Warning
Asynchronous driver check  
DSP RECIPROCAL/SECOND_ITERATION/FIRST_MULTIPLY/low_product0 input pin RECIPROCAL/SECOND_ITERATION/FIRST_MULTIPLY/low_product0/C[29] is connected to registers with an asynchronous reset. This is preventing the possibility of merging these registers in to the DSP Block since the DSP block registers only possess synchronous reset capability.  It is suggested to recode or change these registers to remove the reset or use a synchronous reset to get the best optimization for performance, power and area.
Related violations: <none>

DPIR-1#534 Warning
Asynchronous driver check  
DSP RECIPROCAL/SECOND_ITERATION/FIRST_MULTIPLY/low_product0 input pin RECIPROCAL/SECOND_ITERATION/FIRST_MULTIPLY/low_product0/C[30] is connected to registers with an asynchronous reset. This is preventing the possibility of merging these registers in to the DSP Block since the DSP block registers only possess synchronous reset capability.  It is suggested to recode or change these registers to remove the reset or use a synchronous reset to get the best optimization for performance, power and area.
Related violations: <none>

DPIR-1#535 Warning
Asynchronous driver check  
DSP RECIPROCAL/SECOND_ITERATION/FIRST_MULTIPLY/low_product0 input pin RECIPROCAL/SECOND_ITERATION/FIRST_MULTIPLY/low_product0/C[31] is connected to registers with an asynchronous reset. This is preventing the possibility of merging these registers in to the DSP Block since the DSP block registers only possess synchronous reset capability.  It is suggested to recode or change these registers to remove the reset or use a synchronous reset to get the best optimization for performance, power and area.
Related violations: <none>

DPIR-1#536 Warning
Asynchronous driver check  
DSP RECIPROCAL/SECOND_ITERATION/FIRST_MULTIPLY/low_product0 input pin RECIPROCAL/SECOND_ITERATION/FIRST_MULTIPLY/low_product0/C[32] is connected to registers with an asynchronous reset. This is preventing the possibility of merging these registers in to the DSP Block since the DSP block registers only possess synchronous reset capability.  It is suggested to recode or change these registers to remove the reset or use a synchronous reset to get the best optimization for performance, power and area.
Related violations: <none>

DPIR-1#537 Warning
Asynchronous driver check  
DSP RECIPROCAL/SECOND_ITERATION/FIRST_MULTIPLY/low_product0 input pin RECIPROCAL/SECOND_ITERATION/FIRST_MULTIPLY/low_product0/C[33] is connected to registers with an asynchronous reset. This is preventing the possibility of merging these registers in to the DSP Block since the DSP block registers only possess synchronous reset capability.  It is suggested to recode or change these registers to remove the reset or use a synchronous reset to get the best optimization for performance, power and area.
Related violations: <none>

DPIR-1#538 Warning
Asynchronous driver check  
DSP RECIPROCAL/SECOND_ITERATION/FIRST_MULTIPLY/low_product0 input pin RECIPROCAL/SECOND_ITERATION/FIRST_MULTIPLY/low_product0/C[34] is connected to registers with an asynchronous reset. This is preventing the possibility of merging these registers in to the DSP Block since the DSP block registers only possess synchronous reset capability.  It is suggested to recode or change these registers to remove the reset or use a synchronous reset to get the best optimization for performance, power and area.
Related violations: <none>

DPIR-1#539 Warning
Asynchronous driver check  
DSP RECIPROCAL/SECOND_ITERATION/FIRST_MULTIPLY/low_product0 input pin RECIPROCAL/SECOND_ITERATION/FIRST_MULTIPLY/low_product0/C[35] is connected to registers with an asynchronous reset. This is preventing the possibility of merging these registers in to the DSP Block since the DSP block registers only possess synchronous reset capability.  It is suggested to recode or change these registers to remove the reset or use a synchronous reset to get the best optimization for performance, power and area.
Related violations: <none>

DPIR-1#540 Warning
Asynchronous driver check  
DSP RECIPROCAL/SECOND_ITERATION/FIRST_MULTIPLY/low_product0 input pin RECIPROCAL/SECOND_ITERATION/FIRST_MULTIPLY/low_product0/C[36] is connected to registers with an asynchronous reset. This is preventing the possibility of merging these registers in to the DSP Block since the DSP block registers only possess synchronous reset capability.  It is suggested to recode or change these registers to remove the reset or use a synchronous reset to get the best optimization for performance, power and area.
Related violations: <none>

DPIR-1#541 Warning
Asynchronous driver check  
DSP RECIPROCAL/SECOND_ITERATION/FIRST_MULTIPLY/low_product0 input pin RECIPROCAL/SECOND_ITERATION/FIRST_MULTIPLY/low_product0/C[37] is connected to registers with an asynchronous reset. This is preventing the possibility of merging these registers in to the DSP Block since the DSP block registers only possess synchronous reset capability.  It is suggested to recode or change these registers to remove the reset or use a synchronous reset to get the best optimization for performance, power and area.
Related violations: <none>

DPIR-1#542 Warning
Asynchronous driver check  
DSP RECIPROCAL/SECOND_ITERATION/FIRST_MULTIPLY/low_product0 input pin RECIPROCAL/SECOND_ITERATION/FIRST_MULTIPLY/low_product0/C[38] is connected to registers with an asynchronous reset. This is preventing the possibility of merging these registers in to the DSP Block since the DSP block registers only possess synchronous reset capability.  It is suggested to recode or change these registers to remove the reset or use a synchronous reset to get the best optimization for performance, power and area.
Related violations: <none>

DPIR-1#543 Warning
Asynchronous driver check  
DSP RECIPROCAL/SECOND_ITERATION/FIRST_MULTIPLY/low_product0 input pin RECIPROCAL/SECOND_ITERATION/FIRST_MULTIPLY/low_product0/C[39] is connected to registers with an asynchronous reset. This is preventing the possibility of merging these registers in to the DSP Block since the DSP block registers only possess synchronous reset capability.  It is suggested to recode or change these registers to remove the reset or use a synchronous reset to get the best optimization for performance, power and area.
Related violations: <none>

DPIR-1#544 Warning
Asynchronous driver check  
DSP RECIPROCAL/SECOND_ITERATION/FIRST_MULTIPLY/low_product0 input pin RECIPROCAL/SECOND_ITERATION/FIRST_MULTIPLY/low_product0/C[40] is connected to registers with an asynchronous reset. This is preventing the possibility of merging these registers in to the DSP Block since the DSP block registers only possess synchronous reset capability.  It is suggested to recode or change these registers to remove the reset or use a synchronous reset to get the best optimization for performance, power and area.
Related violations: <none>

DPIR-1#545 Warning
Asynchronous driver check  
DSP RECIPROCAL/SECOND_ITERATION/SECOND_MULTIPLY/high_product0 input pin RECIPROCAL/SECOND_ITERATION/SECOND_MULTIPLY/high_product0/A[0] is connected to registers with an asynchronous reset. This is preventing the possibility of merging these registers in to the DSP Block since the DSP block registers only possess synchronous reset capability.  It is suggested to recode or change these registers to remove the reset or use a synchronous reset to get the best optimization for performance, power and area.
Related violations: <none>

DPIR-1#546 Warning
Asynchronous driver check  
DSP RECIPROCAL/SECOND_ITERATION/SECOND_MULTIPLY/high_product0 input pin RECIPROCAL/SECOND_ITERATION/SECOND_MULTIPLY/high_product0/A[10] is connected to registers with an asynchronous reset. This is preventing the possibility of merging these registers in to the DSP Block since the DSP block registers only possess synchronous reset capability.  It is suggested to recode or change these registers to remove the reset or use a synchronous reset to get the best optimization for performance, power and area.
Related violations: <none>

DPIR-1#547 Warning
Asynchronous driver check  
DSP RECIPROCAL/SECOND_ITERATION/SECOND_MULTIPLY/high_product0 input pin RECIPROCAL/SECOND_ITERATION/SECOND_MULTIPLY/high_product0/A[11] is connected to registers with an asynchronous reset. This is preventing the possibility of merging these registers in to the DSP Block since the DSP block registers only possess synchronous reset capability.  It is suggested to recode or change these registers to remove the reset or use a synchronous reset to get the best optimization for performance, power and area.
Related violations: <none>

DPIR-1#548 Warning
Asynchronous driver check  
DSP RECIPROCAL/SECOND_ITERATION/SECOND_MULTIPLY/high_product0 input pin RECIPROCAL/SECOND_ITERATION/SECOND_MULTIPLY/high_product0/A[12] is connected to registers with an asynchronous reset. This is preventing the possibility of merging these registers in to the DSP Block since the DSP block registers only possess synchronous reset capability.  It is suggested to recode or change these registers to remove the reset or use a synchronous reset to get the best optimization for performance, power and area.
Related violations: <none>

DPIR-1#549 Warning
Asynchronous driver check  
DSP RECIPROCAL/SECOND_ITERATION/SECOND_MULTIPLY/high_product0 input pin RECIPROCAL/SECOND_ITERATION/SECOND_MULTIPLY/high_product0/A[13] is connected to registers with an asynchronous reset. This is preventing the possibility of merging these registers in to the DSP Block since the DSP block registers only possess synchronous reset capability.  It is suggested to recode or change these registers to remove the reset or use a synchronous reset to get the best optimization for performance, power and area.
Related violations: <none>

DPIR-1#550 Warning
Asynchronous driver check  
DSP RECIPROCAL/SECOND_ITERATION/SECOND_MULTIPLY/high_product0 input pin RECIPROCAL/SECOND_ITERATION/SECOND_MULTIPLY/high_product0/A[14] is connected to registers with an asynchronous reset. This is preventing the possibility of merging these registers in to the DSP Block since the DSP block registers only possess synchronous reset capability.  It is suggested to recode or change these registers to remove the reset or use a synchronous reset to get the best optimization for performance, power and area.
Related violations: <none>

DPIR-1#551 Warning
Asynchronous driver check  
DSP RECIPROCAL/SECOND_ITERATION/SECOND_MULTIPLY/high_product0 input pin RECIPROCAL/SECOND_ITERATION/SECOND_MULTIPLY/high_product0/A[15] is connected to registers with an asynchronous reset. This is preventing the possibility of merging these registers in to the DSP Block since the DSP block registers only possess synchronous reset capability.  It is suggested to recode or change these registers to remove the reset or use a synchronous reset to get the best optimization for performance, power and area.
Related violations: <none>

DPIR-1#552 Warning
Asynchronous driver check  
DSP RECIPROCAL/SECOND_ITERATION/SECOND_MULTIPLY/high_product0 input pin RECIPROCAL/SECOND_ITERATION/SECOND_MULTIPLY/high_product0/A[16] is connected to registers with an asynchronous reset. This is preventing the possibility of merging these registers in to the DSP Block since the DSP block registers only possess synchronous reset capability.  It is suggested to recode or change these registers to remove the reset or use a synchronous reset to get the best optimization for performance, power and area.
Related violations: <none>

DPIR-1#553 Warning
Asynchronous driver check  
DSP RECIPROCAL/SECOND_ITERATION/SECOND_MULTIPLY/high_product0 input pin RECIPROCAL/SECOND_ITERATION/SECOND_MULTIPLY/high_product0/A[17] is connected to registers with an asynchronous reset. This is preventing the possibility of merging these registers in to the DSP Block since the DSP block registers only possess synchronous reset capability.  It is suggested to recode or change these registers to remove the reset or use a synchronous reset to get the best optimization for performance, power and area.
Related violations: <none>

DPIR-1#554 Warning
Asynchronous driver check  
DSP RECIPROCAL/SECOND_ITERATION/SECOND_MULTIPLY/high_product0 input pin RECIPROCAL/SECOND_ITERATION/SECOND_MULTIPLY/high_product0/A[18] is connected to registers with an asynchronous reset. This is preventing the possibility of merging these registers in to the DSP Block since the DSP block registers only possess synchronous reset capability.  It is suggested to recode or change these registers to remove the reset or use a synchronous reset to get the best optimization for performance, power and area.
Related violations: <none>

DPIR-1#555 Warning
Asynchronous driver check  
DSP RECIPROCAL/SECOND_ITERATION/SECOND_MULTIPLY/high_product0 input pin RECIPROCAL/SECOND_ITERATION/SECOND_MULTIPLY/high_product0/A[19] is connected to registers with an asynchronous reset. This is preventing the possibility of merging these registers in to the DSP Block since the DSP block registers only possess synchronous reset capability.  It is suggested to recode or change these registers to remove the reset or use a synchronous reset to get the best optimization for performance, power and area.
Related violations: <none>

DPIR-1#556 Warning
Asynchronous driver check  
DSP RECIPROCAL/SECOND_ITERATION/SECOND_MULTIPLY/high_product0 input pin RECIPROCAL/SECOND_ITERATION/SECOND_MULTIPLY/high_product0/A[1] is connected to registers with an asynchronous reset. This is preventing the possibility of merging these registers in to the DSP Block since the DSP block registers only possess synchronous reset capability.  It is suggested to recode or change these registers to remove the reset or use a synchronous reset to get the best optimization for performance, power and area.
Related violations: <none>

DPIR-1#557 Warning
Asynchronous driver check  
DSP RECIPROCAL/SECOND_ITERATION/SECOND_MULTIPLY/high_product0 input pin RECIPROCAL/SECOND_ITERATION/SECOND_MULTIPLY/high_product0/A[20] is connected to registers with an asynchronous reset. This is preventing the possibility of merging these registers in to the DSP Block since the DSP block registers only possess synchronous reset capability.  It is suggested to recode or change these registers to remove the reset or use a synchronous reset to get the best optimization for performance, power and area.
Related violations: <none>

DPIR-1#558 Warning
Asynchronous driver check  
DSP RECIPROCAL/SECOND_ITERATION/SECOND_MULTIPLY/high_product0 input pin RECIPROCAL/SECOND_ITERATION/SECOND_MULTIPLY/high_product0/A[21] is connected to registers with an asynchronous reset. This is preventing the possibility of merging these registers in to the DSP Block since the DSP block registers only possess synchronous reset capability.  It is suggested to recode or change these registers to remove the reset or use a synchronous reset to get the best optimization for performance, power and area.
Related violations: <none>

DPIR-1#559 Warning
Asynchronous driver check  
DSP RECIPROCAL/SECOND_ITERATION/SECOND_MULTIPLY/high_product0 input pin RECIPROCAL/SECOND_ITERATION/SECOND_MULTIPLY/high_product0/A[22] is connected to registers with an asynchronous reset. This is preventing the possibility of merging these registers in to the DSP Block since the DSP block registers only possess synchronous reset capability.  It is suggested to recode or change these registers to remove the reset or use a synchronous reset to get the best optimization for performance, power and area.
Related violations: <none>

DPIR-1#560 Warning
Asynchronous driver check  
DSP RECIPROCAL/SECOND_ITERATION/SECOND_MULTIPLY/high_product0 input pin RECIPROCAL/SECOND_ITERATION/SECOND_MULTIPLY/high_product0/A[23] is connected to registers with an asynchronous reset. This is preventing the possibility of merging these registers in to the DSP Block since the DSP block registers only possess synchronous reset capability.  It is suggested to recode or change these registers to remove the reset or use a synchronous reset to get the best optimization for performance, power and area.
Related violations: <none>

DPIR-1#561 Warning
Asynchronous driver check  
DSP RECIPROCAL/SECOND_ITERATION/SECOND_MULTIPLY/high_product0 input pin RECIPROCAL/SECOND_ITERATION/SECOND_MULTIPLY/high_product0/A[2] is connected to registers with an asynchronous reset. This is preventing the possibility of merging these registers in to the DSP Block since the DSP block registers only possess synchronous reset capability.  It is suggested to recode or change these registers to remove the reset or use a synchronous reset to get the best optimization for performance, power and area.
Related violations: <none>

DPIR-1#562 Warning
Asynchronous driver check  
DSP RECIPROCAL/SECOND_ITERATION/SECOND_MULTIPLY/high_product0 input pin RECIPROCAL/SECOND_ITERATION/SECOND_MULTIPLY/high_product0/A[3] is connected to registers with an asynchronous reset. This is preventing the possibility of merging these registers in to the DSP Block since the DSP block registers only possess synchronous reset capability.  It is suggested to recode or change these registers to remove the reset or use a synchronous reset to get the best optimization for performance, power and area.
Related violations: <none>

DPIR-1#563 Warning
Asynchronous driver check  
DSP RECIPROCAL/SECOND_ITERATION/SECOND_MULTIPLY/high_product0 input pin RECIPROCAL/SECOND_ITERATION/SECOND_MULTIPLY/high_product0/A[4] is connected to registers with an asynchronous reset. This is preventing the possibility of merging these registers in to the DSP Block since the DSP block registers only possess synchronous reset capability.  It is suggested to recode or change these registers to remove the reset or use a synchronous reset to get the best optimization for performance, power and area.
Related violations: <none>

DPIR-1#564 Warning
Asynchronous driver check  
DSP RECIPROCAL/SECOND_ITERATION/SECOND_MULTIPLY/high_product0 input pin RECIPROCAL/SECOND_ITERATION/SECOND_MULTIPLY/high_product0/A[5] is connected to registers with an asynchronous reset. This is preventing the possibility of merging these registers in to the DSP Block since the DSP block registers only possess synchronous reset capability.  It is suggested to recode or change these registers to remove the reset or use a synchronous reset to get the best optimization for performance, power and area.
Related violations: <none>

DPIR-1#565 Warning
Asynchronous driver check  
DSP RECIPROCAL/SECOND_ITERATION/SECOND_MULTIPLY/high_product0 input pin RECIPROCAL/SECOND_ITERATION/SECOND_MULTIPLY/high_product0/A[6] is connected to registers with an asynchronous reset. This is preventing the possibility of merging these registers in to the DSP Block since the DSP block registers only possess synchronous reset capability.  It is suggested to recode or change these registers to remove the reset or use a synchronous reset to get the best optimization for performance, power and area.
Related violations: <none>

DPIR-1#566 Warning
Asynchronous driver check  
DSP RECIPROCAL/SECOND_ITERATION/SECOND_MULTIPLY/high_product0 input pin RECIPROCAL/SECOND_ITERATION/SECOND_MULTIPLY/high_product0/A[7] is connected to registers with an asynchronous reset. This is preventing the possibility of merging these registers in to the DSP Block since the DSP block registers only possess synchronous reset capability.  It is suggested to recode or change these registers to remove the reset or use a synchronous reset to get the best optimization for performance, power and area.
Related violations: <none>

DPIR-1#567 Warning
Asynchronous driver check  
DSP RECIPROCAL/SECOND_ITERATION/SECOND_MULTIPLY/high_product0 input pin RECIPROCAL/SECOND_ITERATION/SECOND_MULTIPLY/high_product0/A[8] is connected to registers with an asynchronous reset. This is preventing the possibility of merging these registers in to the DSP Block since the DSP block registers only possess synchronous reset capability.  It is suggested to recode or change these registers to remove the reset or use a synchronous reset to get the best optimization for performance, power and area.
Related violations: <none>

DPIR-1#568 Warning
Asynchronous driver check  
DSP RECIPROCAL/SECOND_ITERATION/SECOND_MULTIPLY/high_product0 input pin RECIPROCAL/SECOND_ITERATION/SECOND_MULTIPLY/high_product0/A[9] is connected to registers with an asynchronous reset. This is preventing the possibility of merging these registers in to the DSP Block since the DSP block registers only possess synchronous reset capability.  It is suggested to recode or change these registers to remove the reset or use a synchronous reset to get the best optimization for performance, power and area.
Related violations: <none>

DPIR-1#569 Warning
Asynchronous driver check  
DSP RECIPROCAL/SECOND_ITERATION/SECOND_MULTIPLY/low_product0 input pin RECIPROCAL/SECOND_ITERATION/SECOND_MULTIPLY/low_product0/A[0] is connected to registers with an asynchronous reset. This is preventing the possibility of merging these registers in to the DSP Block since the DSP block registers only possess synchronous reset capability.  It is suggested to recode or change these registers to remove the reset or use a synchronous reset to get the best optimization for performance, power and area.
Related violations: <none>

DPIR-1#570 Warning
Asynchronous driver check  
DSP RECIPROCAL/SECOND_ITERATION/SECOND_MULTIPLY/low_product0 input pin RECIPROCAL/SECOND_ITERATION/SECOND_MULTIPLY/low_product0/A[10] is connected to registers with an asynchronous reset. This is preventing the possibility of merging these registers in to the DSP Block since the DSP block registers only possess synchronous reset capability.  It is suggested to recode or change these registers to remove the reset or use a synchronous reset to get the best optimization for performance, power and area.
Related violations: <none>

DPIR-1#571 Warning
Asynchronous driver check  
DSP RECIPROCAL/SECOND_ITERATION/SECOND_MULTIPLY/low_product0 input pin RECIPROCAL/SECOND_ITERATION/SECOND_MULTIPLY/low_product0/A[11] is connected to registers with an asynchronous reset. This is preventing the possibility of merging these registers in to the DSP Block since the DSP block registers only possess synchronous reset capability.  It is suggested to recode or change these registers to remove the reset or use a synchronous reset to get the best optimization for performance, power and area.
Related violations: <none>

DPIR-1#572 Warning
Asynchronous driver check  
DSP RECIPROCAL/SECOND_ITERATION/SECOND_MULTIPLY/low_product0 input pin RECIPROCAL/SECOND_ITERATION/SECOND_MULTIPLY/low_product0/A[12] is connected to registers with an asynchronous reset. This is preventing the possibility of merging these registers in to the DSP Block since the DSP block registers only possess synchronous reset capability.  It is suggested to recode or change these registers to remove the reset or use a synchronous reset to get the best optimization for performance, power and area.
Related violations: <none>

DPIR-1#573 Warning
Asynchronous driver check  
DSP RECIPROCAL/SECOND_ITERATION/SECOND_MULTIPLY/low_product0 input pin RECIPROCAL/SECOND_ITERATION/SECOND_MULTIPLY/low_product0/A[13] is connected to registers with an asynchronous reset. This is preventing the possibility of merging these registers in to the DSP Block since the DSP block registers only possess synchronous reset capability.  It is suggested to recode or change these registers to remove the reset or use a synchronous reset to get the best optimization for performance, power and area.
Related violations: <none>

DPIR-1#574 Warning
Asynchronous driver check  
DSP RECIPROCAL/SECOND_ITERATION/SECOND_MULTIPLY/low_product0 input pin RECIPROCAL/SECOND_ITERATION/SECOND_MULTIPLY/low_product0/A[14] is connected to registers with an asynchronous reset. This is preventing the possibility of merging these registers in to the DSP Block since the DSP block registers only possess synchronous reset capability.  It is suggested to recode or change these registers to remove the reset or use a synchronous reset to get the best optimization for performance, power and area.
Related violations: <none>

DPIR-1#575 Warning
Asynchronous driver check  
DSP RECIPROCAL/SECOND_ITERATION/SECOND_MULTIPLY/low_product0 input pin RECIPROCAL/SECOND_ITERATION/SECOND_MULTIPLY/low_product0/A[15] is connected to registers with an asynchronous reset. This is preventing the possibility of merging these registers in to the DSP Block since the DSP block registers only possess synchronous reset capability.  It is suggested to recode or change these registers to remove the reset or use a synchronous reset to get the best optimization for performance, power and area.
Related violations: <none>

DPIR-1#576 Warning
Asynchronous driver check  
DSP RECIPROCAL/SECOND_ITERATION/SECOND_MULTIPLY/low_product0 input pin RECIPROCAL/SECOND_ITERATION/SECOND_MULTIPLY/low_product0/A[16] is connected to registers with an asynchronous reset. This is preventing the possibility of merging these registers in to the DSP Block since the DSP block registers only possess synchronous reset capability.  It is suggested to recode or change these registers to remove the reset or use a synchronous reset to get the best optimization for performance, power and area.
Related violations: <none>

DPIR-1#577 Warning
Asynchronous driver check  
DSP RECIPROCAL/SECOND_ITERATION/SECOND_MULTIPLY/low_product0 input pin RECIPROCAL/SECOND_ITERATION/SECOND_MULTIPLY/low_product0/A[17] is connected to registers with an asynchronous reset. This is preventing the possibility of merging these registers in to the DSP Block since the DSP block registers only possess synchronous reset capability.  It is suggested to recode or change these registers to remove the reset or use a synchronous reset to get the best optimization for performance, power and area.
Related violations: <none>

DPIR-1#578 Warning
Asynchronous driver check  
DSP RECIPROCAL/SECOND_ITERATION/SECOND_MULTIPLY/low_product0 input pin RECIPROCAL/SECOND_ITERATION/SECOND_MULTIPLY/low_product0/A[18] is connected to registers with an asynchronous reset. This is preventing the possibility of merging these registers in to the DSP Block since the DSP block registers only possess synchronous reset capability.  It is suggested to recode or change these registers to remove the reset or use a synchronous reset to get the best optimization for performance, power and area.
Related violations: <none>

DPIR-1#579 Warning
Asynchronous driver check  
DSP RECIPROCAL/SECOND_ITERATION/SECOND_MULTIPLY/low_product0 input pin RECIPROCAL/SECOND_ITERATION/SECOND_MULTIPLY/low_product0/A[19] is connected to registers with an asynchronous reset. This is preventing the possibility of merging these registers in to the DSP Block since the DSP block registers only possess synchronous reset capability.  It is suggested to recode or change these registers to remove the reset or use a synchronous reset to get the best optimization for performance, power and area.
Related violations: <none>

DPIR-1#580 Warning
Asynchronous driver check  
DSP RECIPROCAL/SECOND_ITERATION/SECOND_MULTIPLY/low_product0 input pin RECIPROCAL/SECOND_ITERATION/SECOND_MULTIPLY/low_product0/A[1] is connected to registers with an asynchronous reset. This is preventing the possibility of merging these registers in to the DSP Block since the DSP block registers only possess synchronous reset capability.  It is suggested to recode or change these registers to remove the reset or use a synchronous reset to get the best optimization for performance, power and area.
Related violations: <none>

DPIR-1#581 Warning
Asynchronous driver check  
DSP RECIPROCAL/SECOND_ITERATION/SECOND_MULTIPLY/low_product0 input pin RECIPROCAL/SECOND_ITERATION/SECOND_MULTIPLY/low_product0/A[20] is connected to registers with an asynchronous reset. This is preventing the possibility of merging these registers in to the DSP Block since the DSP block registers only possess synchronous reset capability.  It is suggested to recode or change these registers to remove the reset or use a synchronous reset to get the best optimization for performance, power and area.
Related violations: <none>

DPIR-1#582 Warning
Asynchronous driver check  
DSP RECIPROCAL/SECOND_ITERATION/SECOND_MULTIPLY/low_product0 input pin RECIPROCAL/SECOND_ITERATION/SECOND_MULTIPLY/low_product0/A[21] is connected to registers with an asynchronous reset. This is preventing the possibility of merging these registers in to the DSP Block since the DSP block registers only possess synchronous reset capability.  It is suggested to recode or change these registers to remove the reset or use a synchronous reset to get the best optimization for performance, power and area.
Related violations: <none>

DPIR-1#583 Warning
Asynchronous driver check  
DSP RECIPROCAL/SECOND_ITERATION/SECOND_MULTIPLY/low_product0 input pin RECIPROCAL/SECOND_ITERATION/SECOND_MULTIPLY/low_product0/A[22] is connected to registers with an asynchronous reset. This is preventing the possibility of merging these registers in to the DSP Block since the DSP block registers only possess synchronous reset capability.  It is suggested to recode or change these registers to remove the reset or use a synchronous reset to get the best optimization for performance, power and area.
Related violations: <none>

DPIR-1#584 Warning
Asynchronous driver check  
DSP RECIPROCAL/SECOND_ITERATION/SECOND_MULTIPLY/low_product0 input pin RECIPROCAL/SECOND_ITERATION/SECOND_MULTIPLY/low_product0/A[23] is connected to registers with an asynchronous reset. This is preventing the possibility of merging these registers in to the DSP Block since the DSP block registers only possess synchronous reset capability.  It is suggested to recode or change these registers to remove the reset or use a synchronous reset to get the best optimization for performance, power and area.
Related violations: <none>

DPIR-1#585 Warning
Asynchronous driver check  
DSP RECIPROCAL/SECOND_ITERATION/SECOND_MULTIPLY/low_product0 input pin RECIPROCAL/SECOND_ITERATION/SECOND_MULTIPLY/low_product0/A[2] is connected to registers with an asynchronous reset. This is preventing the possibility of merging these registers in to the DSP Block since the DSP block registers only possess synchronous reset capability.  It is suggested to recode or change these registers to remove the reset or use a synchronous reset to get the best optimization for performance, power and area.
Related violations: <none>

DPIR-1#586 Warning
Asynchronous driver check  
DSP RECIPROCAL/SECOND_ITERATION/SECOND_MULTIPLY/low_product0 input pin RECIPROCAL/SECOND_ITERATION/SECOND_MULTIPLY/low_product0/A[3] is connected to registers with an asynchronous reset. This is preventing the possibility of merging these registers in to the DSP Block since the DSP block registers only possess synchronous reset capability.  It is suggested to recode or change these registers to remove the reset or use a synchronous reset to get the best optimization for performance, power and area.
Related violations: <none>

DPIR-1#587 Warning
Asynchronous driver check  
DSP RECIPROCAL/SECOND_ITERATION/SECOND_MULTIPLY/low_product0 input pin RECIPROCAL/SECOND_ITERATION/SECOND_MULTIPLY/low_product0/A[4] is connected to registers with an asynchronous reset. This is preventing the possibility of merging these registers in to the DSP Block since the DSP block registers only possess synchronous reset capability.  It is suggested to recode or change these registers to remove the reset or use a synchronous reset to get the best optimization for performance, power and area.
Related violations: <none>

DPIR-1#588 Warning
Asynchronous driver check  
DSP RECIPROCAL/SECOND_ITERATION/SECOND_MULTIPLY/low_product0 input pin RECIPROCAL/SECOND_ITERATION/SECOND_MULTIPLY/low_product0/A[5] is connected to registers with an asynchronous reset. This is preventing the possibility of merging these registers in to the DSP Block since the DSP block registers only possess synchronous reset capability.  It is suggested to recode or change these registers to remove the reset or use a synchronous reset to get the best optimization for performance, power and area.
Related violations: <none>

DPIR-1#589 Warning
Asynchronous driver check  
DSP RECIPROCAL/SECOND_ITERATION/SECOND_MULTIPLY/low_product0 input pin RECIPROCAL/SECOND_ITERATION/SECOND_MULTIPLY/low_product0/A[6] is connected to registers with an asynchronous reset. This is preventing the possibility of merging these registers in to the DSP Block since the DSP block registers only possess synchronous reset capability.  It is suggested to recode or change these registers to remove the reset or use a synchronous reset to get the best optimization for performance, power and area.
Related violations: <none>

DPIR-1#590 Warning
Asynchronous driver check  
DSP RECIPROCAL/SECOND_ITERATION/SECOND_MULTIPLY/low_product0 input pin RECIPROCAL/SECOND_ITERATION/SECOND_MULTIPLY/low_product0/A[7] is connected to registers with an asynchronous reset. This is preventing the possibility of merging these registers in to the DSP Block since the DSP block registers only possess synchronous reset capability.  It is suggested to recode or change these registers to remove the reset or use a synchronous reset to get the best optimization for performance, power and area.
Related violations: <none>

DPIR-1#591 Warning
Asynchronous driver check  
DSP RECIPROCAL/SECOND_ITERATION/SECOND_MULTIPLY/low_product0 input pin RECIPROCAL/SECOND_ITERATION/SECOND_MULTIPLY/low_product0/A[8] is connected to registers with an asynchronous reset. This is preventing the possibility of merging these registers in to the DSP Block since the DSP block registers only possess synchronous reset capability.  It is suggested to recode or change these registers to remove the reset or use a synchronous reset to get the best optimization for performance, power and area.
Related violations: <none>

DPIR-1#592 Warning
Asynchronous driver check  
DSP RECIPROCAL/SECOND_ITERATION/SECOND_MULTIPLY/low_product0 input pin RECIPROCAL/SECOND_ITERATION/SECOND_MULTIPLY/low_product0/A[9] is connected to registers with an asynchronous reset. This is preventing the possibility of merging these registers in to the DSP Block since the DSP block registers only possess synchronous reset capability.  It is suggested to recode or change these registers to remove the reset or use a synchronous reset to get the best optimization for performance, power and area.
Related violations: <none>

DPIR-1#593 Warning
Asynchronous driver check  
DSP RECIPROCAL/SECOND_ITERATION/SECOND_MULTIPLY/low_product0 input pin RECIPROCAL/SECOND_ITERATION/SECOND_MULTIPLY/low_product0/B[0] is connected to registers with an asynchronous reset. This is preventing the possibility of merging these registers in to the DSP Block since the DSP block registers only possess synchronous reset capability.  It is suggested to recode or change these registers to remove the reset or use a synchronous reset to get the best optimization for performance, power and area.
Related violations: <none>

DPIR-1#594 Warning
Asynchronous driver check  
DSP RECIPROCAL/SECOND_ITERATION/SECOND_MULTIPLY/low_product0 input pin RECIPROCAL/SECOND_ITERATION/SECOND_MULTIPLY/low_product0/C[17] is connected to registers with an asynchronous reset. This is preventing the possibility of merging these registers in to the DSP Block since the DSP block registers only possess synchronous reset capability.  It is suggested to recode or change these registers to remove the reset or use a synchronous reset to get the best optimization for performance, power and area.
Related violations: <none>

DPIR-1#595 Warning
Asynchronous driver check  
DSP RECIPROCAL/SECOND_ITERATION/SECOND_MULTIPLY/low_product0 input pin RECIPROCAL/SECOND_ITERATION/SECOND_MULTIPLY/low_product0/C[18] is connected to registers with an asynchronous reset. This is preventing the possibility of merging these registers in to the DSP Block since the DSP block registers only possess synchronous reset capability.  It is suggested to recode or change these registers to remove the reset or use a synchronous reset to get the best optimization for performance, power and area.
Related violations: <none>

DPIR-1#596 Warning
Asynchronous driver check  
DSP RECIPROCAL/SECOND_ITERATION/SECOND_MULTIPLY/low_product0 input pin RECIPROCAL/SECOND_ITERATION/SECOND_MULTIPLY/low_product0/C[19] is connected to registers with an asynchronous reset. This is preventing the possibility of merging these registers in to the DSP Block since the DSP block registers only possess synchronous reset capability.  It is suggested to recode or change these registers to remove the reset or use a synchronous reset to get the best optimization for performance, power and area.
Related violations: <none>

DPIR-1#597 Warning
Asynchronous driver check  
DSP RECIPROCAL/SECOND_ITERATION/SECOND_MULTIPLY/low_product0 input pin RECIPROCAL/SECOND_ITERATION/SECOND_MULTIPLY/low_product0/C[20] is connected to registers with an asynchronous reset. This is preventing the possibility of merging these registers in to the DSP Block since the DSP block registers only possess synchronous reset capability.  It is suggested to recode or change these registers to remove the reset or use a synchronous reset to get the best optimization for performance, power and area.
Related violations: <none>

DPIR-1#598 Warning
Asynchronous driver check  
DSP RECIPROCAL/SECOND_ITERATION/SECOND_MULTIPLY/low_product0 input pin RECIPROCAL/SECOND_ITERATION/SECOND_MULTIPLY/low_product0/C[21] is connected to registers with an asynchronous reset. This is preventing the possibility of merging these registers in to the DSP Block since the DSP block registers only possess synchronous reset capability.  It is suggested to recode or change these registers to remove the reset or use a synchronous reset to get the best optimization for performance, power and area.
Related violations: <none>

DPIR-1#599 Warning
Asynchronous driver check  
DSP RECIPROCAL/SECOND_ITERATION/SECOND_MULTIPLY/low_product0 input pin RECIPROCAL/SECOND_ITERATION/SECOND_MULTIPLY/low_product0/C[22] is connected to registers with an asynchronous reset. This is preventing the possibility of merging these registers in to the DSP Block since the DSP block registers only possess synchronous reset capability.  It is suggested to recode or change these registers to remove the reset or use a synchronous reset to get the best optimization for performance, power and area.
Related violations: <none>

DPIR-1#600 Warning
Asynchronous driver check  
DSP RECIPROCAL/SECOND_ITERATION/SECOND_MULTIPLY/low_product0 input pin RECIPROCAL/SECOND_ITERATION/SECOND_MULTIPLY/low_product0/C[23] is connected to registers with an asynchronous reset. This is preventing the possibility of merging these registers in to the DSP Block since the DSP block registers only possess synchronous reset capability.  It is suggested to recode or change these registers to remove the reset or use a synchronous reset to get the best optimization for performance, power and area.
Related violations: <none>

DPIR-1#601 Warning
Asynchronous driver check  
DSP RECIPROCAL/SECOND_ITERATION/SECOND_MULTIPLY/low_product0 input pin RECIPROCAL/SECOND_ITERATION/SECOND_MULTIPLY/low_product0/C[24] is connected to registers with an asynchronous reset. This is preventing the possibility of merging these registers in to the DSP Block since the DSP block registers only possess synchronous reset capability.  It is suggested to recode or change these registers to remove the reset or use a synchronous reset to get the best optimization for performance, power and area.
Related violations: <none>

DPIR-1#602 Warning
Asynchronous driver check  
DSP RECIPROCAL/SECOND_ITERATION/SECOND_MULTIPLY/low_product0 input pin RECIPROCAL/SECOND_ITERATION/SECOND_MULTIPLY/low_product0/C[25] is connected to registers with an asynchronous reset. This is preventing the possibility of merging these registers in to the DSP Block since the DSP block registers only possess synchronous reset capability.  It is suggested to recode or change these registers to remove the reset or use a synchronous reset to get the best optimization for performance, power and area.
Related violations: <none>

DPIR-1#603 Warning
Asynchronous driver check  
DSP RECIPROCAL/SECOND_ITERATION/SECOND_MULTIPLY/low_product0 input pin RECIPROCAL/SECOND_ITERATION/SECOND_MULTIPLY/low_product0/C[26] is connected to registers with an asynchronous reset. This is preventing the possibility of merging these registers in to the DSP Block since the DSP block registers only possess synchronous reset capability.  It is suggested to recode or change these registers to remove the reset or use a synchronous reset to get the best optimization for performance, power and area.
Related violations: <none>

DPIR-1#604 Warning
Asynchronous driver check  
DSP RECIPROCAL/SECOND_ITERATION/SECOND_MULTIPLY/low_product0 input pin RECIPROCAL/SECOND_ITERATION/SECOND_MULTIPLY/low_product0/C[27] is connected to registers with an asynchronous reset. This is preventing the possibility of merging these registers in to the DSP Block since the DSP block registers only possess synchronous reset capability.  It is suggested to recode or change these registers to remove the reset or use a synchronous reset to get the best optimization for performance, power and area.
Related violations: <none>

DPIR-1#605 Warning
Asynchronous driver check  
DSP RECIPROCAL/SECOND_ITERATION/SECOND_MULTIPLY/low_product0 input pin RECIPROCAL/SECOND_ITERATION/SECOND_MULTIPLY/low_product0/C[28] is connected to registers with an asynchronous reset. This is preventing the possibility of merging these registers in to the DSP Block since the DSP block registers only possess synchronous reset capability.  It is suggested to recode or change these registers to remove the reset or use a synchronous reset to get the best optimization for performance, power and area.
Related violations: <none>

DPIR-1#606 Warning
Asynchronous driver check  
DSP RECIPROCAL/SECOND_ITERATION/SECOND_MULTIPLY/low_product0 input pin RECIPROCAL/SECOND_ITERATION/SECOND_MULTIPLY/low_product0/C[29] is connected to registers with an asynchronous reset. This is preventing the possibility of merging these registers in to the DSP Block since the DSP block registers only possess synchronous reset capability.  It is suggested to recode or change these registers to remove the reset or use a synchronous reset to get the best optimization for performance, power and area.
Related violations: <none>

DPIR-1#607 Warning
Asynchronous driver check  
DSP RECIPROCAL/SECOND_ITERATION/SECOND_MULTIPLY/low_product0 input pin RECIPROCAL/SECOND_ITERATION/SECOND_MULTIPLY/low_product0/C[30] is connected to registers with an asynchronous reset. This is preventing the possibility of merging these registers in to the DSP Block since the DSP block registers only possess synchronous reset capability.  It is suggested to recode or change these registers to remove the reset or use a synchronous reset to get the best optimization for performance, power and area.
Related violations: <none>

DPIR-1#608 Warning
Asynchronous driver check  
DSP RECIPROCAL/SECOND_ITERATION/SECOND_MULTIPLY/low_product0 input pin RECIPROCAL/SECOND_ITERATION/SECOND_MULTIPLY/low_product0/C[31] is connected to registers with an asynchronous reset. This is preventing the possibility of merging these registers in to the DSP Block since the DSP block registers only possess synchronous reset capability.  It is suggested to recode or change these registers to remove the reset or use a synchronous reset to get the best optimization for performance, power and area.
Related violations: <none>

DPIR-1#609 Warning
Asynchronous driver check  
DSP RECIPROCAL/SECOND_ITERATION/SECOND_MULTIPLY/low_product0 input pin RECIPROCAL/SECOND_ITERATION/SECOND_MULTIPLY/low_product0/C[32] is connected to registers with an asynchronous reset. This is preventing the possibility of merging these registers in to the DSP Block since the DSP block registers only possess synchronous reset capability.  It is suggested to recode or change these registers to remove the reset or use a synchronous reset to get the best optimization for performance, power and area.
Related violations: <none>

DPIR-1#610 Warning
Asynchronous driver check  
DSP RECIPROCAL/SECOND_ITERATION/SECOND_MULTIPLY/low_product0 input pin RECIPROCAL/SECOND_ITERATION/SECOND_MULTIPLY/low_product0/C[33] is connected to registers with an asynchronous reset. This is preventing the possibility of merging these registers in to the DSP Block since the DSP block registers only possess synchronous reset capability.  It is suggested to recode or change these registers to remove the reset or use a synchronous reset to get the best optimization for performance, power and area.
Related violations: <none>

DPIR-1#611 Warning
Asynchronous driver check  
DSP RECIPROCAL/SECOND_ITERATION/SECOND_MULTIPLY/low_product0 input pin RECIPROCAL/SECOND_ITERATION/SECOND_MULTIPLY/low_product0/C[34] is connected to registers with an asynchronous reset. This is preventing the possibility of merging these registers in to the DSP Block since the DSP block registers only possess synchronous reset capability.  It is suggested to recode or change these registers to remove the reset or use a synchronous reset to get the best optimization for performance, power and area.
Related violations: <none>

DPIR-1#612 Warning
Asynchronous driver check  
DSP RECIPROCAL/SECOND_ITERATION/SECOND_MULTIPLY/low_product0 input pin RECIPROCAL/SECOND_ITERATION/SECOND_MULTIPLY/low_product0/C[35] is connected to registers with an asynchronous reset. This is preventing the possibility of merging these registers in to the DSP Block since the DSP block registers only possess synchronous reset capability.  It is suggested to recode or change these registers to remove the reset or use a synchronous reset to get the best optimization for performance, power and area.
Related violations: <none>

DPIR-1#613 Warning
Asynchronous driver check  
DSP RECIPROCAL/SECOND_ITERATION/SECOND_MULTIPLY/low_product0 input pin RECIPROCAL/SECOND_ITERATION/SECOND_MULTIPLY/low_product0/C[36] is connected to registers with an asynchronous reset. This is preventing the possibility of merging these registers in to the DSP Block since the DSP block registers only possess synchronous reset capability.  It is suggested to recode or change these registers to remove the reset or use a synchronous reset to get the best optimization for performance, power and area.
Related violations: <none>

DPIR-1#614 Warning
Asynchronous driver check  
DSP RECIPROCAL/SECOND_ITERATION/SECOND_MULTIPLY/low_product0 input pin RECIPROCAL/SECOND_ITERATION/SECOND_MULTIPLY/low_product0/C[37] is connected to registers with an asynchronous reset. This is preventing the possibility of merging these registers in to the DSP Block since the DSP block registers only possess synchronous reset capability.  It is suggested to recode or change these registers to remove the reset or use a synchronous reset to get the best optimization for performance, power and area.
Related violations: <none>

DPIR-1#615 Warning
Asynchronous driver check  
DSP RECIPROCAL/SECOND_ITERATION/SECOND_MULTIPLY/low_product0 input pin RECIPROCAL/SECOND_ITERATION/SECOND_MULTIPLY/low_product0/C[38] is connected to registers with an asynchronous reset. This is preventing the possibility of merging these registers in to the DSP Block since the DSP block registers only possess synchronous reset capability.  It is suggested to recode or change these registers to remove the reset or use a synchronous reset to get the best optimization for performance, power and area.
Related violations: <none>

DPIR-1#616 Warning
Asynchronous driver check  
DSP RECIPROCAL/SECOND_ITERATION/SECOND_MULTIPLY/low_product0 input pin RECIPROCAL/SECOND_ITERATION/SECOND_MULTIPLY/low_product0/C[39] is connected to registers with an asynchronous reset. This is preventing the possibility of merging these registers in to the DSP Block since the DSP block registers only possess synchronous reset capability.  It is suggested to recode or change these registers to remove the reset or use a synchronous reset to get the best optimization for performance, power and area.
Related violations: <none>

DPIR-1#617 Warning
Asynchronous driver check  
DSP RECIPROCAL/SECOND_ITERATION/SECOND_MULTIPLY/low_product0 input pin RECIPROCAL/SECOND_ITERATION/SECOND_MULTIPLY/low_product0/C[40] is connected to registers with an asynchronous reset. This is preventing the possibility of merging these registers in to the DSP Block since the DSP block registers only possess synchronous reset capability.  It is suggested to recode or change these registers to remove the reset or use a synchronous reset to get the best optimization for performance, power and area.
Related violations: <none>


